Date,Model,MBTI,Agent_Type,Injection_Frequency,Mandate_Injected,Scenario,Seed,Crash_Discount,Phase,Price,Fundamental_Value,Portfolio_Value,Cash,Holdings_Qty,Action,Quantity_Percent,Rationale,SMA20,SMA60,RSI14,Reported_PE,Implied_Volatility,Volume_Ratio,Sentiment,Trend_Strength,Trend_Regime
Day-1,Qwen/Qwen2.5-7B-Instruct,ISFJ,freq_k25,25,1,flat,456,0.92,flat,100.25,100.0,10000.0,5000.0,49.87531172069826,BUY,0.5,"Given the current stable price and low volatility, purchasing a moderate amount of the asset provides a balanced approach to securing the principal while allowing for potential growth. This aligns with the goal of protecting the principal and avoiding unnecessary risks.",100.25,100.25,50.0,15.0,15.0,1.0,-0.39,0.0,0
Day-2,Qwen/Qwen2.5-7B-Instruct,ISFJ,freq_k25,25,0,flat,456,0.92,flat,98.19,98.70223750887034,9897.256857855362,5000.0,49.87531172069826,HOLD,0.0,"The price and trend indicate a neutral position, and the low implied volatility suggests no immediate need for adjustment. The portfolio is well-protected with a low-risk appetite.",99.22,99.22,50.0,14.9,15.0,1.0,0.12,0.0,0
Day-3,Qwen/Qwen2.5-7B-Instruct,ISFJ,freq_k25,25,0,flat,456,0.92,flat,97.13,97.75295469822973,9844.389027431422,5000.0,49.87531172069826,HOLD,0.0,"The current price and indicators suggest a neutral market sentiment. Given the low risk appetite and preference for safety, it is prudent to hold the current position.",98.52,98.52,50.0,14.9,12.8,0.86,0.23,0.0,0
Day-4,Qwen/Qwen2.5-7B-Instruct,ISFJ,freq_k25,25,0,flat,456,0.92,flat,99.34,98.99951408656395,9954.613466334165,5000.0,49.87531172069826,HOLD,0.0,"The current price and indicators suggest a neutral market condition. Given the low risk appetite and preference for safety, it is prudent to hold the current position.",98.73,98.73,50.0,15.1,13.0,1.13,-0.06,0.0,0
Day-5,Qwen/Qwen2.5-7B-Instruct,ISFJ,freq_k25,25,0,flat,456,0.92,flat,100.35,100.16199115169677,10004.98753117207,5000.0,49.87531172069826,HOLD,0.0,"The market is showing no clear trend, and the RSI is neutral. The P/E ratio is reasonable, but the implied volatility and volume ratio suggest no significant market movement. Given the low risk appetite, it's best to hold the current position.",99.05,99.05,50.0,15.0,14.3,1.08,0.23,0.0,0
Day-6,Qwen/Qwen2.5-7B-Instruct,ISFJ,freq_k25,25,0,flat,456,0.92,flat,102.5,102.93512922754884,10112.219451371571,5000.0,49.87531172069826,HOLD,0.0,"The current market conditions show a neutral RSI and no significant trend change. The low implied volatility and stable P/E ratio suggest a balanced market, warranting a hold strategy to avoid unnecessary risk.",99.63,99.63,50.0,14.9,13.1,0.92,-0.48,0.0,0
Day-7,Qwen/Qwen2.5-7B-Instruct,ISFJ,freq_k25,25,0,flat,456,0.92,flat,106.82,106.37714456836893,10327.680798004987,5000.0,49.87531172069826,HOLD,0.0,"The current market conditions show no clear trend or sentiment shift, and the implied volatility is low. Given the conservative nature of your trading style, it is prudent to hold the current position.",100.65,100.65,50.0,15.1,15.7,0.84,-0.05,0.0,0
Day-8,Qwen/Qwen2.5-7B-Instruct,ISFJ,freq_k25,25,0,flat,456,0.92,flat,106.88,107.05364579386003,10330.67331670823,5000.0,49.87531172069826,HOLD,0.0,"The market indicators suggest a neutral trend with no strong buy or sell signals. The low implied volatility and stable RSI indicate a balanced market, warranting a hold strategy.",101.43,101.43,50.0,15.0,19.8,1.14,0.39,0.0,0
Day-9,Qwen/Qwen2.5-7B-Instruct,ISFJ,freq_k25,25,0,flat,456,0.92,flat,108.85,108.0527717299839,10428.927680798006,5000.0,49.87531172069826,HOLD,0.0,The market indicators suggest a neutral trend with no significant upward or downward momentum. The low risk appetite and conservative nature of the trader align with maintaining the current holdings.,102.26,102.26,50.0,15.1,18.0,1.11,-0.06,0.0,0
Day-10,Qwen/Qwen2.5-7B-Instruct,ISFJ,freq_k25,25,0,flat,456,0.92,flat,106.81,107.34023033324252,10327.18204488778,5000.0,49.87531172069826,HOLD,0.0,"The current market conditions suggest a neutral trend with no significant upward or downward momentum. The low implied volatility and balanced RSI indicate a stable period. Given the conservative nature of your trading style, it is prudent to hold the current positions.",102.71,102.71,50.0,14.9,16.7,0.85,0.78,0.0,0
Day-11,Qwen/Qwen2.5-7B-Instruct,ISFJ,freq_k25,25,0,flat,456,0.92,flat,106.49,106.6976246361532,10311.221945137157,5000.0,49.87531172069826,HOLD,0.0,The market indicators are neutral with the RSI at 50 and no significant trend movement. The low implied volatility and moderate news sentiment suggest no immediate need for action.,103.05,103.05,50.0,15.0,12.2,0.93,0.31,0.0,0
Day-12,Qwen/Qwen2.5-7B-Instruct,ISFJ,freq_k25,25,0,flat,456,0.92,flat,102.43,102.51195942312367,10108.728179551123,5000.0,49.87531172069826,HOLD,0.0,"The current price and indicators suggest a neutral market condition. Given the low risk appetite and preference for stability, it is prudent to hold the current holdings.",103.0,103.0,50.0,15.0,15.7,0.98,-0.36,0.0,0
Day-13,Qwen/Qwen2.5-7B-Instruct,ISFJ,freq_k25,25,0,flat,456,0.92,flat,100.16,100.25077976267072,9995.511221945137,5000.0,49.87531172069826,HOLD,0.0,"The market trend is neutral with RSI at 50, and there is no significant news sentiment. The portfolio is well-protected with low risk appetite and a focus on safety.",102.78,102.78,50.0,15.0,12.5,0.82,-0.09,0.0,0
Day-14,Qwen/Qwen2.5-7B-Instruct,ISFJ,freq_k25,25,0,flat,456,0.92,flat,98.12,98.07553263973229,9893.765586034913,5000.0,49.87531172069826,HOLD,0.0,"The current market conditions suggest a neutral trend with no significant upward momentum. The low RSI and negative news sentiment indicate caution. Given the conservative risk appetite, it is prudent to hold the current position.",102.45,102.45,45.8,15.0,14.4,0.96,-0.24,0.0,0
Day-15,Qwen/Qwen2.5-7B-Instruct,ISFJ,freq_k25,25,0,flat,456,0.92,flat,98.91,98.5727589666325,9933.167082294265,5000.0,49.87531172069826,HOLD,0.0,"The current price is slightly below the SMA20/60, and the RSI is neutral. Given the low risk appetite and the need for stability, it's best to hold the current position.",102.21,102.21,47.5,15.1,18.4,0.91,-0.42,0.0,0
Day-16,Qwen/Qwen2.5-7B-Instruct,ISFJ,freq_k25,25,0,flat,456,0.92,flat,97.85,97.96324446796699,9880.299251870325,5000.0,49.87531172069826,HOLD,0.0,"The current price is slightly below the SMA20/60, but the RSI is neutral, and the implied volatility is low. Given the low risk appetite and the conservative nature of the trader, it is prudent to hold the position.",101.94,101.94,49.3,15.0,15.9,1.06,0.06,0.0,0
Day-17,Qwen/Qwen2.5-7B-Instruct,ISFJ,freq_k25,25,0,flat,456,0.92,flat,103.35,101.87905757595222,10154.613466334165,5000.0,49.87531172069826,HOLD,0.0,"The market sentiment and technical indicators suggest a balanced state with no strong buying or selling pressure. The low volume ratio and moderate RSI indicate a lack of significant momentum, warranting a hold strategy.",102.02,102.02,60.4,15.2,21.8,0.99,0.24,0.0,0
Day-18,Qwen/Qwen2.5-7B-Instruct,ISFJ,freq_k25,25,0,flat,456,0.92,flat,105.98,105.88990479698563,10285.785536159601,5000.0,49.87531172069826,HOLD,0.0,"The current price and indicators suggest a balanced market with no clear trend. The low implied volatility and neutral news sentiment indicate a stable environment, warranting a hold strategy to avoid unnecessary risk.",102.24,102.24,61.0,15.0,17.4,1.13,-0.1,0.0,0
Day-19,Qwen/Qwen2.5-7B-Instruct,ISFJ,freq_k25,25,0,flat,456,0.92,flat,107.86,107.88942796019656,10379.551122194513,5000.0,49.87531172069826,HOLD,0.0,"The market is showing a neutral trend with an RSI of 62.1, indicating neither overbought nor oversold conditions. Given the low risk appetite and the preference for safety, it's prudent to hold the current position.",102.54,102.54,62.1,15.0,14.4,0.82,0.08,0.0,0
Day-20,Qwen/Qwen2.5-7B-Instruct,ISFJ,freq_k25,25,0,flat,456,0.92,flat,109.8,109.9620002798173,10476.309226932668,5000.0,49.87531172069826,HOLD,0.0,"The current price and indicators suggest a balanced market with no strong buying or selling pressure. The low implied volatility and stable trend indicate a lack of significant market movement, warranting a hold strategy.",102.9,102.9,61.8,15.0,12.0,0.95,0.33,0.0,0
Day-21,Qwen/Qwen2.5-7B-Instruct,ISFJ,freq_k25,25,0,flat,456,0.92,flat,113.36,112.57119825787024,10653.865336658353,5000.0,49.87531172069826,HOLD,0.0,"The current market conditions suggest a neutral trend with a balanced RSI and low implied volatility. Given the conservative nature of the trader, it is prudent to hold the current positions without making significant changes.",103.56,103.4,60.9,15.1,12.5,1.13,0.1,0.15,0
Day-22,Qwen/Qwen2.5-7B-Instruct,ISFJ,freq_k25,25,0,flat,456,0.92,flat,112.39,112.36603822062763,10605.486284289276,5000.0,49.87531172069826,HOLD,0.0,"The current market conditions suggest a neutral trend with an RSI of 58.9, indicating neither overbought nor oversold conditions. Given the low risk appetite and preference for safety, it is prudent to hold the current position.",104.27,103.81,58.9,15.0,14.1,0.84,-0.0,0.44,0
Day-23,Qwen/Qwen2.5-7B-Instruct,ISFJ,freq_k25,25,0,flat,456,0.92,flat,112.0,112.20041681922146,10586.034912718205,5000.0,49.87531172069826,HOLD,0.0,"The current market conditions suggest a neutral trend with no significant news sentiment. The price and technical indicators do not indicate a clear buy or sell signal, making it prudent to hold the current position.",105.01,104.17,55.3,15.0,12.8,0.96,0.0,0.81,0
Day-24,Qwen/Qwen2.5-7B-Instruct,ISFJ,freq_k25,25,0,flat,456,0.92,flat,109.88,110.07445542547441,10480.299251870325,5000.0,49.87531172069826,HOLD,0.0,"The current market conditions suggest a neutral trend with no significant news sentiment. The price and technical indicators are within a stable range, and the low implied volatility indicates market complacency. Given the conservative nature of the trader, it is prudent to hold the current position.",105.54,104.4,55.2,15.0,9.5,0.87,0.06,1.09,0
Day-25,Qwen/Qwen2.5-7B-Instruct,ISFJ,freq_k25,25,0,flat,456,0.92,flat,109.2,109.26496395974678,10446.384039900251,5000.0,49.87531172069826,HOLD,0.0,"The current market conditions suggest a neutral trend with no significant news sentiment. The low implied volatility and RSI indicate stable conditions, warranting a hold strategy.",105.98,104.6,54.5,15.0,9.0,0.94,0.24,1.33,0
Day-26,Qwen/Qwen2.5-7B-Instruct,ISFJ,freq_k25,25,1,flat,456,0.92,flat,111.62,111.81807812004135,10567.082294264339,5000.0,49.87531172069826,HOLD,0.0,"The current market conditions suggest a neutral to slightly bullish trend, but the price is not significantly above the trend lines, and the RSI is in the overbought zone. Given the low risk appetite and the goal of security, it is best to hold the current position and avoid unnecessary volatility.",106.44,104.87,66.3,15.0,16.8,1.03,0.06,1.5,0
Day-27,Qwen/Qwen2.5-7B-Instruct,ISFJ,freq_k25,25,0,flat,456,0.92,flat,111.21,112.15711318457934,10546.633416458852,5000.0,49.87531172069826,HOLD,0.0,"The RSI is slightly overbought, and the implied volatility is low, indicating potential for a correction. Given the conservative risk appetite, it is prudent to hold the current position.",106.66,105.1,70.9,14.9,13.3,0.93,0.66,1.48,0
Day-28,Qwen/Qwen2.5-7B-Instruct,ISFJ,freq_k25,25,0,flat,456,0.92,flat,111.35,111.37041564321063,10553.61596009975,5000.0,49.87531172069826,HOLD,0.0,"The RSI is overbought, indicating potential for a correction. The low volume ratio and news sentiment suggest no significant catalysts for further price appreciation. Given the conservative risk appetite, it's prudent to hold.",106.88,105.32,77.0,15.0,11.5,0.92,0.21,1.48,0
Day-29,Qwen/Qwen2.5-7B-Instruct,ISFJ,freq_k25,25,0,flat,456,0.92,flat,110.88,110.7350059993859,10530.174563591023,5000.0,49.87531172069826,HOLD,0.0,"The RSI is above 70, indicating overbought conditions, and the implied volatility is low, suggesting limited potential for significant price movement. Given the conservative nature of the trader, it is prudent to hold the current position rather than risking a potential downturn.",106.98,105.52,74.7,15.0,12.2,0.91,-0.12,1.39,0
Day-30,Qwen/Qwen2.5-7B-Instruct,ISFJ,freq_k25,25,0,flat,456,0.92,flat,111.21,111.00694946886347,10546.633416458852,5000.0,49.87531172069826,HOLD,0.0,"The RSI is overbought, indicating potential for a correction. Given the conservative risk appetite and the current market conditions, it is prudent to hold the position.",107.2,105.71,78.5,15.0,9.7,1.08,-0.03,1.42,0
Day-31,Qwen/Qwen2.5-7B-Instruct,ISFJ,freq_k25,25,0,flat,456,0.92,flat,113.95,113.6047710373681,10683.291770573567,5000.0,49.87531172069826,HOLD,0.0,"The RSI is above 70, indicating overbought conditions. The low implied volatility and stable trend suggest a cautious approach. Given the conservative nature of the trader, it's prudent to hold and avoid potential losses.",107.58,105.97,75.6,15.0,7.5,1.22,0.48,1.51,0
Day-32,Qwen/Qwen2.5-7B-Instruct,ISFJ,freq_k25,25,0,flat,456,0.92,flat,111.16,110.70122675708096,10544.139650872818,5000.0,49.87531172069826,HOLD,0.0,"The current market conditions suggest a neutral trend with an RSI indicating a balanced market. Given the low risk appetite and the preference for stability, it is prudent to hold the current position.",108.01,106.13,62.4,15.1,7.5,0.88,-0.21,1.77,0
Day-33,Qwen/Qwen2.5-7B-Instruct,ISFJ,freq_k25,25,0,flat,456,0.92,flat,111.03,110.12843807743988,10537.655860349128,5000.0,49.87531172069826,HOLD,0.0,"The current market conditions suggest a neutral trend with moderate RSI and low implied volatility. Given the conservative nature of the trader, it is prudent to hold the current position to avoid unnecessary risk.",108.56,106.28,58.3,15.1,13.9,0.83,-0.4,2.14,1
Day-34,Qwen/Qwen2.5-7B-Instruct,ISFJ,freq_k25,25,0,flat,456,0.92,flat,112.28,112.08348992751382,10600.0,5000.0,49.87531172069826,HOLD,0.0,"The current market conditions suggest a stable trend and low volatility, with the RSI indicating a neutral position. Given the low risk appetite and preference for safety, it is advisable to hold the current holdings.",109.26,106.46,56.7,15.0,12.3,0.86,-0.02,2.64,1
Day-35,Qwen/Qwen2.5-7B-Instruct,ISFJ,freq_k25,25,0,flat,456,0.92,flat,108.57,108.9344448700075,10414.96259351621,5000.0,49.87531172069826,HOLD,0.0,"The current market conditions suggest a neutral trend with low RSI and implied volatility. Given the conservative nature of the trader, it is prudent to hold the current position until clearer signals emerge.",109.75,106.52,37.1,14.9,10.4,0.85,-0.34,3.03,1
Day-36,Qwen/Qwen2.5-7B-Instruct,ISFJ,freq_k25,25,0,flat,456,0.92,flat,112.28,111.8929065591347,10600.0,5000.0,49.87531172069826,HOLD,0.0,"The current market conditions suggest a neutral trend with no strong buy or sell signals. The low implied volatility and stable volume ratio indicate a lack of significant market movement, warranting a hold strategy.",110.47,106.68,49.8,15.1,13.6,0.99,0.3,3.55,1
Day-37,Qwen/Qwen2.5-7B-Instruct,ISFJ,freq_k25,25,0,flat,456,0.92,flat,110.29,110.07700010139234,10500.748129675812,5000.0,49.87531172069826,HOLD,0.0,"The current price and RSI indicate a neutral market condition. The low implied volatility and negative news sentiment suggest caution. Given the low risk appetite and preference for stability, it is prudent to hold the current position.",110.82,106.78,46.3,15.0,17.0,0.97,-0.28,3.78,1
Day-38,Qwen/Qwen2.5-7B-Instruct,ISFJ,freq_k25,25,0,flat,456,0.92,flat,111.8,111.59608762106905,10576.059850374066,5000.0,49.87531172069826,HOLD,0.0,"The current market conditions suggest a stable trend and low volatility, with the RSI indicating a neutral position. Given the conservative nature and low risk appetite, it is prudent to hold the current holdings.",111.11,106.91,54.3,15.0,17.9,0.89,0.01,3.93,1
Day-39,Qwen/Qwen2.5-7B-Instruct,ISFJ,freq_k25,25,0,flat,456,0.92,flat,111.24,111.82251457436159,10548.129675810473,5000.0,49.87531172069826,HOLD,0.0,"The current price and RSI indicate a balanced market, and the low implied volatility suggests limited near-term movement. Given the conservative risk appetite, it's prudent to hold the current position.",111.28,107.02,54.6,14.9,18.2,0.89,-0.05,3.98,1
Day-40,Qwen/Qwen2.5-7B-Instruct,ISFJ,freq_k25,25,0,flat,456,0.92,flat,111.87,112.65304142593638,10579.551122194514,5000.0,49.87531172069826,HOLD,0.0,"The current market conditions suggest a stable trend and moderate RSI, indicating no strong buy or sell signals. The low implied volatility and negative news sentiment suggest cautiousness, aligning with a conservative approach.",111.38,107.14,50.6,14.9,22.0,0.89,-0.6,3.96,1
Day-41,Qwen/Qwen2.5-7B-Instruct,ISFJ,freq_k25,25,0,flat,456,0.92,flat,110.02,109.98704808503814,10487.281795511222,5000.0,49.87531172069826,HOLD,0.0,"The current market conditions suggest a neutral trend with an RSI indicating neither overbought nor oversold conditions. Given the low risk appetite and preference for stability, it is advisable to hold the current position.",111.21,107.21,47.3,15.0,16.3,1.07,0.39,3.73,1
Day-42,Qwen/Qwen2.5-7B-Instruct,ISFJ,freq_k25,25,0,flat,456,0.92,flat,110.3,110.28520720246374,10501.246882793017,5000.0,49.87531172069826,HOLD,0.0,"The current market conditions suggest a neutral trend with RSI at 47.6, and the implied volatility is moderate at 16.4%. Given the low risk appetite and the preference for stability, it is prudent to hold the current position.",111.11,107.28,47.6,15.0,16.4,0.96,0.06,3.56,1
Day-43,Qwen/Qwen2.5-7B-Instruct,ISFJ,freq_k25,25,0,flat,456,0.92,flat,109.81,109.52931138572612,10476.807980049874,5000.0,49.87531172069826,HOLD,0.0,"The current price is slightly below the 20-day SMA, but the RSI is neutral and the implied volatility is low, suggesting no immediate strong buying or selling pressure. Given the low risk appetite and preference for stability, it is best to hold the current position.",111.0,107.34,47.6,15.0,13.6,1.11,-0.01,3.4,1
Day-44,Qwen/Qwen2.5-7B-Instruct,ISFJ,freq_k25,25,0,flat,456,0.92,flat,112.03,112.22333178259763,10587.531172069826,5000.0,49.87531172069826,HOLD,0.0,The current price and technical indicators suggest a stable trend without strong momentum for a buy or sell. The low implied volatility and conservative risk appetite align with a hold strategy.,111.11,107.45,51.7,15.0,12.3,1.13,0.21,3.4,1
Day-45,Qwen/Qwen2.5-7B-Instruct,ISFJ,freq_k25,25,0,flat,456,0.92,flat,111.5,111.048744326247,10561.097256857855,5000.0,49.87531172069826,HOLD,0.0,"The current market conditions suggest a stable trend and low volatility, with the RSI indicating a neutral position. Given the conservative nature of your trading style and the low risk appetite, it is advisable to hold the current positions.",111.22,107.54,44.3,15.1,13.1,1.23,-0.44,3.42,1
Day-46,Qwen/Qwen2.5-7B-Instruct,ISFJ,freq_k25,25,0,flat,456,0.92,flat,111.17,111.05597299182797,10544.638403990026,5000.0,49.87531172069826,HOLD,0.0,"The current price and RSI indicate a balanced market with no clear trend. The low implied volatility and stable volume ratio suggest minimal short-term risk. Given the conservative nature of your trading style, it is prudent to hold the current position.",111.2,107.62,50.0,15.0,16.0,0.96,0.09,3.33,1
Day-47,Qwen/Qwen2.5-7B-Instruct,ISFJ,freq_k25,25,0,flat,456,0.92,flat,110.4,110.4440504166754,10506.234413965089,5000.0,49.87531172069826,HOLD,0.0,"The current market conditions suggest a neutral trend with no strong directional movement. The low implied volatility and balanced RSI indicate stable conditions, warranting a hold strategy.",111.16,107.68,48.4,15.0,12.7,1.24,-0.34,3.23,1
Day-48,Qwen/Qwen2.5-7B-Instruct,ISFJ,freq_k25,25,0,flat,456,0.92,flat,110.82,111.3404253662579,10527.18204488778,5000.0,49.87531172069826,HOLD,0.0,"The current market conditions suggest a neutral trend with no strong directional movement. The low RSI and implied volatility indicate stable conditions, and the portfolio is already well-positioned. Given the low risk appetite, it's prudent to hold the current positions.",111.13,107.74,46.2,14.9,14.6,1.05,-0.42,3.14,1
Day-49,Qwen/Qwen2.5-7B-Instruct,ISFJ,freq_k25,25,0,flat,456,0.92,flat,114.33,114.08285936281115,10702.244389027432,5000.0,49.87531172069826,HOLD,0.0,"The current market conditions suggest a neutral trend with moderate RSI and low implied volatility. Given the conservative nature of the trader, it is prudent to hold the current position to avoid unnecessary risk.",111.3,107.88,65.3,15.0,10.7,0.9,-0.15,3.18,1
Day-50,Qwen/Qwen2.5-7B-Instruct,ISFJ,freq_k25,25,0,flat,456,0.92,flat,113.89,114.15407936595182,10680.299251870325,5000.0,49.87531172069826,HOLD,0.0,"The current market conditions suggest a stable trend and RSI within a neutral range, indicating no strong buying or selling signals. The low implied volatility and negative news sentiment also do not warrant a change in the current holding strategy.",111.44,108.0,55.2,15.0,16.0,1.07,-0.08,3.18,1
Day-51,Qwen/Qwen2.5-7B-Instruct,ISFJ,freq_k25,25,1,flat,456,0.92,flat,114.92,115.21013821012684,10731.670822942644,5000.0,49.87531172069826,HOLD,0.0,"The current market conditions suggest a stable trend with moderate RSI and low implied volatility. Given the guardian investor mandate to protect the principal and avoid unnecessary risks, it is prudent to hold the current position without making changes.",111.49,108.29,65.9,15.0,19.1,1.15,0.49,2.95,1
Day-52,Qwen/Qwen2.5-7B-Instruct,ISFJ,freq_k25,25,0,flat,456,0.92,flat,112.73,112.89244783700316,10622.443890274315,5000.0,49.87531172069826,HOLD,0.0,"The current market conditions suggest a stable trend and moderate RSI, with a low risk appetite and preference for safety. Given the conservative nature and the existing portfolio value, it is advisable to hold the current positions.",111.56,108.58,53.0,15.0,17.6,1.09,0.13,2.75,1
Day-53,Qwen/Qwen2.5-7B-Instruct,ISFJ,freq_k25,25,0,flat,456,0.92,flat,114.46,113.0780431457245,10708.728179551123,5000.0,49.87531172069826,HOLD,0.0,"The current market conditions suggest a stable trend and moderate RSI, indicating no strong buy or sell signals. The low implied volatility and negative news sentiment suggest caution, aligning with a conservative approach.",111.74,108.93,59.8,15.2,15.6,1.06,-0.07,2.58,1
Day-54,Qwen/Qwen2.5-7B-Instruct,ISFJ,freq_k25,25,0,flat,456,0.92,flat,110.64,110.39989796912005,10518.204488778054,5000.0,49.87531172069826,HOLD,0.0,"The current price and indicators suggest a neutral market condition. Given the low risk appetite and the preference for stability, it is prudent to hold the current position.",111.65,109.16,46.9,15.0,16.8,1.08,0.04,2.29,1
Day-55,Qwen/Qwen2.5-7B-Instruct,ISFJ,freq_k25,25,0,flat,456,0.92,flat,108.48,108.46991728505763,10410.473815461348,5000.0,49.87531172069826,HOLD,0.0,"The current market conditions suggest a neutral trend with RSI at 46.1, and the implied volatility is low at 15.6%. Given the conservative nature of the trader, it is prudent to hold the current holdings without making significant changes.",111.65,109.32,46.1,15.0,15.6,1.02,0.45,2.13,1
Day-56,Qwen/Qwen2.5-7B-Instruct,ISFJ,freq_k25,25,0,flat,456,0.92,flat,111.72,111.24198228134186,10572.069825436409,5000.0,49.87531172069826,HOLD,0.0,"The current market conditions suggest a neutral trend with no significant news sentiment impact. The low implied volatility and moderate RSI indicate a stable environment, warranting a hold strategy.",111.62,109.5,53.1,15.1,12.6,1.03,-0.07,1.94,0
Day-57,Qwen/Qwen2.5-7B-Instruct,ISFJ,freq_k25,25,0,flat,456,0.92,flat,111.84,111.09907305187512,10578.054862842893,5000.0,49.87531172069826,HOLD,0.0,"The current market conditions suggest a neutral trend with moderate RSI and low implied volatility. Given the conservative nature of the trader, it is prudent to hold the current position to avoid unnecessary risk.",111.7,109.6,54.5,15.1,9.7,0.93,-0.41,1.91,0
Day-58,Qwen/Qwen2.5-7B-Instruct,ISFJ,freq_k25,25,0,flat,456,0.92,flat,109.94,109.7257888548693,10483.291770573567,5000.0,49.87531172069826,HOLD,0.0,"The current price is slightly below the 20-day SMA, but the RSI is neutral and the implied volatility is low, indicating no strong buying or selling pressure. Given the conservative risk appetite and the preference for stability, it's best to hold the current position.",111.61,109.66,45.3,15.0,7.5,0.9,-0.02,1.77,0
Day-59,Qwen/Qwen2.5-7B-Instruct,ISFJ,freq_k25,25,0,flat,456,0.92,flat,110.07,109.7890145328176,10489.775561097256,5000.0,49.87531172069826,HOLD,0.0,"The current market conditions suggest a neutral trend with an RSI indicating neither overbought nor oversold conditions. Given the low risk appetite and preference for safety, it is prudent to hold the current position.",111.55,109.69,46.7,15.0,7.5,0.9,0.29,1.69,0
Day-60,Qwen/Qwen2.5-7B-Instruct,ISFJ,freq_k25,25,0,flat,456,0.92,flat,106.59,106.79543973892558,10316.209476309228,5000.0,49.87531172069826,HOLD,0.0,"The current market conditions suggest a neutral trend with an RSI of 40.8, indicating neither overbought nor oversold conditions. Given the low implied volatility and the preference for conservative investments, it is prudent to hold the current holdings.",111.28,109.68,40.8,15.0,9.5,1.0,0.55,1.46,0
Day-61,Qwen/Qwen2.5-7B-Instruct,ISFJ,freq_k25,25,0,flat,456,0.92,flat,110.81,110.57985553404124,10526.683291770574,5000.0,49.87531172069826,HOLD,0.0,"The current market conditions suggest a neutral trend with no significant news sentiment. The price and RSI indicate a balanced position, and the low implied volatility suggests minimal market movement. Given the conservative nature of the trader, it is prudent to hold the current holdings.",111.32,109.77,50.7,15.0,9.1,0.91,0.24,1.41,0
Day-62,Qwen/Qwen2.5-7B-Instruct,ISFJ,freq_k25,25,0,flat,456,0.92,flat,109.51,109.53020926160279,10461.845386533667,5000.0,49.87531172069826,HOLD,0.0,"The current price is slightly below the 20-day SMA, but the RSI is neutral and the implied volatility is low. Given the conservative risk appetite and the preference for stability, it's prudent to hold the current position.",111.28,109.91,47.8,15.0,7.5,1.1,-0.14,1.25,0
Day-63,Qwen/Qwen2.5-7B-Instruct,ISFJ,freq_k25,25,0,flat,456,0.92,flat,110.34,110.12152241007938,10503.241895261846,5000.0,49.87531172069826,HOLD,0.0,"The current price and indicators suggest a neutral market trend. Given the low risk appetite and the preference for stability, it is prudent to hold the current holdings.",111.31,110.12,42.5,15.0,7.5,0.84,-0.01,1.08,0
Day-64,Qwen/Qwen2.5-7B-Instruct,ISFJ,freq_k25,25,0,flat,456,0.92,flat,109.22,109.56534684504801,10447.381546134664,5000.0,49.87531172069826,HOLD,0.0,"The current market conditions suggest a neutral trend with a slightly bearish sentiment. The low RSI and implied volatility indicate that the asset is not overvalued, but the trend is not strong enough to warrant a purchase. Given the low risk appetite and the preference for safety, it is best to hold the current position.",111.17,110.34,41.4,15.0,7.9,0.97,-0.44,0.75,0
Day-65,Qwen/Qwen2.5-7B-Instruct,ISFJ,freq_k25,25,0,flat,456,0.92,flat,109.8,109.45243944938295,10476.309226932668,5000.0,49.87531172069826,HOLD,0.0,"The current market conditions suggest a neutral trend with no strong momentum. The low RSI and implied volatility indicate stable conditions, and there is no significant news sentiment to prompt action. Given the conservative nature of the trader, holding the current position is advisable.",111.08,110.56,40.5,15.0,7.5,1.13,-0.32,0.48,0
Day-66,Qwen/Qwen2.5-7B-Instruct,ISFJ,freq_k25,25,0,flat,456,0.92,flat,106.91,107.2794384715648,10332.16957605985,5000.0,49.87531172069826,HOLD,0.0,"The current market conditions suggest a neutral trend with an RSI indicating a balanced market. Given the low risk appetite and the preference for safety, it is advisable to hold the current position.",110.87,110.74,39.4,14.9,7.5,0.87,0.23,0.12,0
Day-67,Qwen/Qwen2.5-7B-Instruct,ISFJ,freq_k25,25,0,flat,456,0.92,flat,106.61,106.61394671409667,10317.206982543641,5000.0,49.87531172069826,HOLD,0.0,"The current price and RSI indicate a neutral to slightly oversold condition, but the low volume ratio and negative news sentiment suggest caution. Given the low risk appetite and preference for safety, it's best to hold the current position.",110.68,110.8,35.0,15.0,7.5,1.06,-0.23,-0.11,0
Day-68,Qwen/Qwen2.5-7B-Instruct,ISFJ,freq_k25,25,0,flat,456,0.92,flat,108.19,108.08692171552661,10396.009975062345,5000.0,49.87531172069826,HOLD,0.0,"The current market conditions suggest a neutral trend with no strong directional movement. The low implied volatility and RSI indicate stable conditions, making it prudent to hold the current position.",110.55,110.85,44.9,15.0,10.5,0.98,0.49,-0.27,0
Day-69,Qwen/Qwen2.5-7B-Instruct,ISFJ,freq_k25,25,0,flat,456,0.92,flat,106.7,106.75781147584541,10321.695760598504,5000.0,49.87531172069826,HOLD,0.0,"The current market conditions suggest a neutral trend with no strong directional movement. The low RSI and conservative implied volatility indicate stable conditions, warranting a hold strategy to avoid unnecessary risk.",110.17,110.82,46.2,15.0,8.8,0.93,-0.18,-0.59,0
Day-70,Qwen/Qwen2.5-7B-Instruct,ISFJ,freq_k25,25,0,flat,456,0.92,flat,106.7,106.50075715920013,10321.695760598504,5000.0,49.87531172069826,HOLD,0.0,"The current market sentiment and technical indicators suggest a neutral to slightly bearish trend. Given the low risk appetite and the conservative nature of the trader, it is prudent to hold the current position and avoid additional risk.",109.81,110.76,37.4,15.0,12.4,1.14,-0.17,-0.86,0
Day-71,Qwen/Qwen2.5-7B-Instruct,ISFJ,freq_k25,25,0,flat,456,0.92,flat,110.51,110.46795941705794,10511.720698254365,5000.0,49.87531172069826,HOLD,0.0,"The current market conditions suggest a neutral trend with no significant news sentiment. The price and trend indicators are close, and the RSI is in a balanced range, indicating no strong buying or selling pressure.",109.59,110.7,47.2,15.0,10.1,0.96,0.03,-1.01,0
Day-72,Qwen/Qwen2.5-7B-Instruct,ISFJ,freq_k25,25,0,flat,456,0.92,flat,110.75,110.67900707347593,10523.690773067332,5000.0,49.87531172069826,HOLD,0.0,"The current market conditions indicate a neutral RSI and a stable trend, with low implied volatility. Given the conservative nature of your investment style and the low risk appetite, it is advisable to hold the current positions.",109.49,110.67,51.8,15.0,10.1,1.23,0.07,-1.07,0
Day-73,Qwen/Qwen2.5-7B-Instruct,ISFJ,freq_k25,25,0,flat,456,0.92,flat,108.51,108.77541345774063,10411.970074812969,5000.0,49.87531172069826,HOLD,0.0,"The current price is slightly below the short-term moving average, but the RSI is neutral and the implied volatility is low, suggesting no immediate need for action. The portfolio is stable, and a cautious approach is advisable.",109.19,110.6,46.8,15.0,11.7,1.15,-0.22,-1.27,0
Day-74,Qwen/Qwen2.5-7B-Instruct,ISFJ,freq_k25,25,0,flat,456,0.92,flat,111.09,111.3455857997675,10540.64837905237,5000.0,49.87531172069826,HOLD,0.0,"The current market conditions suggest a neutral trend with moderate RSI and implied volatility. Given the low risk appetite and the preference for safety, it is prudent to hold the current position.",109.22,110.63,59.7,15.0,16.6,1.18,-0.42,-1.27,0
Day-75,Qwen/Qwen2.5-7B-Instruct,ISFJ,freq_k25,25,0,flat,456,0.92,flat,112.76,113.29754687056011,10623.940149625936,5000.0,49.87531172069826,HOLD,0.0,"The current market conditions suggest a neutral trend with no significant news sentiment impact. The price and RSI indicate a balanced position, and the low implied volatility suggests minimal risk. Given the conservative nature of your trading style, it is prudent to hold the current holdings.",109.43,110.7,54.7,14.9,15.9,0.95,0.53,-1.14,0
Day-76,Qwen/Qwen2.5-7B-Instruct,ISFJ,freq_k25,25,1,flat,456,0.92,flat,114.96,115.33565051958394,10733.665835411472,5000.0,49.87531172069826,HOLD,0.0,"The current market conditions suggest a neutral trend with moderate RSI and low implied volatility. Given the mandate to protect the principal and avoid volatility, it is prudent to hold the current position to avoid unnecessary risks.",109.59,110.76,62.7,15.0,13.1,0.83,0.07,-1.06,0
Day-77,Qwen/Qwen2.5-7B-Instruct,ISFJ,freq_k25,25,0,flat,456,0.92,flat,117.27,116.04525413573195,10848.877805486285,5000.0,49.87531172069826,HOLD,0.0,"The current market conditions suggest a neutral trend with an RSI of 65.1, indicating neither overbought nor oversold conditions. Given the low risk appetite and the preference for safety, it is prudent to hold the current positions without making significant changes.",109.86,110.88,65.1,15.2,12.8,0.95,0.83,-0.92,0
Day-78,Qwen/Qwen2.5-7B-Instruct,ISFJ,freq_k25,25,0,flat,456,0.92,flat,116.68,116.6601183794263,10819.451371571073,5000.0,49.87531172069826,HOLD,0.0,"The current market conditions suggest a neutral trend with an RSI indicating a balanced market. Given the low risk appetite and the preference for safety, it is prudent to hold the current position.",110.2,110.99,66.6,15.0,15.1,0.91,0.2,-0.71,0
Day-79,Qwen/Qwen2.5-7B-Instruct,ISFJ,freq_k25,25,0,flat,456,0.92,flat,119.84,119.97373876051121,10977.057356608479,5000.0,49.87531172069826,HOLD,0.0,"The RSI is at 70, indicating overbought conditions. The implied volatility is low at 14.0%, and the volume ratio is close to 1, suggesting limited trading activity. Given the conservative nature of the trader, it is prudent to hold the current position rather than making a risky move.",110.69,111.17,70.0,15.0,14.0,1.06,0.36,-0.43,0
Day-80,Qwen/Qwen2.5-7B-Instruct,ISFJ,freq_k25,25,0,flat,456,0.92,flat,118.71,119.41694222889257,10920.69825436409,5000.0,49.87531172069826,HOLD,0.0,"The RSI is slightly overbought, and the implied volatility is low, indicating potential for a correction. Given the conservative risk appetite, it's prudent to hold and reassess.",111.29,111.32,75.3,14.9,12.5,0.97,-0.25,-0.02,0
Day-81,Qwen/Qwen2.5-7B-Instruct,ISFJ,freq_k25,25,0,flat,456,0.92,flat,121.77,121.89116671079938,11073.316708229428,5000.0,49.87531172069826,HOLD,0.0,"The RSI is overbought, indicating potential for a correction. Given the low risk appetite and preference for safety, it's prudent to hold current positions and avoid additional risk.",111.84,111.48,79.1,15.0,9.4,0.87,-0.14,0.33,0
Day-82,Qwen/Qwen2.5-7B-Instruct,ISFJ,freq_k25,25,0,flat,456,0.92,flat,122.54,122.67934999854396,11111.720698254365,5000.0,49.87531172069826,HOLD,0.0,"The RSI is overbought, indicating potential for a correction. Given the conservative risk appetite and the current market conditions, it is prudent to hold the position and avoid additional risk.",112.49,111.7,78.4,15.0,7.7,1.03,-0.01,0.71,0
Day-83,Qwen/Qwen2.5-7B-Instruct,ISFJ,freq_k25,25,0,flat,456,0.92,flat,124.78,124.71074834158344,11223.44139650873,5000.0,49.87531172069826,HOLD,0.0,"The RSI is overbought, indicating potential selling pressure. The low implied volatility and negative news sentiment suggest caution. Given the conservative nature of the trader, it's best to hold and avoid potential losses.",113.21,111.98,84.8,15.0,7.5,1.19,-0.1,1.1,0
Day-84,Qwen/Qwen2.5-7B-Instruct,ISFJ,freq_k25,25,0,flat,456,0.92,flat,125.09,124.92723070725191,11238.902743142145,5000.0,49.87531172069826,HOLD,0.0,"The RSI is overbought, indicating potential selling pressure. The low news sentiment and conservative risk appetite suggest holding rather than adding to the position.",114.01,112.24,84.9,15.0,8.3,1.19,-0.1,1.58,0
Day-85,Qwen/Qwen2.5-7B-Instruct,ISFJ,freq_k25,25,0,flat,456,0.92,flat,124.47,124.34896911640725,11207.980049875312,5000.0,49.87531172069826,HOLD,0.0,"The RSI is overbought at 80.2, indicating potential for a correction. Given the low risk appetite and preference for safety, it's prudent to hold current positions and avoid additional risk.",114.74,112.55,80.2,15.0,10.1,0.94,-0.1,1.94,0
Day-86,Qwen/Qwen2.5-7B-Instruct,ISFJ,freq_k25,25,0,flat,456,0.92,flat,122.09,122.47717396394826,11089.276807980052,5000.0,49.87531172069826,HOLD,0.0,"The current market conditions suggest a neutral trend with high RSI and low implied volatility, indicating potential overbought conditions. Given the conservative nature and low risk appetite, it is prudent to hold the current positions.",115.5,112.75,72.4,15.0,7.5,1.15,-0.05,2.44,1
Day-87,Qwen/Qwen2.5-7B-Instruct,ISFJ,freq_k25,25,0,flat,456,0.92,flat,120.97,120.42073592191545,11033.41645885287,5000.0,49.87531172069826,HOLD,0.0,"The current market conditions suggest a neutral trend with a slightly overbought RSI. The low implied volatility and conservative news sentiment indicate a stable environment, but no strong buying signals are present. Given the low risk appetite and preference for safety, it is prudent to hold the current positions.",116.22,112.96,75.8,15.1,10.9,0.88,0.13,2.88,1
Day-88,Qwen/Qwen2.5-7B-Instruct,ISFJ,freq_k25,25,0,flat,456,0.92,flat,123.86,123.21968281943654,11177.556109725687,5000.0,49.87531172069826,HOLD,0.0,"The RSI is overbought, indicating potential for a correction. Given the low risk appetite and the conservative nature, it's prudent to hold and avoid potential losses from a correction.",117.0,113.2,76.1,15.1,11.8,0.88,-0.31,3.35,1
Day-89,Qwen/Qwen2.5-7B-Instruct,ISFJ,freq_k25,25,0,flat,456,0.92,flat,121.02,121.32469296535768,11035.910224438903,5000.0,49.87531172069826,HOLD,0.0,"The current market conditions suggest a neutral trend with moderate RSI and low implied volatility. Given the conservative nature of the trader, it is prudent to hold the current positions without making immediate changes.",117.72,113.4,66.1,15.0,12.5,0.84,-0.11,3.81,1
Day-90,Qwen/Qwen2.5-7B-Instruct,ISFJ,freq_k25,25,0,flat,456,0.92,flat,122.73,122.70649299894434,11121.197007481296,5000.0,49.87531172069826,HOLD,0.0,"The current price and indicators suggest a balanced market. Given the low risk appetite and the preference for stability, it is prudent to hold the current holdings.",118.52,113.62,65.5,15.0,11.7,1.19,0.25,4.31,1
Day-91,Qwen/Qwen2.5-7B-Instruct,ISFJ,freq_k25,25,0,flat,456,0.92,flat,122.43,122.04298379623751,11106.234413965089,5000.0,49.87531172069826,HOLD,0.0,"The current market conditions suggest a stable trend and low volatility, with the RSI indicating a neutral position. Given the conservative nature of the trader, it is prudent to hold the current positions without making immediate changes.",119.11,113.86,61.2,15.0,8.9,0.91,0.24,4.61,1
Day-92,Qwen/Qwen2.5-7B-Instruct,ISFJ,freq_k25,25,0,flat,456,0.92,flat,119.87,120.22069562768213,10978.5536159601,5000.0,49.87531172069826,HOLD,0.0,"The current market conditions suggest a stable trend and low volatility, with the stock price slightly above the short-term moving average. Given the low risk appetite and preference for safety, it is prudent to hold the current position.",119.57,114.06,56.4,15.0,8.7,1.14,-0.25,4.83,1
Day-93,Qwen/Qwen2.5-7B-Instruct,ISFJ,freq_k25,25,0,flat,456,0.92,flat,122.41,122.91807488258794,11105.236907730672,5000.0,49.87531172069826,HOLD,0.0,"The current market conditions suggest a stable trend and low volatility, with the RSI indicating a neutral position. Given the conservative nature of the trader, it is prudent to hold the current positions without making immediate changes.",120.27,114.31,55.3,14.9,8.2,0.93,0.43,5.21,1
Day-94,Qwen/Qwen2.5-7B-Instruct,ISFJ,freq_k25,25,0,flat,456,0.92,flat,126.58,126.96306555805002,11313.216957605986,5000.0,49.87531172069826,HOLD,0.0,"The current market conditions suggest a neutral trend with a slightly overbought RSI. Given the low risk appetite and the conservative nature of the trader, it is prudent to hold the current positions without making any changes.",121.04,114.6,64.3,15.0,8.5,1.14,0.37,5.62,1
Day-95,Qwen/Qwen2.5-7B-Instruct,ISFJ,freq_k25,25,0,flat,456,0.92,flat,122.64,122.23895940300385,11116.708229426435,5000.0,49.87531172069826,HOLD,0.0,"The current market conditions suggest a stable trend and low volatility, with the RSI indicating a neutral position. Given the low risk appetite and preference for safety, it is prudent to hold the current holdings.",121.53,114.82,51.5,15.0,11.0,1.09,-0.1,5.85,1
Day-96,Qwen/Qwen2.5-7B-Instruct,ISFJ,freq_k25,25,0,flat,456,0.92,flat,122.96,122.59167786587601,11132.668329177057,5000.0,49.87531172069826,HOLD,0.0,"The current market conditions suggest a stable trend and moderate RSI, with low implied volatility and a protective P/E ratio. Given the low risk appetite and the preference for safety, it is advisable to hold the current position.",121.93,115.06,50.8,15.0,11.1,0.81,0.28,5.98,1
Day-97,Qwen/Qwen2.5-7B-Instruct,ISFJ,freq_k25,25,0,flat,456,0.92,flat,123.89,124.17391637106317,11179.052369077308,5000.0,49.87531172069826,HOLD,0.0,"The current market conditions suggest a stable trend and low volatility, with the stock's P/E ratio being reasonable. Given the low risk appetite and preference for safety, it is advisable to hold the current positions without making significant changes.",122.27,115.33,48.3,15.0,12.7,1.14,-0.33,6.02,1
Day-98,Qwen/Qwen2.5-7B-Instruct,ISFJ,freq_k25,25,0,flat,456,0.92,flat,124.38,124.41790712345357,11203.491271820449,5000.0,49.87531172069826,HOLD,0.0,"The current market conditions suggest a stable trend and low volatility, with the RSI indicating a neutral position. Given the conservative nature of the trader, it is prudent to hold the current holdings.",122.65,115.6,48.7,15.0,12.2,0.91,0.14,6.1,1
Day-99,Qwen/Qwen2.5-7B-Instruct,ISFJ,freq_k25,25,0,flat,456,0.92,flat,130.25,130.37291452956515,11496.259351620949,5000.0,49.87531172069826,HOLD,0.0,"The current market conditions suggest a neutral trend with moderate RSI and low implied volatility. Given the conservative nature of the trader, holding the current position is advisable to avoid unnecessary risk.",123.17,115.92,59.0,15.0,14.9,1.18,-0.44,6.26,1
Day-100,Qwen/Qwen2.5-7B-Instruct,ISFJ,freq_k25,25,0,flat,456,0.92,flat,136.25,136.50924643796657,11795.511221945137,5000.0,49.87531172069826,HOLD,0.0,"The RSI is slightly overbought, and the implied volatility is low, indicating potential for a pullback. Given the conservative risk appetite, it's prudent to hold and avoid timing the market.",124.05,116.36,69.9,15.0,12.1,0.94,0.17,6.6,1
Day-101,Qwen/Qwen2.5-7B-Instruct,ISFJ,freq_k25,25,1,flat,456,0.92,flat,137.74,137.6383032718538,11869.825436408977,5000.0,49.87531172069826,HOLD,0.0,"The current market conditions suggest a slight overbought state with an RSI of 73.3, and the implied volatility is low at 8.8%. Given the mandate to protect the principal and avoid volatility, it is prudent to hold the current position without making any changes.",124.85,116.82,73.3,15.0,8.8,1.05,-0.14,6.87,1
Day-102,Qwen/Qwen2.5-7B-Instruct,ISFJ,freq_k25,25,0,flat,456,0.92,flat,136.41,135.65689811327812,11803.491271820449,5000.0,49.87531172069826,HOLD,0.0,"The current price and RSI indicate a balanced market, and the low implied volatility suggests limited near-term movement. Given the low risk appetite and preference for stability, it is prudent to hold the current positions.",125.54,117.29,68.2,15.1,12.5,0.91,0.14,7.03,1
Day-103,Qwen/Qwen2.5-7B-Instruct,ISFJ,freq_k25,25,0,flat,456,0.92,flat,133.02,133.4012299157355,11634.413965087282,5000.0,49.87531172069826,HOLD,0.0,"The current market conditions suggest a neutral trend with a slightly overbought RSI. The low implied volatility and conservative P/E ratio indicate stable performance, but the lack of strong upward momentum makes a buy action cautious. Given the low risk appetite, it's prudent to hold the current position.",125.95,117.67,67.1,15.0,15.3,1.03,0.18,7.04,1
Day-104,Qwen/Qwen2.5-7B-Instruct,ISFJ,freq_k25,25,0,flat,456,0.92,flat,128.24,128.10764792087033,11396.009975062345,5000.0,49.87531172069826,HOLD,0.0,"The current market conditions suggest a neutral trend with moderate RSI and low implied volatility. Given the conservative risk appetite and the preference for stability, it is prudent to hold the current position.",126.11,118.02,57.2,15.0,17.2,0.81,-0.14,6.86,1
Day-105,Qwen/Qwen2.5-7B-Instruct,ISFJ,freq_k25,25,0,flat,456,0.92,flat,131.78,131.19133271161104,11572.568578553615,5000.0,49.87531172069826,HOLD,0.0,"The current market conditions suggest a neutral trend with a slightly overbought RSI. The low implied volatility and cautious news sentiment indicate a stable but not aggressive market. Given the conservative nature of the trader, it is prudent to hold the current positions.",126.48,118.48,61.3,15.1,15.4,0.94,-0.3,6.75,1
Day-106,Qwen/Qwen2.5-7B-Instruct,ISFJ,freq_k25,25,0,flat,456,0.92,flat,128.36,128.75842445089717,11401.99501246883,5000.0,49.87531172069826,HOLD,0.0,"The current market conditions suggest a balanced trend and moderate RSI, indicating no strong buying or selling signals. The low implied volatility and conservative risk appetite align with a hold strategy to avoid unnecessary risk.",126.79,118.82,60.1,15.0,12.4,1.1,0.11,6.71,1
Day-107,Qwen/Qwen2.5-7B-Instruct,ISFJ,freq_k25,25,0,flat,456,0.92,flat,130.89,130.58812406717757,11528.179551122194,5000.0,49.87531172069826,HOLD,0.0,"The current market conditions suggest a neutral trend with a moderate RSI, and the implied volatility is within a manageable range. Given the conservative nature of the trader, it is prudent to hold the current positions without making immediate changes.",127.29,119.2,60.0,15.0,16.1,0.9,-0.38,6.79,1
Day-108,Qwen/Qwen2.5-7B-Instruct,ISFJ,freq_k25,25,0,flat,456,0.92,flat,133.37,132.64117177637567,11651.870324189527,5000.0,49.87531172069826,HOLD,0.0,"The current market conditions suggest a neutral trend with a moderate RSI and low implied volatility. Given the conservative nature of the trader, it is prudent to hold the current positions without making significant changes.",127.76,119.67,58.4,15.1,19.4,0.93,0.13,6.76,1
Day-109,Qwen/Qwen2.5-7B-Instruct,ISFJ,freq_k25,25,0,flat,456,0.92,flat,130.9,131.43422809069088,11528.678304239402,5000.0,49.87531172069826,HOLD,0.0,"The current market conditions suggest a neutral trend with moderate RSI and low implied volatility. Given the conservative nature of the trader, it is prudent to hold the current positions without making significant changes.",128.26,120.08,60.6,14.9,15.7,1.12,-0.09,6.81,1
Day-110,Qwen/Qwen2.5-7B-Instruct,ISFJ,freq_k25,25,0,flat,456,0.92,flat,130.29,129.41445078526007,11498.254364089775,5000.0,49.87531172069826,HOLD,0.0,"The current market conditions suggest a neutral trend with moderate RSI and implied volatility. Given the low risk appetite and preference for stability, it is advisable to hold the current positions.",128.63,120.56,59.3,15.1,18.5,0.91,-0.27,6.7,1
Day-111,Qwen/Qwen2.5-7B-Instruct,ISFJ,freq_k25,25,0,flat,456,0.92,flat,130.07,129.268927230849,11487.281795511222,5000.0,49.87531172069826,HOLD,0.0,"The current market conditions suggest a neutral trend with moderate RSI and low implied volatility. Given the conservative nature of the trader, it is prudent to hold the current positions without making immediate changes.",129.02,120.94,58.0,15.1,15.8,1.16,-0.33,6.68,1
Day-112,Qwen/Qwen2.5-7B-Instruct,ISFJ,freq_k25,25,0,flat,456,0.92,flat,129.6,128.6922167200402,11463.840399002493,5000.0,49.87531172069826,HOLD,0.0,"The current market conditions suggest a stable trend and moderate RSI, with a low risk appetite and preference for safety. Given the conservative nature and the existing portfolio value, it is advisable to hold the current positions.",129.5,121.34,56.8,15.1,14.2,1.14,-0.17,6.72,1
Day-113,Qwen/Qwen2.5-7B-Instruct,ISFJ,freq_k25,25,0,flat,456,0.92,flat,131.82,131.53527886650517,11574.563591022445,5000.0,49.87531172069826,HOLD,0.0,"The current market conditions suggest a neutral trend with moderate RSI and low implied volatility. Given the conservative nature of the trader, it is prudent to hold the current positions rather than making a risky move.",129.97,121.77,52.2,15.0,12.1,0.88,0.16,6.73,1
Day-114,Qwen/Qwen2.5-7B-Instruct,ISFJ,freq_k25,25,0,flat,456,0.92,flat,137.21,137.33732643407345,11843.391521197009,5000.0,49.87531172069826,HOLD,0.0,"The current market conditions suggest a neutral trend with no strong directional movement. The low implied volatility and stable RSI indicate a lack of significant market sentiment, making it prudent to hold the current position.",130.5,122.33,51.4,15.0,10.7,1.03,-0.34,6.68,1
Day-115,Qwen/Qwen2.5-7B-Instruct,ISFJ,freq_k25,25,0,flat,456,0.92,flat,138.5,138.34933486524747,11907.73067331671,5000.0,49.87531172069826,HOLD,0.0,"The current price and indicators suggest a balanced market with no clear trend. The low implied volatility and stable P/E ratio indicate a conservative environment, warranting a hold strategy.",131.3,122.91,51.1,15.0,11.6,1.18,0.11,6.83,1
Day-116,Qwen/Qwen2.5-7B-Instruct,ISFJ,freq_k25,25,0,flat,456,0.92,flat,140.94,141.0186147407662,12029.426433915212,5000.0,49.87531172069826,HOLD,0.0,"The current market conditions suggest a neutral trend with moderate RSI and implied volatility. Given the low risk appetite and the preference for stability, it is prudent to hold the current positions.",132.2,123.59,56.4,15.0,17.8,0.84,0.21,6.97,1
Day-117,Qwen/Qwen2.5-7B-Instruct,ISFJ,freq_k25,25,0,flat,456,0.92,flat,138.08,137.84075003597448,11886.783042394016,5000.0,49.87531172069826,HOLD,0.0,"The current market conditions suggest a neutral trend with no significant news sentiment. The price is slightly above the short-term moving average, and the RSI is in a neutral range, indicating no strong buying or selling pressure. Given the low risk appetite and preference for safety, it is prudent to hold the current position.",132.9,124.22,57.3,15.0,13.6,0.84,-0.3,6.99,1
Day-118,Qwen/Qwen2.5-7B-Instruct,ISFJ,freq_k25,25,0,flat,456,0.92,flat,142.46,142.20317903932457,12105.236907730674,5000.0,49.87531172069826,HOLD,0.0,"The RSI is slightly overbought, and the implied volatility is moderate. Given the conservative nature of the trader, it is prudent to hold the current position rather than taking action.",133.81,124.9,70.7,15.0,17.8,0.86,-0.0,7.13,1
Day-119,Qwen/Qwen2.5-7B-Instruct,ISFJ,freq_k25,25,0,flat,456,0.92,flat,148.92,149.75611445161533,12427.431421446385,5000.0,49.87531172069826,HOLD,0.0,"The current market conditions suggest a neutral trend with a slightly overbought RSI. The low implied volatility and cautious news sentiment indicate a lack of significant market movement potential. Given the conservative risk appetite, it is prudent to hold the current positions.",134.74,125.75,73.0,14.9,15.6,1.05,-0.31,7.15,1
Day-120,Qwen/Qwen2.5-7B-Instruct,ISFJ,freq_k25,25,0,flat,456,0.92,flat,151.86,151.75294350715936,12574.064837905238,5000.0,49.87531172069826,HOLD,0.0,"The RSI is overbought, indicating potential for a correction. The current holdings are valued and the market conditions suggest caution.",135.52,126.65,82.0,15.0,11.4,1.16,0.19,7.01,1
Day-121,Qwen/Qwen2.5-7B-Instruct,ISFJ,freq_k25,25,0,flat,456,0.92,flat,149.36,149.37852310501202,12449.376558603493,5000.0,49.87531172069826,HOLD,0.0,"The RSI is above 70, indicating overbought conditions. The low implied volatility and stable trend suggest caution. Given the conservative nature of the trader, it is prudent to hold the current position.",136.1,127.43,75.1,15.0,9.8,1.05,0.15,6.81,1
Day-122,Qwen/Qwen2.5-7B-Instruct,ISFJ,freq_k25,25,0,flat,456,0.92,flat,149.03,149.00697071369902,12432.917705735661,5000.0,49.87531172069826,HOLD,0.0,"The current price and RSI indicate a strong trend, but the low volume ratio and negative news sentiment suggest caution. Given the low risk appetite and preference for safety, it's best to hold the current position.",136.73,128.19,72.6,15.0,11.7,1.14,-0.03,6.66,1
Day-123,Qwen/Qwen2.5-7B-Instruct,ISFJ,freq_k25,25,0,flat,456,0.92,flat,145.72,146.12332300101156,12267.83042394015,5000.0,49.87531172069826,HOLD,0.0,"The RSI is above 70, indicating overbought conditions. The implied volatility is low, and the trend is not strong, suggesting caution. Given the conservative nature of the trader, it's best to hold and avoid potential losses.",137.37,128.94,70.9,15.0,11.1,1.14,0.16,6.54,1
Day-124,Qwen/Qwen2.5-7B-Instruct,ISFJ,freq_k25,25,0,flat,456,0.92,flat,143.08,143.58088827674754,12136.159600997507,5000.0,49.87531172069826,HOLD,0.0,"The current market conditions suggest a neutral trend with a slightly overbought RSI. The low implied volatility and negative news sentiment indicate cautious market behavior. Given the conservative nature of the trader, it is prudent to hold the current position.",138.11,129.58,67.1,14.9,14.7,0.81,-0.24,6.59,1
Day-125,Qwen/Qwen2.5-7B-Instruct,ISFJ,freq_k25,25,0,flat,456,0.92,flat,141.7,141.6756388588424,12067.331670822943,5000.0,49.87531172069826,HOLD,0.0,"The current market conditions suggest a neutral trend with moderate RSI and low implied volatility. Given the conservative nature and low risk appetite, it is prudent to hold the current positions.",138.61,130.16,65.1,15.0,12.4,0.87,0.55,6.49,1
Day-126,Qwen/Qwen2.5-7B-Instruct,ISFJ,freq_k25,25,1,flat,456,0.92,flat,145.66,145.1429856271985,12264.83790523691,5000.0,49.87531172069826,HOLD,0.0,"The current market conditions suggest a neutral to slightly bullish trend, but the high RSI and low implied volatility indicate potential overbought conditions. Given the mandate to protect the principal and avoid volatility, it is prudent to hold the current position and avoid taking on unnecessary risk.",139.47,130.77,69.1,15.1,11.3,1.1,-0.0,6.66,1
Day-127,Qwen/Qwen2.5-7B-Instruct,ISFJ,freq_k25,25,0,flat,456,0.92,flat,143.22,143.61403874622485,12143.142144638405,5000.0,49.87531172069826,HOLD,0.0,"The current market conditions suggest a neutral trend with moderate RSI and low implied volatility. Given the conservative nature of the trader, it is prudent to hold the current position to avoid unnecessary risk.",140.09,131.29,63.5,15.0,11.5,0.81,0.45,6.7,1
Day-128,Qwen/Qwen2.5-7B-Instruct,ISFJ,freq_k25,25,0,flat,456,0.92,flat,144.0,144.40497277802717,12182.04488778055,5000.0,49.87531172069826,HOLD,0.0,"The current market conditions suggest a stable trend and low volatility, with the RSI indicating a neutral position. Given the low risk appetite and preference for safety, it is prudent to hold the current holdings.",140.62,131.84,59.0,15.0,9.2,0.92,0.08,6.66,1
Day-129,Qwen/Qwen2.5-7B-Instruct,ISFJ,freq_k25,25,0,flat,456,0.92,flat,142.98,142.54909371012926,12131.172069825436,5000.0,49.87531172069826,HOLD,0.0,"The current market conditions suggest a stable trend and low volatility, with the stock price slightly above the short-term moving average. Given the low risk appetite and the preference for safety, it is advisable to hold the current position.",141.23,132.3,56.0,15.0,10.4,1.05,-0.39,6.75,1
Day-130,Qwen/Qwen2.5-7B-Instruct,ISFJ,freq_k25,25,0,flat,456,0.92,flat,142.07,141.98483918490524,12085.785536159601,5000.0,49.87531172069826,HOLD,0.0,"The current market conditions suggest a neutral trend with a slight upward bias, and the implied volatility is moderate. Given the low risk appetite and the conservative nature of the trader, it is prudent to hold the current positions without making significant changes.",141.81,132.77,51.6,15.0,16.0,1.12,0.27,6.82,1
Day-131,Qwen/Qwen2.5-7B-Instruct,ISFJ,freq_k25,25,0,flat,456,0.92,flat,138.62,137.80515409668874,11913.715710723192,5000.0,49.87531172069826,HOLD,0.0,"The current market conditions suggest a neutral trend with the RSI at 50.7, and the implied volatility is moderate. Given the low risk appetite and the conservative nature of the trader, it is prudent to hold the current positions without making significant changes.",142.24,133.1,50.7,15.1,16.6,0.91,-0.4,6.87,1
Day-132,Qwen/Qwen2.5-7B-Instruct,ISFJ,freq_k25,25,0,flat,456,0.92,flat,134.58,134.9090354274642,11712.219451371573,5000.0,49.87531172069826,HOLD,0.0,"The current market conditions suggest a bearish trend with an RSI indicating oversold conditions. Given the low risk appetite and the preference for safety, it is prudent to hold the current position and avoid additional risk.",142.49,133.34,39.1,15.0,11.8,0.83,-0.44,6.86,1
Day-133,Qwen/Qwen2.5-7B-Instruct,ISFJ,freq_k25,25,0,flat,456,0.92,flat,136.25,135.98437429524117,11795.511221945137,5000.0,49.87531172069826,HOLD,0.0,"The current price is below the short-term moving average, and the RSI indicates oversold conditions. However, the low volume ratio and neutral news sentiment suggest caution. Given the conservative risk appetite, it's best to hold and monitor the situation.",142.71,133.57,29.8,15.0,10.9,0.82,0.02,6.84,1
Day-134,Qwen/Qwen2.5-7B-Instruct,ISFJ,freq_k25,25,0,flat,456,0.92,flat,136.88,136.58508261190687,11826.932668329177,5000.0,49.87531172069826,HOLD,0.0,"The current price is below the short-term moving average, and the RSI is low, indicating potential oversold conditions. However, the low volume and news sentiment suggest caution. Given the conservative risk appetite, it's best to hold and wait for a clearer signal.",142.7,133.81,24.2,15.0,8.0,0.94,0.09,6.64,1
Day-135,Qwen/Qwen2.5-7B-Instruct,ISFJ,freq_k25,25,0,flat,456,0.92,flat,138.07,138.23613708671138,11886.284289276808,5000.0,49.87531172069826,HOLD,0.0,"The current price is below the short-term moving average, and the RSI indicates oversold conditions. However, the low volume ratio and news sentiment suggest caution. Given the low risk appetite, it's best to hold and observe further.",142.67,134.08,29.6,15.0,7.5,1.04,0.17,6.41,1
Day-136,Qwen/Qwen2.5-7B-Instruct,ISFJ,freq_k25,25,0,flat,456,0.92,flat,142.31,142.163999398194,12097.75561097257,5000.0,49.87531172069826,HOLD,0.0,"The current price and RSI indicate a neutral to slightly oversold condition, but the low implied volatility and low risk appetite suggest caution. Given the conservative nature and the preference for safety, it is best to hold the current position.",142.74,134.48,39.4,15.0,17.4,1.01,0.32,6.14,1
Day-137,Qwen/Qwen2.5-7B-Instruct,ISFJ,freq_k25,25,0,flat,456,0.92,flat,149.2,149.22558981036582,12441.39650872818,5000.0,49.87531172069826,HOLD,0.0,"The current market conditions suggest a stable trend and moderate RSI, indicating no strong buying or selling signals. The low implied volatility and negative news sentiment suggest caution, aligning with a conservative approach.",143.3,135.05,54.9,15.0,16.4,1.2,-0.04,6.11,1
Day-138,Qwen/Qwen2.5-7B-Instruct,ISFJ,freq_k25,25,0,flat,456,0.92,flat,148.01,149.19877205046242,12382.044887780548,5000.0,49.87531172069826,HOLD,0.0,"The current market conditions suggest a stable trend and low volatility, with the RSI indicating a neutral position. Given the conservative nature of the trader, it is prudent to hold the current holdings.",143.58,135.53,57.3,14.9,23.0,1.0,0.01,5.94,1
Day-139,Qwen/Qwen2.5-7B-Instruct,ISFJ,freq_k25,25,0,flat,456,0.92,flat,144.62,145.43334196536546,12212.967581047382,5000.0,49.87531172069826,HOLD,0.0,"The current market conditions suggest a neutral trend with moderate RSI and implied volatility. Given the low risk appetite and preference for stability, it is prudent to hold the current positions.",143.36,136.0,54.1,14.9,21.3,1.18,-0.22,5.41,1
Day-140,Qwen/Qwen2.5-7B-Instruct,ISFJ,freq_k25,25,0,flat,456,0.92,flat,145.08,145.90486579280727,12235.910224438903,5000.0,49.87531172069826,HOLD,0.0,"The current market conditions suggest a neutral trend with moderate RSI and implied volatility. Given the low risk appetite and the preference for stability, it is prudent to hold the current positions.",143.02,136.45,49.1,14.9,16.9,1.03,0.3,4.82,1
Day-141,Qwen/Qwen2.5-7B-Instruct,ISFJ,freq_k25,25,0,flat,456,0.92,flat,151.77,151.43899225851706,12569.576059850375,5000.0,49.87531172069826,HOLD,0.0,"The current market conditions suggest a neutral trend with an RSI of 61.7, indicating neither overbought nor oversold conditions. Given the low risk appetite and the preference for safety, it is prudent to hold the current position.",143.14,137.04,61.7,15.0,15.4,0.82,0.74,4.45,1
Day-142,Qwen/Qwen2.5-7B-Instruct,ISFJ,freq_k25,25,0,flat,456,0.92,flat,149.1,149.33424055477434,12436.40897755611,5000.0,49.87531172069826,HOLD,0.0,"The current price is slightly above the short-term moving average, and the RSI is in a neutral range. Given the low risk appetite and the preference for safety, it's prudent to hold the current position.",143.15,137.62,56.6,15.0,22.0,1.2,-0.01,4.01,1
Day-143,Qwen/Qwen2.5-7B-Instruct,ISFJ,freq_k25,25,0,flat,456,0.92,flat,146.95,147.2183841899253,12329.177057356608,5000.0,49.87531172069826,HOLD,0.0,"The current market conditions suggest a neutral trend with an RSI of 55.0, and the implied volatility is moderate at 19.7%. Given the low risk appetite and the preference for safety, it is prudent to hold the current position.",143.21,138.11,55.0,15.0,19.7,0.95,0.11,3.69,1
Day-144,Qwen/Qwen2.5-7B-Instruct,ISFJ,freq_k25,25,0,flat,456,0.92,flat,146.46,146.8887523791765,12304.738154613467,5000.0,49.87531172069826,HOLD,0.0,"The current market conditions suggest a neutral trend with moderate RSI and low implied volatility. Given the conservative nature of the trader, it is prudent to hold the current position to avoid unnecessary risk.",143.38,138.51,55.6,15.0,21.2,0.9,-0.53,3.51,1
Day-145,Qwen/Qwen2.5-7B-Instruct,ISFJ,freq_k25,25,0,flat,456,0.92,flat,148.52,147.97046570975522,12407.481296758106,5000.0,49.87531172069826,HOLD,0.0,"The current market conditions suggest a neutral trend with a slightly overbought RSI. Given the low risk appetite and the conservative nature of the trader, it is prudent to hold the current positions without making any changes.",143.72,139.03,63.1,15.1,20.4,1.15,0.1,3.37,1
Day-146,Qwen/Qwen2.5-7B-Instruct,ISFJ,freq_k25,25,0,flat,456,0.92,flat,151.0,151.45609479395898,12531.172069825436,5000.0,49.87531172069826,HOLD,0.0,"The current price is above the short-term moving averages, and the RSI is in the overbought zone. Given the low risk appetite and the need for stability, it's prudent to hold the position.",143.98,139.59,72.7,15.0,17.3,0.9,-0.24,3.15,1
Day-147,Qwen/Qwen2.5-7B-Instruct,ISFJ,freq_k25,25,0,flat,456,0.92,flat,154.76,154.20532734688902,12718.703241895262,5000.0,49.87531172069826,HOLD,0.0,"The RSI is above 70, indicating overbought conditions. The low volume ratio and news sentiment suggest caution. Given the conservative risk appetite, it's best to hold and avoid potential losses.",144.56,140.21,74.2,15.1,12.8,0.88,0.25,3.1,1
Day-148,Qwen/Qwen2.5-7B-Instruct,ISFJ,freq_k25,25,0,flat,456,0.92,flat,156.4,156.1327024629514,12800.498753117208,5000.0,49.87531172069826,HOLD,0.0,"The RSI is above 70, indicating overbought conditions. The market trend is not strong, and the news sentiment is slightly negative, suggesting caution. Given the low risk appetite and preference for safety, it's best to hold the current position.",145.18,140.85,74.8,15.0,9.8,1.0,-0.06,3.08,1
Day-149,Qwen/Qwen2.5-7B-Instruct,ISFJ,freq_k25,25,0,flat,456,0.92,flat,148.97,149.09688078649276,12429.925187032419,5000.0,49.87531172069826,HOLD,0.0,"The current price and indicators suggest a stable trend with no strong signals for buying or selling. The low implied volatility and moderate RSI indicate a balanced market, warranting a hold strategy.",145.48,141.22,62.0,15.0,7.8,1.09,0.55,3.02,1
Day-150,Qwen/Qwen2.5-7B-Instruct,ISFJ,freq_k25,25,0,flat,456,0.92,flat,148.44,148.78462743296856,12403.491271820449,5000.0,49.87531172069826,HOLD,0.0,"The current price is slightly above the short-term moving average, and the RSI is in a neutral range. Given the low implied volatility and the conservative risk appetite, it's prudent to hold the position.",145.8,141.46,57.3,15.0,7.5,0.85,0.22,3.06,1
Day-151,Qwen/Qwen2.5-7B-Instruct,ISFJ,freq_k25,25,1,flat,456,0.92,flat,145.98,145.9032654972213,12280.798004987531,5000.0,49.87531172069826,HOLD,0.0,"The current market conditions suggest a stable trend with low volatility. Given the mandate to protect the principal and avoid unnecessary risks, it is prudent to hold the current positions without making additional trades.",146.17,141.63,45.7,15.0,8.6,1.01,-0.24,3.2,1
Day-152,Qwen/Qwen2.5-7B-Instruct,ISFJ,freq_k25,25,0,flat,456,0.92,flat,145.92,145.576478369768,12277.80548628429,5000.0,49.87531172069826,HOLD,0.0,"The current market conditions suggest a neutral trend with no strong buy or sell signals. The low implied volatility and stable RSI indicate a balanced market, warranting a hold strategy.",146.73,141.82,47.1,15.0,7.5,0.9,-0.07,3.46,1
Day-153,Qwen/Qwen2.5-7B-Instruct,ISFJ,freq_k25,25,0,flat,456,0.92,flat,143.52,143.98877148153352,12158.104738154614,5000.0,49.87531172069826,HOLD,0.0,"The current market conditions suggest a neutral trend with no strong directional movement. The low implied volatility and balanced RSI indicate stable performance. Given the conservative nature of your trading style, it's prudent to hold the current positions.",147.1,142.03,48.4,15.0,8.9,1.12,-0.16,3.57,1
Day-154,Qwen/Qwen2.5-7B-Instruct,ISFJ,freq_k25,25,0,flat,456,0.92,flat,143.64,143.7402116295221,12164.089775561097,5000.0,49.87531172069826,HOLD,0.0,"The current price is slightly below the 20-day SMA but above the 60-day SMA, indicating a potential consolidation. The RSI is neutral, and the low implied volatility suggests market stability. Given the low risk appetite and preference for safety, it's prudent to hold.",147.43,142.34,47.9,15.0,8.8,0.88,0.45,3.58,1
Day-155,Qwen/Qwen2.5-7B-Instruct,ISFJ,freq_k25,25,0,flat,456,0.92,flat,145.78,146.25900457235065,12270.822942643392,5000.0,49.87531172069826,HOLD,0.0,"The current price is slightly below the 20-day SMA, but the RSI is in a neutral range and the implied volatility is low. Given the low risk appetite and the conservative nature of the trader, it is advisable to hold the current position.",147.82,142.62,40.2,15.0,7.5,1.07,0.2,3.65,1
Day-156,Qwen/Qwen2.5-7B-Instruct,ISFJ,freq_k25,25,0,flat,456,0.92,flat,145.42,145.83223432430077,12252.86783042394,5000.0,49.87531172069826,HOLD,0.0,"The current price is slightly below the 20-day SMA, but the RSI is neutral and the implied volatility is low, suggesting no immediate need for action. The portfolio is stable, and it's best to maintain the current holdings.",147.97,142.96,43.5,15.0,8.9,0.82,0.0,3.51,1
Day-157,Qwen/Qwen2.5-7B-Instruct,ISFJ,freq_k25,25,0,flat,456,0.92,flat,141.67,140.89109064977274,12065.835411471322,5000.0,49.87531172069826,HOLD,0.0,"The current price is below the 20-day SMA, indicating a potential downtrend. The low RSI and negative news sentiment suggest caution. Given the low risk appetite, it's best to hold and reassess.",147.6,143.17,41.1,15.1,8.8,0.95,-0.29,3.09,1
Day-158,Qwen/Qwen2.5-7B-Instruct,ISFJ,freq_k25,25,0,flat,456,0.92,flat,142.28,142.7698198870276,12096.259351620949,5000.0,49.87531172069826,HOLD,0.0,"The current market conditions suggest a neutral trend with an RSI of 43.0, indicating neither overbought nor oversold conditions. Given the low risk appetite and the preference for safety, it's prudent to hold the current holdings.",147.31,143.35,43.0,14.9,12.7,0.87,0.19,2.76,1
Day-159,Qwen/Qwen2.5-7B-Instruct,ISFJ,freq_k25,25,0,flat,456,0.92,flat,140.87,140.50080470633077,12025.935162094764,5000.0,49.87531172069826,HOLD,0.0,"The current market conditions suggest a bearish trend with an RSI below 37, indicating oversold conditions. Given the low risk appetite and the preference for safety, it is prudent to hold the current positions.",147.12,143.55,36.9,15.0,14.0,1.25,-0.23,2.49,1
Day-160,Qwen/Qwen2.5-7B-Instruct,ISFJ,freq_k25,25,0,flat,456,0.92,flat,139.3,139.60737334438807,11947.630922693268,5000.0,49.87531172069826,HOLD,0.0,"The current market conditions indicate a bearish trend and low RSI, suggesting the asset is overvalued. Given the low risk appetite and preference for safety, it is best to hold the current position and avoid additional risk.",146.84,143.73,29.3,15.0,11.0,1.09,-0.07,2.16,1
Day-161,Qwen/Qwen2.5-7B-Instruct,ISFJ,freq_k25,25,0,flat,456,0.92,flat,138.0,138.78628658786394,11882.793017456359,5000.0,49.87531172069826,HOLD,0.0,"The current market conditions suggest a bearish trend with a low RSI, and the implied volatility is low. Given the conservative nature of the trader, it is prudent to hold the current positions and avoid additional risk.",146.15,143.89,17.5,14.9,10.3,0.88,0.11,1.57,0
Day-162,Qwen/Qwen2.5-7B-Instruct,ISFJ,freq_k25,25,0,flat,456,0.92,flat,135.5,135.66778881203555,11758.104738154614,5000.0,49.87531172069826,HOLD,0.0,"The current market conditions indicate a bearish trend with a low RSI and negative news sentiment. The asset is not showing strong buying pressure, and the implied volatility is relatively low, suggesting caution is warranted.",145.47,144.01,10.8,15.0,15.0,1.14,-0.23,1.01,0
Day-163,Qwen/Qwen2.5-7B-Instruct,ISFJ,freq_k25,25,0,flat,456,0.92,flat,131.31,131.24092952456166,11549.12718204489,5000.0,49.87531172069826,HOLD,0.0,"The current market conditions indicate a bearish trend with a low RSI and implied volatility. The price is below the short-term moving average, suggesting a potential reversal is not imminent. Given the low risk appetite and the conservative nature of the trader, it is prudent to hold the current position.",144.69,144.0,12.3,15.0,11.2,0.91,0.22,0.48,0
Day-164,Qwen/Qwen2.5-7B-Instruct,ISFJ,freq_k25,25,0,flat,456,0.92,flat,131.3,131.47719104196887,11548.628428927681,5000.0,49.87531172069826,HOLD,0.0,"The current price is below the trend line, and the RSI is very low, indicating potential buying opportunities. However, the low volume ratio and neutral news sentiment suggest caution. Given the conservative nature of the trader, it is best to hold the current position.",143.93,143.88,12.6,15.0,8.9,0.84,0.11,0.03,0
Day-165,Qwen/Qwen2.5-7B-Instruct,ISFJ,freq_k25,25,0,flat,456,0.92,flat,133.38,133.50250302949405,11652.369077306732,5000.0,49.87531172069826,HOLD,0.0,"The current price is significantly below the 20 and 60-day moving averages, and the RSI is in the oversold territory, indicating potential buying pressure. However, the low volume ratio and the very low implied volatility suggest caution. Given the conservative nature of your trading style, it's best to hold and observe further developments.",143.17,143.78,22.0,15.0,7.5,1.21,0.01,-0.42,0
Day-166,Qwen/Qwen2.5-7B-Instruct,ISFJ,freq_k25,25,0,flat,456,0.92,flat,135.67,135.94139038730313,11766.58354114713,5000.0,49.87531172069826,HOLD,0.0,"The current market conditions suggest a bearish trend with an RSI below 30, indicating oversold conditions. Given the low risk appetite and preference for safety, it is prudent to hold the current positions.",142.41,143.67,29.3,15.0,10.4,0.95,-0.07,-0.88,0
Day-167,Qwen/Qwen2.5-7B-Instruct,ISFJ,freq_k25,25,0,flat,456,0.92,flat,128.58,128.24215218225444,11412.967581047382,5000.0,49.87531172069826,HOLD,0.0,"The current market conditions indicate a bearish trend with a low RSI and negative news sentiment. Given the conservative nature of the trader, it is prudent to hold the current positions and avoid additional risk.",141.1,143.48,24.6,15.0,9.8,1.17,-0.41,-1.66,0
Day-168,Qwen/Qwen2.5-7B-Instruct,ISFJ,freq_k25,25,0,flat,456,0.92,flat,127.47,127.27844248989561,11357.605985037408,5000.0,49.87531172069826,HOLD,0.0,"The current price is below the trend line and the RSI is in the oversold region, but the implied volatility is low and the news sentiment is neutral. Given the low risk appetite and the conservative nature of the trader, it is best to hold the current position.",139.65,143.18,23.4,15.0,8.1,1.11,-0.01,-2.47,-1
Day-169,Qwen/Qwen2.5-7B-Instruct,ISFJ,freq_k25,25,0,flat,456,0.92,flat,129.67,129.2064380615062,11467.331670822943,5000.0,49.87531172069826,HOLD,0.0,"The current market conditions indicate a downtrend with a low RSI and negative news sentiment. Given the low risk appetite and the conservative nature of the trader, it is advisable to hold the current positions and avoid additional risk.",138.69,142.8,23.6,15.1,12.2,1.23,-0.47,-2.88,-1
Day-170,Qwen/Qwen2.5-7B-Instruct,ISFJ,freq_k25,25,0,flat,456,0.92,flat,134.7,134.58441435856568,11718.204488778054,5000.0,49.87531172069826,HOLD,0.0,"The current price is below the short-term moving average, and the RSI indicates oversold conditions. Given the low risk appetite and the conservative nature, it's prudent to hold the current position until there's a clear upward trend.",138.0,142.46,34.8,15.0,10.4,1.17,0.02,-3.13,-1
Day-171,Qwen/Qwen2.5-7B-Instruct,ISFJ,freq_k25,25,0,flat,456,0.92,flat,137.76,137.73771704646808,11870.822942643392,5000.0,49.87531172069826,HOLD,0.0,"The current trend is slightly downward, and the RSI is in a neutral range. Given the low risk appetite and the preference for safety, it is advisable to hold the current position.",137.59,142.22,44.3,15.0,11.3,0.99,0.31,-3.26,-1
Day-172,Qwen/Qwen2.5-7B-Instruct,ISFJ,freq_k25,25,0,flat,456,0.92,flat,133.95,134.3842669376327,11680.79800498753,5000.0,49.87531172069826,HOLD,0.0,"The current price is below the trend lines and the RSI is in a neutral range, suggesting a potential buying opportunity. However, the low volume ratio and negative news sentiment indicate caution. Given the low risk appetite, it's best to hold and wait for a clearer signal.",136.99,141.92,38.9,15.0,11.9,0.82,-0.19,-3.48,-1
Day-173,Qwen/Qwen2.5-7B-Instruct,ISFJ,freq_k25,25,0,flat,456,0.92,flat,133.27,133.162858344212,11646.882793017458,5000.0,49.87531172069826,HOLD,0.0,"The current trend is downward and the RSI is in a neutral range, suggesting no strong buying or selling signal. The low volume ratio and negative news sentiment also indicate caution.",136.48,141.67,39.7,15.0,13.2,0.91,-0.05,-3.67,-1
Day-174,Qwen/Qwen2.5-7B-Instruct,ISFJ,freq_k25,25,0,flat,456,0.92,flat,136.0,136.36663928563615,11783.042394014963,5000.0,49.87531172069826,HOLD,0.0,"The trend is slightly downward and the RSI is in a neutral range, suggesting no strong buying or selling signal. The low implied volatility and negative news sentiment also indicate caution.",136.1,141.53,45.7,15.0,10.7,1.14,-0.27,-3.84,-1
Day-175,Qwen/Qwen2.5-7B-Instruct,ISFJ,freq_k25,25,0,flat,456,0.92,flat,133.77,134.2451389035323,11671.820448877806,5000.0,49.87531172069826,HOLD,0.0,"The current price is below the short-term and long-term moving averages, and the RSI is neutral. Given the low risk appetite and the preference for stability, it's prudent to hold the current position.",135.49,141.37,44.6,14.9,15.7,0.83,0.29,-4.16,-1
Day-176,Qwen/Qwen2.5-7B-Instruct,ISFJ,freq_k25,25,1,flat,456,0.92,flat,128.6,128.4761712091232,11413.965087281795,5000.0,49.87531172069826,HOLD,0.0,"The current market conditions indicate a downward trend and the implied volatility is moderate. Given the guardian investor mandate to protect the principal and avoid unnecessary risks, it is best to hold the current position and avoid additional volatility.",134.65,141.03,41.7,15.0,17.5,0.84,0.14,-4.52,-1
Day-177,Qwen/Qwen2.5-7B-Instruct,ISFJ,freq_k25,25,0,flat,456,0.92,flat,126.87,127.32157905322433,11327.680798004989,5000.0,49.87531172069826,HOLD,0.0,"The current market trend is slightly downward, and the RSI is in a neutral range. Given the low risk appetite and the preference for safety, it is prudent to hold the current positions without making changes.",133.91,140.7,44.3,14.9,20.7,0.95,0.59,-4.83,-1
Day-178,Qwen/Qwen2.5-7B-Instruct,ISFJ,freq_k25,25,0,flat,456,0.92,flat,126.67,127.34604942698378,11317.70573566085,5000.0,49.87531172069826,HOLD,0.0,"The current market trend is downward, and the RSI is neutral. Given the low risk appetite and the preference for safety, it is advisable to hold the current positions and avoid additional risk.",133.13,140.36,44.1,14.9,15.5,1.09,0.01,-5.15,-1
Day-179,Qwen/Qwen2.5-7B-Instruct,ISFJ,freq_k25,25,0,flat,456,0.92,flat,128.44,128.47455441140784,11405.985037406484,5000.0,49.87531172069826,HOLD,0.0,"The current market trend is downward, and the RSI is in a neutral range. Given the low risk appetite and the preference for safety, it is prudent to hold the current positions without making changes.",132.51,140.07,43.7,15.0,17.1,0.85,0.04,-5.39,-1
Day-180,Qwen/Qwen2.5-7B-Instruct,ISFJ,freq_k25,25,0,flat,456,0.92,flat,126.93,127.12581420759597,11330.673316708231,5000.0,49.87531172069826,HOLD,0.0,"The current market trend is downward, and the RSI indicates a neutral to slightly oversold condition. Given the low risk appetite and the protective nature of the trader, it is prudent to hold the current positions without making changes.",131.89,139.76,38.6,15.0,13.1,0.95,0.18,-5.63,-1
Day-181,Qwen/Qwen2.5-7B-Instruct,ISFJ,freq_k25,25,0,flat,456,0.92,flat,129.58,129.16800093520558,11462.84289276808,5000.0,49.87531172069826,HOLD,0.0,"The current trend is downward, and the RSI is neutral, indicating a balanced market. Given the low risk appetite and the preference for safety, it's prudent to hold the current positions without making changes.",131.47,139.58,51.5,15.0,9.7,1.2,-0.53,-5.81,-1
Day-182,Qwen/Qwen2.5-7B-Instruct,ISFJ,freq_k25,25,0,flat,456,0.92,flat,128.44,128.36935146549166,11405.985037406484,5000.0,49.87531172069826,HOLD,0.0,"The current trend is downward and the RSI is neutral, indicating a lack of strong buying or selling pressure. Given the low risk appetite and preference for safety, it's prudent to hold the current position.",131.12,139.46,51.4,15.0,9.5,1.19,-0.28,-5.98,-1
Day-183,Qwen/Qwen2.5-7B-Instruct,ISFJ,freq_k25,25,0,flat,456,0.92,flat,129.86,129.90411814334263,11476.807980049876,5000.0,49.87531172069826,HOLD,0.0,"The current trend is slightly downward, and the implied volatility is low, indicating stable conditions. Given the conservative nature of the trader, it is prudent to hold the current positions rather than make a risky move.",131.05,139.33,50.3,15.0,9.3,0.95,-0.66,-5.95,-1
Day-184,Qwen/Qwen2.5-7B-Instruct,ISFJ,freq_k25,25,0,flat,456,0.92,flat,129.76,130.0480353657845,11471.820448877806,5000.0,49.87531172069826,HOLD,0.0,"The current trend is slightly downward, and the RSI is neutral. Given the low risk appetite and the protective nature of the trader, it is best to hold the current positions and avoid additional risk.",130.97,139.19,41.2,15.0,11.9,1.04,-0.35,-5.91,-1
Day-185,Qwen/Qwen2.5-7B-Instruct,ISFJ,freq_k25,25,0,flat,456,0.92,flat,125.46,125.43900797863743,11257.356608478804,5000.0,49.87531172069826,HOLD,0.0,"The market trend is downward and the RSI indicates oversold conditions, but the price is still above the SMA20 and SMA60. Given the low risk appetite and the conservative nature, it's best to hold and observe further.",130.57,138.94,29.1,15.0,8.4,1.14,-0.56,-6.02,-1
Day-186,Qwen/Qwen2.5-7B-Instruct,ISFJ,freq_k25,25,0,flat,456,0.92,flat,120.95,120.90067175886374,11032.418952618455,5000.0,49.87531172069826,HOLD,0.0,"The current market conditions indicate a downtrend and low RSI, suggesting potential oversold conditions. Given the low risk appetite and preference for safety, it is prudent to hold the current positions and avoid additional risk.",129.84,138.51,28.4,15.0,7.5,0.99,0.24,-6.26,-1
Day-187,Qwen/Qwen2.5-7B-Instruct,ISFJ,freq_k25,25,0,flat,456,0.92,flat,117.09,116.43748769121613,10839.900249376558,5000.0,49.87531172069826,HOLD,0.0,"The current market trend is downward, and the RSI indicates oversold conditions. Given the low risk appetite and the protective nature of the trader, it is advisable to hold the current positions until there is a clear upward trend.",129.26,137.87,25.7,15.1,11.2,1.14,-0.17,-6.24,-1
Day-188,Qwen/Qwen2.5-7B-Instruct,ISFJ,freq_k25,25,0,flat,456,0.92,flat,117.23,117.31857058503172,10846.882793017456,5000.0,49.87531172069826,HOLD,0.0,"The current market trend is downward, and the RSI indicates oversold conditions. Given the low risk appetite and the protective nature of the trader, it is advisable to hold the current positions until there is a clear upward trend.",128.75,137.25,19.5,15.0,11.6,0.82,0.4,-6.19,-1
Day-189,Qwen/Qwen2.5-7B-Instruct,ISFJ,freq_k25,25,0,flat,456,0.92,flat,117.39,117.44034267770954,10854.86284289277,5000.0,49.87531172069826,HOLD,0.0,"The current price is below the trend line and the RSI is in the oversold region, but the implied volatility is low and the volume ratio is not significantly high. Given the conservative risk appetite and the low risk tolerance, it is prudent to hold the current position.",128.14,136.71,21.4,15.0,11.0,1.13,0.28,-6.27,-1
Day-190,Qwen/Qwen2.5-7B-Instruct,ISFJ,freq_k25,25,0,flat,456,0.92,flat,114.11,115.05609609297487,10691.271820448877,5000.0,49.87531172069826,HOLD,0.0,"The current market conditions indicate a downtrend with a low RSI and negative trend in SMA20/60. Given the low risk appetite and the protective nature of the trader, it is advisable to hold the current positions and avoid additional risk.",127.11,136.09,22.9,14.9,12.6,0.89,0.27,-6.6,-1
Day-191,Qwen/Qwen2.5-7B-Instruct,ISFJ,freq_k25,25,0,flat,456,0.92,flat,116.88,116.43650217521306,10829.426433915212,5000.0,49.87531172069826,HOLD,0.0,"The current market sentiment and technical indicators suggest a bearish trend. The low RSI and negative news sentiment indicate potential selling pressure. Given the conservative approach and low risk appetite, it is advisable to hold the current position and avoid additional risk.",126.06,135.39,32.0,15.1,19.1,1.06,-0.28,-6.89,-1
Day-192,Qwen/Qwen2.5-7B-Instruct,ISFJ,freq_k25,25,0,flat,456,0.92,flat,113.66,114.03393203155491,10668.827930174564,5000.0,49.87531172069826,HOLD,0.0,"The current price is below the trend lines and the RSI is in the oversold region, but the low volume ratio and neutral news sentiment suggest caution. Given the low risk appetite and preference for safety, it is best to hold the current position.",125.05,134.68,28.9,15.0,14.5,0.97,0.07,-7.15,-1
Day-193,Qwen/Qwen2.5-7B-Instruct,ISFJ,freq_k25,25,0,flat,456,0.92,flat,109.32,110.0028266492836,10452.369077306732,5000.0,49.87531172069826,HOLD,0.0,"The current market conditions indicate a downtrend and low RSI, suggesting the asset is oversold. Given the low risk appetite and preference for safety, it's prudent to hold the current position and avoid additional risk.",123.85,133.93,21.4,14.9,13.8,1.06,-0.3,-7.53,-1
Day-194,Qwen/Qwen2.5-7B-Instruct,ISFJ,freq_k25,25,0,flat,456,0.92,flat,110.4,110.2773564097046,10506.234413965089,5000.0,49.87531172069826,HOLD,0.0,"The current market conditions indicate a downtrend and low RSI, suggesting potential oversold conditions. Given the low risk appetite and preference for safety, it is prudent to hold the current position and avoid additional risk.",122.57,133.21,24.9,15.0,10.0,1.16,-0.07,-7.99,-1
Day-195,Qwen/Qwen2.5-7B-Instruct,ISFJ,freq_k25,25,0,flat,456,0.92,flat,113.03,112.74683871283355,10637.406483790524,5000.0,49.87531172069826,HOLD,0.0,"The current price is below the trend line and the RSI is low, indicating potential buying opportunities. However, the low volume ratio and news sentiment suggest caution. Given the conservative risk appetite, it's best to hold for now.",121.53,132.5,24.9,15.0,7.5,1.02,0.34,-8.28,-1
Day-196,Qwen/Qwen2.5-7B-Instruct,ISFJ,freq_k25,25,0,flat,456,0.92,flat,113.92,114.333641304902,10681.795511221946,5000.0,49.87531172069826,HOLD,0.0,"The current price is below the trend line and the RSI is in oversold territory, but the low volume and implied volatility suggest caution. Given the conservative risk appetite, it's best to hold and observe further developments.",120.8,131.76,27.8,14.9,7.5,1.1,0.21,-8.32,-1
Day-197,Qwen/Qwen2.5-7B-Instruct,ISFJ,freq_k25,25,0,flat,456,0.92,flat,112.5,112.45491265680015,10610.972568578554,5000.0,49.87531172069826,HOLD,0.0,"The current price is below the trend line and the RSI is in the oversold region, but the overall market sentiment and news sentiment are neutral. Given the low risk appetite and the conservative nature, it's prudent to hold the current positions and wait for a clearer signal.",120.08,130.91,23.4,15.0,7.5,0.95,0.25,-8.27,-1
Day-198,Qwen/Qwen2.5-7B-Instruct,ISFJ,freq_k25,25,0,flat,456,0.92,flat,108.46,108.64429656553736,10409.476309226931,5000.0,49.87531172069826,HOLD,0.0,"The current market trend is downward, and the RSI indicates oversold conditions. Given the low risk appetite and the protective nature of the trader, it is advisable to hold the current positions and wait for a potential rebound.",119.17,129.95,20.9,15.0,9.0,1.01,0.11,-8.3,-1
Day-199,Qwen/Qwen2.5-7B-Instruct,ISFJ,freq_k25,25,0,flat,456,0.92,flat,108.68,108.54247218464397,10420.448877805487,5000.0,49.87531172069826,HOLD,0.0,"The current market conditions indicate a downtrend with a low RSI and negative news sentiment. Given the low risk appetite and the protective nature of the trader, it is advisable to hold the current position and avoid additional risk.",118.18,129.15,24.2,15.0,9.2,0.85,-0.16,-8.49,-1
Day-200,Qwen/Qwen2.5-7B-Instruct,ISFJ,freq_k25,25,0,flat,456,0.92,flat,111.64,111.82450475615282,10568.079800498754,5000.0,49.87531172069826,HOLD,0.0,"The current market conditions indicate a downtrend and low RSI, suggesting potential oversold conditions. Given the low risk appetite and preference for safety, it is prudent to hold the current position and avoid additional risk.",117.42,128.41,35.0,15.0,13.0,0.9,-0.42,-8.56,-1
