scope,statistic,n,p10,p25,p50,p75,p90,mean,sd,n_windows_scope
all,lb_p_r,12927,0.023670528407296446,0.143309342392913,0.39225632159192025,0.6800445037636398,0.8665553751042606,0.4213399453405038,0.30443651511480485,12927
all,acf1_r,12927,-0.13858386162129285,-0.0795549459693898,-0.02023692314681786,0.035354256177661345,0.08575680039061895,-0.024457407565025863,0.09110915497177706,12927
all,abs_acf1_r,12927,0.011048095797145266,0.027253208026404983,0.05851937193487718,0.10185485239998501,0.15114845825200807,0.07246874321275154,0.060390099740206496,12927
all,kurtosis,12927,0.4664963378680587,1.0422719356931376,2.17286594307138,4.8604690744089725,10.740907134572574,4.663658259431692,8.076314381173141,12927
all,jb_p,12927,1.015094062197111e-223,4.776589875967156e-48,8.240071078861177e-11,0.0024687679111536384,0.19050477427247017,0.05840496147415093,0.1702553084717709,12927
all,hill,12927,2.3080913984455123,2.822764549086529,3.5563598845796194,4.471703220733777,5.571745619809766,3.806874440811888,1.4214224489434455,12927
all,lb_p_absr,12927,3.6972961591474836e-07,0.005598707540999073,0.1822630516318432,0.569992768079115,0.8353877458729795,0.30703651800992277,0.3237350420479843,12927
all,lb_p_r2,12927,3.1636883368413954e-06,0.02047103062954697,0.4473912837464289,0.9219374167306444,0.9975320678143119,0.47262139922467733,0.40445023051078016,12927
all,arch_lm_p,12927,0.00015470563231251923,0.03243352356680694,0.3950250180202189,0.8583076445399631,0.9823941647196682,0.44721857302161316,0.38683348033246756,12927
all,acf1_absr,12927,-0.025590084293067205,0.02477401374519228,0.08726325798617499,0.1545739797929911,0.23211300338860127,0.09833094543203111,0.10848894468092221,12927
all,acf5_absr,12927,-0.0508844423921959,-0.009241038212743347,0.04271963469435292,0.10466421445146355,0.17165159356079726,0.056146234156442446,0.0974759600305857,12927
all,acf10_absr,12927,-0.062041100309081804,-0.022454705066688434,0.029146290821747245,0.08718148548519307,0.14731496504672514,0.03793197334057196,0.08731259035188446,12927
all,acf20_absr,12927,-0.07153709860131627,-0.03430435644775076,0.009476497228769589,0.05802511962603939,0.107595076170213,0.014166084428168675,0.06984890644086329,12927
all,acf50_absr,12927,-0.08236299919565641,-0.047462109619702486,-0.008975012417781356,0.030201896463543165,0.06965329708217873,-0.007938243380085579,0.06066579045416275,12927
all,garch_alpha,12927,0.0,1.6003966072368426e-12,0.05794978659717188,0.1513751147646666,0.2699141290069553,0.10597558648571068,0.14924314486506957,12927
all,garch_beta,12927,1.2034706093537965e-10,0.5216926060389113,0.825254475267863,0.9614722745768793,0.9949581354478082,0.6899179663014877,0.3362911849363054,12927
all,garch_persistence,12927,0.28927956513718367,0.7294822532905962,0.9298196170581975,0.9867595598865816,0.9999999999772041,0.7958935527871984,0.2800768540305099,12927
all,gjr_gamma,12927,-0.10078122409632996,-2.086825612357652e-11,0.05978949110810697,0.17743940470820663,0.33534964818940977,0.09325134629723299,0.27903055382041647,12927
all,leverage_corr,12927,-0.14724961673140255,-0.09333696977646047,-0.03808145844688586,0.01819170756019452,0.06983105676473692,-0.03838110305489182,0.08688687445704807,12927
all,volume_absr_spearman,12927,0.1869179149196647,0.25417170586546617,0.3255728835017502,0.3965059558635591,0.45959331558486743,0.3248021828328232,0.10761746048762216,12927
all,logvolume_acf1,12927,0.3727990975936531,0.43792994939929974,0.5084455732117013,0.5766395988494539,0.6420168500156488,0.5074448757295376,0.10823429258954134,12927
all,logvolume_shapiro_p,12927,2.2273650751308778e-07,3.6007187610379796e-05,0.0036951767127263863,0.09602914362931761,0.42192136377170975,0.10722641408772425,0.21000463582914014,12927
all,skew,12927,-1.0436321236489052,-0.46212463039799345,-0.06928671207660363,0.2866978537485086,0.7473156413625021,-0.1348666299575591,1.0446900381776736,12927
all,worst_day,12927,-0.15553380151863638,-0.09879667092107702,-0.06515905489151708,-0.04547552574020086,-0.03463794018625972,-0.08444774040922647,0.06684678595542987,12927
all,best_day,12927,0.033573727782555275,0.04431788146313553,0.06436897775825567,0.09699070833751677,0.14280507131551837,0.07945158034444959,0.0536890930063462,12927
all,worst_over_best,12927,0.5710678830814168,0.7712884375903102,1.0308820058387018,1.372092962589119,1.8507832635997639,1.1636442549020285,0.6503367957708966,12927
all,mdd,12927,-0.43626675581660024,-0.3014586321271843,-0.19549518861201565,-0.13015808965919362,-0.09650714432636105,-0.2361780185592755,0.1455670591182107,12927
all,daily_sigma,12927,0.010755766455496208,0.013225117668217108,0.017467668043776044,0.024559943183512865,0.034108483734886404,0.020801634495798468,0.011793603865950256,12927
2000-07,lb_p_r,4170,0.035794306791684015,0.14473949214868811,0.37892559583734586,0.6632403479738356,0.8559843886095456,0.41228403144489356,0.29707590620078883,4170
2000-07,acf1_r,4170,-0.14235157680281238,-0.08125917330248686,-0.015239017598428405,0.04323791061443747,0.0975275675246646,-0.019848815384227312,0.09494095245643347,4170
2000-07,abs_acf1_r,4170,0.011386447429598488,0.028467441791919457,0.062254230548745675,0.10748270433910419,0.15759913218483845,0.07568086712570136,0.06065382860684471,4170
2000-07,kurtosis,4170,0.3521180787469584,0.8729261553960651,1.951226501842652,4.555205999746494,10.765018928287303,4.629914000404543,8.661211104846597,4170
2000-07,jb_p,4170,7.584392039223306e-225,3.6530814516792967e-42,7.522342545857963e-09,0.01122110253374279,0.29210638456695015,0.0739730562461002,0.18976017031916198,4170
2000-07,hill,4170,2.3504898994361074,2.869245214034871,3.6539347093111143,4.596304668273806,5.786922611533254,3.914477020514661,1.48928371113113,4170
2000-07,lb_p_absr,4170,4.8760727886874554e-05,0.013970720799005533,0.2018037637980855,0.5838873060473008,0.8301598582024773,0.31473613647017656,0.3210799992020634,4170
2000-07,lb_p_r2,4170,0.0001172304987888726,0.03799976977276421,0.4540520804598538,0.9074671286346723,0.997328568267639,0.47545123599421657,0.3968256798034996,4170
2000-07,arch_lm_p,4170,0.000950284967294384,0.04524305252017122,0.3986850438920544,0.8414586319132971,0.9800313426836541,0.44664423102506434,0.3790111011177731,4170
2000-07,acf1_absr,4170,-0.02696636778773903,0.02482762464631405,0.08884048716134664,0.15350896726154806,0.21829759254293926,0.09285492192292404,0.09761802194640948,4170
2000-07,acf5_absr,4170,-0.05470293934419595,-0.013980800573530322,0.03749112383624034,0.09328942278078256,0.14602089661379292,0.042624010123666664,0.08047851012688223,4170
2000-07,acf10_absr,4170,-0.0658658024116314,-0.025579948331480952,0.022958183865870327,0.07224436534643879,0.12275135122752527,0.0263738308498931,0.07581266517963357,4170
2000-07,acf20_absr,4170,-0.07535314409407508,-0.03778413838029249,0.004339470406839784,0.048764105272017674,0.09341027497401219,0.007066698899624053,0.06623324795515648,4170
2000-07,acf50_absr,4170,-0.07349294703521614,-0.04064351644918099,-0.0033757066357930467,0.03556325645698496,0.07479261338098886,-0.0013238748272870902,0.05836875428280058,4170
2000-07,garch_alpha,4170,0.0,7.088746600336946e-12,0.06078109659736418,0.15259932780969612,0.2831361058245599,0.10969462577100718,0.1532933189961498,4170
2000-07,garch_beta,4170,3.4706291768226897e-13,0.455720563289013,0.816368845598741,0.9554968779451906,0.993982262420227,0.6685164561232508,0.3494020070970128,4170
2000-07,garch_persistence,4170,0.25809543505935617,0.6801106376218844,0.9162011304025812,0.9798175877584114,0.9967274434489917,0.778211081894258,0.2860746636262738,4170
2000-07,gjr_gamma,4170,-0.10775312929637965,-1.1124022900383271e-10,0.056090299076694605,0.17002131069636675,0.34723700348160225,0.09270457161953982,0.2855379511195599,4170
2000-07,leverage_corr,4170,-0.13407061867128442,-0.08284521466637557,-0.02524443287200859,0.030938568856948505,0.0815743463443017,-0.026316139647585602,0.08733139092610345,4170
2000-07,volume_absr_spearman,4170,0.16362032659071624,0.23250905652828088,0.30280365981841684,0.37363138887564573,0.4276382333965343,0.29913460524557933,0.10366617848975582,4170
2000-07,logvolume_acf1,4170,0.33755634295409037,0.4061004054644064,0.4755786637617091,0.5413403552613472,0.604729465710505,0.47231755946542525,0.10877683897374558,4170
2000-07,logvolume_shapiro_p,4170,7.200292220897994e-07,0.00010431374078605486,0.008697494325361802,0.15127201894865816,0.5088834398063081,0.13218830068530502,0.23156744431951756,4170
2000-07,skew,4170,-1.0053947968337023,-0.3212863337181931,0.05444298327592742,0.3814969920116916,0.8061930869784355,-0.06347190718885073,1.0998528047695857,4170
2000-07,worst_day,4170,-0.16170560370311604,-0.10100229428878793,-0.06765527676854366,-0.04510144098086816,-0.03300088279186162,-0.08752322632401799,0.07443570329357309,4170
2000-07,best_day,4170,0.03449039458169332,0.04724812068884168,0.06946315854197649,0.10066413415805464,0.14562292781960146,0.08212772538589569,0.05102713609576203,4170
2000-07,worst_over_best,4170,0.5542636334619907,0.7348162750716386,0.9750042912492081,1.3240834295465982,1.8524770077121402,1.1398928967744024,0.7242448611413821,4170
2000-07,mdd,4170,-0.43788552978582784,-0.30475682257583014,-0.2000737154448483,-0.13510892076505676,-0.09619947533670666,-0.24010802500461886,0.14870816203435935,4170
2000-07,daily_sigma,4170,0.0108216822400715,0.0137556173520119,0.01898413709341128,0.026148649675964718,0.03535347337755213,0.02184246292591459,0.012095065569106169,4170
2008-12,lb_p_r,2502,0.011201273103340988,0.08773949110856474,0.3089883275883527,0.6146631135369857,0.8316080222111264,0.3699022903635839,0.3023112404373246,2502
2008-12,acf1_r,2502,-0.16326303261732902,-0.10632776752816121,-0.045854163490816814,0.008753041289629778,0.060465770481609366,-0.050698294279149916,0.08868750378602269,2502
2008-12,abs_acf1_r,2502,0.012651039616345248,0.02977704965050794,0.0660910601348891,0.1136831458129551,0.16699680315747864,0.08003943354026236,0.06346609854975462,2502
2008-12,kurtosis,2502,0.3966100012120301,0.9111491683032907,1.8110775337321967,3.2958238482434785,6.667113465662353,3.2796062383111235,5.794550444910082,2502
2008-12,jb_p,2502,8.771739205541212e-88,1.3192100916534734e-22,1.5333579788600702e-07,0.008484715238884458,0.2967397641660547,0.07470792089205279,0.19249006216342748,2502
2008-12,hill,2502,2.521332490145725,3.0692075393025076,3.7768257422506353,4.687323281633038,5.716669445383926,4.02702347467909,1.4395168678183698,2502
2008-12,lb_p_absr,2502,2.8200037063497123e-11,2.0976409725968045e-05,0.0437235140010803,0.4219625538483371,0.7765725938124727,0.23163543617959803,0.307969102968126,2502
2008-12,lb_p_r2,2502,1.2865499324043093e-08,0.00019187487487104301,0.14349765589514102,0.7853032855999491,0.988998148990322,0.36027100336300855,0.3986734667125118,2502
2008-12,arch_lm_p,2502,1.581978712395954e-05,0.0029857584813688634,0.1897326715774667,0.7443469230668334,0.9600010161651016,0.35610246932000694,0.37748627327989237,2502
2008-12,acf1_absr,2502,-0.030359648314998263,0.0173049637809135,0.07671974630051434,0.1489637412940789,0.2241735515253144,0.08857343429062717,0.10082246357797235,2502
2008-12,acf5_absr,2502,-0.023669370835907446,0.027052478129194635,0.08552974710281444,0.14651665188823754,0.2073475107197039,0.09024300719859717,0.09206290002671444,2502
2008-12,acf10_absr,2502,-0.04060201841738027,0.0044349444372616745,0.060690206575861314,0.1213525182827271,0.1709758113701561,0.0637071104257315,0.081705894496893,2502
2008-12,acf20_absr,2502,-0.06255253794498498,-0.02831004491347355,0.019115359624224088,0.07064228455021197,0.11487299331353945,0.023031893965111305,0.07002279236454252,2502
2008-12,acf50_absr,2502,-0.08415410441544627,-0.05539598643901855,-0.01820651674865606,0.01904581353878381,0.053201585084791815,-0.016471981856185248,0.05615013205529035,2502
2008-12,garch_alpha,2502,0.0,2.5323022918704868e-15,0.03895633885988785,0.1094156734396434,0.18732695033668095,0.07356223256171407,0.1100368312435228,2502
2008-12,garch_beta,2502,0.4764084650316599,0.791465361833699,0.9016756105994594,0.9804807809574699,0.9914677118203953,0.814751971624597,0.2517253181684484,2502
2008-12,garch_persistence,2502,0.6864113021686097,0.9077261456301451,0.9693031751725169,0.9889613012338239,0.9964326310682629,0.888314204186311,0.2097016962920997,2502
2008-12,gjr_gamma,2502,-0.012556654620031684,2.0487926287989822e-11,0.06438067716013156,0.1557622511678292,0.26755790891032566,0.09588246209582815,0.20844266205922043,2502
2008-12,leverage_corr,2502,-0.15324824140445376,-0.10285930248900914,-0.05441670689469749,-0.00016778309886072886,0.050889293636854925,-0.052604113390583566,0.08216153180068902,2502
2008-12,volume_absr_spearman,2502,0.20638831990720274,0.27623857205789043,0.34105690431897107,0.40516647101599745,0.46202240836893216,0.337542810003521,0.09961206621545297,2502
2008-12,logvolume_acf1,2502,0.42678570526693177,0.48401689379322044,0.5441447533973417,0.6031740942110281,0.6567212966262889,0.5430945333422967,0.09447846590736991,2502
2008-12,logvolume_shapiro_p,2502,5.116652916795809e-07,7.150004278838032e-05,0.005251066952638892,0.10427924321304607,0.4271584746908787,0.11132181633495057,0.21254622027244732,2502
2008-12,skew,2502,-0.7034771201112201,-0.32893687595652,-0.02748529891060273,0.24467911541700282,0.5726155383830791,-0.06520767774532185,0.7732182601103439,2502
2008-12,worst_day,2502,-0.1748031588822952,-0.11741264079112501,-0.07688987679497306,-0.05217358591807286,-0.0379808869678246,-0.09652158169506257,0.07302080819998516,2502
2008-12,best_day,2502,0.037950839860362344,0.051973583287377556,0.0751639301139091,0.11333730544278775,0.16762525796267244,0.09269037727262348,0.06251170438198546,2502
2008-12,worst_over_best,2502,0.6347848844139414,0.7938902131005675,1.0114154715411137,1.2895646196968993,1.6539829752409894,1.1086504489836702,0.5082246195925662,2502
2008-12,mdd,2502,-0.5110692294395524,-0.3620254909964302,-0.23598825005998975,-0.14625849405751196,-0.10169665883432903,-0.2764816053468463,0.16875553881915595,2502
2008-12,daily_sigma,2502,0.011790160824982156,0.015585112278290925,0.021306735431666522,0.030511054764559654,0.04279184700767388,0.025346542096232945,0.015238309681930833,2502
2013-19,lb_p_r,3753,0.06262237326341165,0.195423666188082,0.44447487379567907,0.7050543845037923,0.8826851049873016,0.45885128865072694,0.29582881342521733,3753
2013-19,acf1_r,3753,-0.10378000679043582,-0.05912858742526557,-0.007652802844534926,0.04301434726347937,0.0899724867137078,-0.007742889294066349,0.07763403526062819,3753
2013-19,abs_acf1_r,3753,0.009633654314461781,0.025214564642351795,0.05204402600805315,0.08736815122267363,0.12776605044647607,0.06187123764595397,0.04751780116115668,3753
2013-19,kurtosis,3753,0.725219083066122,1.330230571526104,2.5812159875964307,5.682481936160514,12.866669356251965,5.400374869341683,8.89367034911564,3753
2013-19,jb_p,3753,4.06193784725066e-310,7.918211939793212e-65,8.595949236273017e-15,0.0001009737430129714,0.04026260944701786,0.03098784138328915,0.1214920630924546,3753
2013-19,hill,3753,2.2160692515199636,2.7218433393410084,3.3927224629649966,4.265732590968768,5.298278867693828,3.6391713686562763,1.3279980509019766,3753
2013-19,lb_p_absr,3753,9.78004519770708e-05,0.01996006464300624,0.2303213697064973,0.6089494142561963,0.8686446591182364,0.33539331079530976,0.32851646277249696,3753
2013-19,lb_p_r2,3753,0.0007971046286922248,0.08474333323568098,0.5985439577087062,0.9676655216681708,0.9991414411563232,0.5400845227533766,0.4013826041242015,3753
2013-19,arch_lm_p,3753,0.002077762010576644,0.07912144722253973,0.5495035601729216,0.9155407031235382,0.9912256858737593,0.5082091369935449,0.3889464547972995,3753
2013-19,acf1_absr,3753,-0.018852750167439307,0.03209152413978386,0.09099536350360335,0.1504331540837265,0.21397765739261077,0.09457587929579592,0.09085204922101943,3753
2013-19,acf5_absr,3753,-0.056835010947224804,-0.021320923239728368,0.025654445857992706,0.07701439743238592,0.12926155142969417,0.031208095307401967,0.07391560316654736,3753
2013-19,acf10_absr,3753,-0.06374536209326312,-0.02510524098446637,0.02164880088901984,0.07310385135488169,0.1220929107335108,0.026587820905079648,0.07350228584431284,3753
2013-19,acf20_absr,3753,-0.07409231171747561,-0.03631341007727826,0.005976122996882305,0.054747971316845924,0.10179943781298868,0.0108112848531651,0.06901171313719924,3753
2013-19,acf50_absr,3753,-0.06621913815884412,-0.03547344161751049,0.00069940510400823,0.03914273873188158,0.07808673633640784,0.0037196942571015037,0.05705520700147369,3753
2013-19,garch_alpha,3753,0.0,5.052089788420612e-12,0.05864360864814733,0.15694605506039422,0.3014632653037182,0.1157224638244024,0.1661833846570094,3753
2013-19,garch_beta,3753,3.47566971771542e-13,0.4116060774916709,0.7782069787140861,0.9544606976513071,0.9999999913234557,0.6508551100882402,0.3528785630465197,3753
2013-19,garch_persistence,3753,0.2365787120231356,0.6591251552107801,0.9030639368970328,0.9843008035449209,1.0,0.7665775739126426,0.2931129245825435,3753
2013-19,gjr_gamma,3753,-0.14843300201851825,-1.5115592923603216e-10,0.06200734001205178,0.20002737509707175,0.3911422451802396,0.09974554968194614,0.3184943518911771,3753
2013-19,leverage_corr,3753,-0.15101242282322955,-0.09686481581956582,-0.041115559014388764,0.015215930516750692,0.06831144710902835,-0.04192720087055218,0.08568265984003864,3753
2013-19,volume_absr_spearman,3753,0.197822436839362,0.26366388258937995,0.33716418772496903,0.40461187394414067,0.46478552419766817,0.33362017131716337,0.10307352565525886,3753
2013-19,logvolume_acf1,3753,0.3798094757645174,0.4424487165880238,0.5101972167871982,0.5756530599823297,0.6382253255655096,0.5097528571211681,0.10080883054114662,3753
2013-19,logvolume_shapiro_p,3753,1.862611235721012e-07,2.741489371563994e-05,0.0025940666839065177,0.07574390081285265,0.382887389312311,0.09738188985163987,0.19985467324551767,3753
2013-19,skew,3753,-1.2335206595674233,-0.6143037130383543,-0.20764188912424875,0.20994573115906606,0.8160439829626933,-0.22661297260294322,1.1497990979902737,3753
2013-19,worst_day,3753,-0.10951156968808302,-0.07521954665087272,-0.05358478432493996,-0.04076602841091237,-0.03186562210809045,-0.06563782602325939,0.043356974153686195,3753
2013-19,best_day,3753,0.029158070175481575,0.03699110712088416,0.049986817851737086,0.07173762580682297,0.10543433830799982,0.061516005026463386,0.04152978901623256,3753
2013-19,worst_over_best,3753,0.5608692306938958,0.7823057716116268,1.0814641162928647,1.4748781060314573,1.9526536629128433,1.2134919201278656,0.6606668062490368,3753
2013-19,mdd,3753,-0.3325348161652841,-0.23061147073047383,-0.15452424107456508,-0.11193858337913065,-0.08730851329793962,-0.18606533693835225,0.10660065405902452,3753
2013-19,daily_sigma,3753,0.009807189243219853,0.01150398601921068,0.013997812642369252,0.01765188141456213,0.022572798985475588,0.01548195559681642,0.006209170392151492,3753
2020-24,lb_p_r,2502,2.168163493665895e-05,0.1151991714873701,0.4228921972002296,0.7117387423903256,0.8890022362749588,0.4316037751781058,0.32282114710527976,2502
2020-24,acf1_r,2502,-0.15190721595206672,-0.07840134176614297,-0.020099305507141747,0.0342270999177682,0.07998284827277422,-0.03096928522533866,0.0989098349563178,2502
2020-24,abs_acf1_r,2502,0.011106534068287346,0.026595478873388326,0.05701796011412427,0.09891456659163896,0.15896427451619385,0.07544077138052069,0.07105666726968109,2502
2020-24,kurtosis,2502,0.4934286196716357,1.0976096408619564,2.719643769155595,5.930370160741205,11.241894536721398,4.998875797399192,7.548684316498607,2502
2020-24,jb_p,2502,9.240706210490011e-246,9.474668819582255e-70,1.0719879925012561e-15,0.001368329968446534,0.18342046999935335,0.05728085757262632,0.16968854396125227,2502
2020-24,hill,2502,2.2172323032484345,2.6763321113647813,3.4062634144648376,4.290324132295769,5.405224063578439,3.658942382340148,1.37669843170792,2502
2020-24,lb_p_absr,2502,1.8606368726873128e-42,0.0034128624933653946,0.23962321035234296,0.6024469632888305,0.8413233388082372,0.3270697132284107,0.32506934294260853,2502
2020-24,lb_p_r2,2502,2.442558343681105e-21,0.012414501022522374,0.46847533939449615,0.9215711049181492,0.9965861936574673,0.47906071517739895,0.40347977209181113,2502
2020-24,arch_lm_p,2502,6.154562214756118e-09,0.019889684044541875,0.40196072958725604,0.8640274103646195,0.9780365601159051,0.44780606742623674,0.3880754286054679,2502
2020-24,acf1_absr,2502,-0.025092128505743518,0.02277989225880207,0.08791062047776614,0.17473574023945285,0.3641330523153622,0.12284776162629955,0.147071938086668,2502
2020-24,acf5_absr,2502,-0.05272892426128667,-0.008889610668215456,0.04575802337512658,0.12590846048594864,0.3087212204847797,0.08199370944247474,0.13626954784310688,2502
2020-24,acf10_absr,2502,-0.07143039540923561,-0.03186029762819985,0.021284175246614745,0.0965781056993817,0.234708692552012,0.04843663572644899,0.11767856874330114,2502
2020-24,acf20_absr,2502,-0.06899151688535696,-0.02978202673072372,0.014941623157530151,0.06697214311463012,0.12759521153424067,0.022164783467972446,0.07490938226296369,2502
2020-24,acf50_absr,2502,-0.11545750721331663,-0.07077583877729049,-0.02745570418651254,0.016467402189629565,0.05497778097070857,-0.02791535894776401,0.06750331725396587,2502
2020-24,garch_alpha,2502,0.0,2.6836289555283487e-11,0.07276982331638936,0.18764741054529205,0.28439203348619807,0.11757022559284214,0.1451061156113613,2502
2020-24,garch_beta,2502,1.7792240133729984e-11,0.4700072914262301,0.7780039816656987,0.9304353638993028,0.9966544355341137,0.6593474289286448,0.3335267600285088,2502
2020-24,garch_persistence,2502,0.24051541711451943,0.6770546958395246,0.9124392641712328,0.9933287256394869,1.0,0.7769176545214871,0.29226549438280486,2502
2020-24,gjr_gamma,2502,-0.13252792087880844,-1.0070506133006992e-09,0.05612096740510305,0.18693300897274404,0.3137805752662986,0.08179021655105666,0.2658181923477544,2502
2020-24,leverage_corr,2502,-0.15700539387584161,-0.09360631428079301,-0.03680631892560701,0.022848708585732288,0.07069919446188824,-0.038947218341219905,0.08986430811628793,2502
2020-24,volume_absr_spearman,2502,0.19707251830932945,0.2587583262535552,0.3302244998042607,0.41363755161558247,0.5042710801744132,0.341613868914355,0.12009135297139537,2502
2020-24,logvolume_acf1,2502,0.3886395007611521,0.45068591105389666,0.520694097775548,0.5981598116676922,0.6781813893007494,0.5268787731361866,0.11373218416588553,2502
2020-24,logvolume_shapiro_p,2502,2.656174372717914e-08,7.000908936650453e-06,0.0009817073444124674,0.038671930975984065,0.2600090962960074,0.07629465386532322,0.17689482979341584,2502
2020-24,skew,2502,-1.1175338267733441,-0.5276514768034275,-0.15630161443858423,0.21240874003283766,0.7032133218293815,-0.18589727281623425,1.0071615095968947,2502
2020-24,worst_day,2502,-0.17415263699770092,-0.11384069109960915,-0.0739186232359419,-0.05262349926274046,-0.04143769957696292,-0.09546296084435509,0.06994745916284263,2502
2020-24,best_day,2502,0.039118707891423556,0.04970030046010987,0.07199131914626777,0.11215204896042907,0.1565760547446573,0.08865590465751147,0.05751185604406542,2502
2020-24,worst_over_best,2502,0.5711334726812411,0.7935193181151791,1.0700428520047556,1.39634059176218,1.8839359043060926,1.1834521598610086,0.6247709391716237,2502
2020-24,mdd,2502,-0.4657782228560645,-0.3366575278108941,-0.2263114864984167,-0.15842431317062788,-0.11583734845325995,-0.26449344346085063,0.1445872467902486,2502
2020-24,daily_sigma,2502,0.012714693392834495,0.01520405980603384,0.019570031169007927,0.026927592571685786,0.035397141326115385,0.022501531193643513,0.010822687974222265,2502
