feature_set,model,target,phase_group,n,R2,R2_lo,R2_hi,sign_acc_resolvable,n_resolvable,sign_lo,sign_hi,R2_shuffledV,MAPE_V,MAPE_lo,MAPE_hi,R2_price_only,selectivity_R2
full,ridge,x,calm,119663,0.4215007498578496,0.34757791774643615,0.48365931424507774,0.8552392304283378,65439.0,0.8387251069771968,0.8706792925074014,-0.0033103479468024055,,,,-0.002287728735843597,0.4237884785936932
full,ridge,x,event,94915,0.8582382137628426,0.848580687462386,0.8678244252733016,0.930271530577549,82348.0,0.9235645684841481,0.9364015663334642,-0.0022066407392082876,,,,0.6349274560922972,0.22331075767054542
full,ridge,x,resolution,73422,0.8422396203570033,0.827533366959813,0.8564290308476363,0.9549483702413536,64304.0,0.9478254534657088,0.9619877874127812,-0.0037915904844507686,,,,0.14104302648243916,0.7011965938745641
full,ridge,x,all,288000,0.7987343924459929,0.7858238049386771,0.8096469661515364,0.9146026941265778,212091.0,0.9075630536066923,0.9207492595919922,-0.002914751313939812,,,,0.409971459979517,0.38876293246647586
full,ridge,logV,calm,119663,0.18408737610997727,0.12722014431677542,0.24064094857528334,,,,,-0.003295578700955426,0.13527237505330206,0.13003399011307779,0.14056454273218374,0.09376211092979458,0.09032526518018269
full,ridge,logV,event,94915,0.3546875052805656,0.3067384244380671,0.39731987294655224,,,,,-0.0059258284631964475,0.14576624534338775,0.13888782422966778,0.15309428589900878,0.32186436466162005,0.032823140618945534
full,ridge,logV,resolution,73422,-0.06238597245366706,-0.13380554525807845,-0.008898005309511915,,,,,-0.004856425972752598,0.20025885936246116,0.19211285085278085,0.20972854663704837,-0.36139874315069687,0.2990127706970298
full,ridge,logV,all,288000,0.3084993311386284,0.28197747149502883,0.3328803529897449,,,,,-0.003572881720838028,0.1552982894613943,0.15067713891866008,0.16038379121680896,0.20328266777981419,0.10521666335881419
full,gbt,x,calm,119663,0.8234841754455295,0.7993457793844497,0.8451552492897848,0.9147144669081129,65439.0,0.9041667666005085,0.9249335458338935,-0.029346506435282915,,,,0.08628241480839238,0.7372017606371372
full,gbt,x,event,94915,0.9438027957123134,0.9394241598001645,0.9471032713128937,0.9476004274542187,82348.0,0.9419908502476338,0.9523504751876548,-0.06160856336607412,,,,0.681446519213314,0.2623562764989994
full,gbt,x,resolution,73422,0.9376937042358247,0.9305223565482842,0.9439073511015478,0.9700018661358547,64304.0,0.9643409101175353,0.976111658342887,-0.05199892141550566,,,,0.40586407372543587,0.5318296305103888
full,gbt,x,all,288000,0.9274707393802422,0.9227752042486058,0.9319202545661865,0.9442456304133603,212091.0,0.9396636312225373,0.9483946655890808,-0.047111338450425144,,,,0.5272085874587782,0.40026215192146397
full,gbt,logV,calm,119663,0.5738772282950437,0.5364920541022944,0.6102385729332644,,,,,-0.041514781691913916,0.09828933718137389,0.09496611572338381,0.10198521000432514,0.20050727153049885,0.3733699567645449
full,gbt,logV,event,94915,0.5119896691807792,0.48270378341745224,0.5421177898525167,,,,,-0.07082542312711748,0.122388467738247,0.1173383046847407,0.1278926696251201,0.3455782266641748,0.16641144251660434
full,gbt,logV,resolution,73422,0.16898725918554425,0.11311050238316869,0.2200420432784925,,,,,-0.07848080799027879,0.1718719691683066,0.16454985500720273,0.17963379396658477,-0.09293423004001622,0.26192148922556047
full,gbt,logV,all,288000,0.5291131454388797,0.5091601719187947,0.5513694750240132,,,,,-0.060929792168782804,0.12499056281522869,0.12132274413836688,0.12870245537693917,0.3037641292466441,0.22534901619223557
full,mlp,x,calm,119663,0.7152238215630058,0.6780244680424031,0.7472112577965692,0.9080212105930714,65439.0,0.897351258192386,0.9180299961055203,-0.1600035174906398,,,,0.07497679870551699,0.6402470228574888
full,mlp,x,event,94915,0.9008838287122811,0.885620776538891,0.911547161467613,0.9468475251372225,82348.0,0.9416313305686252,0.9517139233770732,-0.19074609981821644,,,,0.7082068595687278,0.19267696914355337
full,mlp,x,resolution,73422,0.8885378084218966,0.8783088597767914,0.8980621570009825,0.9657564070664344,64304.0,0.9597240916381553,0.9726623598848056,-0.196111930838345,,,,0.5064231616301382,0.38211464679175833
full,mlp,x,all,288000,0.8752114938579232,0.8646112015582085,0.8838819931486891,0.940600968452221,212091.0,0.9358150608027076,0.9448483621052703,-0.1817391391532177,,,,0.570389444708115,0.30482204914980815
full,mlp,logV,calm,119663,0.4869018442220241,0.44115324982508547,0.532858774643709,,,,,-0.0935464425091932,0.10787448935770044,0.10411587740354158,0.11151122800986517,0.19564530197413843,0.29125654224788566
full,mlp,logV,event,94915,0.47797382351356077,0.44165696881439415,0.5096469533487797,,,,,-0.14590696055265084,0.12750828175756057,0.12259703770723376,0.13285083977997414,0.35094813677220393,0.12702568674135684
full,mlp,logV,resolution,73422,0.04343446959347208,-0.02477540830600409,0.10678361418263084,,,,,-0.1533717427487835,0.185060766731105,0.17812817052214505,0.1925456944150108,-0.0414559631074114,0.08489043270088348
full,mlp,logV,all,288000,0.46358792442369756,0.4400028764612226,0.48775192799439354,,,,,-0.1271320024359912,0.13402279582625196,0.13048974303273175,0.1374314588494643,0.3155597975629628,0.14802812686073474
price_only,ridge,x,calm,119663,-0.002287728735843597,-0.04458809341389866,0.035647973052681775,0.5773009978758844,65439.0,0.5589884490525019,0.5946565885588387,,,,,-0.002287728735843597,
price_only,ridge,x,event,94915,0.6349274560922972,0.6150054349623439,0.6562536892376243,0.8362801768106086,82348.0,0.8261690311798611,0.8466536639278963,,,,,0.6349274560922972,
price_only,ridge,x,resolution,73422,0.14104302648243916,-0.037355293952723585,0.24022777849603422,0.6291054988803185,64304.0,0.6160404002701809,0.6440864048084606,,,,,0.14104302648243916,
price_only,ridge,x,all,288000,0.409971459979517,0.3549702137491095,0.44884062661632473,0.6935607828715032,212091.0,0.6848283024326095,0.7026078745065222,,,,,0.409971459979517,
price_only,ridge,logV,calm,119663,0.09376211092979458,0.046238705303612904,0.1378618985982131,,,,,,0.14553346032597522,0.14081680532079285,0.1510882269109039,0.09376211092979458,
price_only,ridge,logV,event,94915,0.32186436466162005,0.2804598560251322,0.35988757478257105,,,,,,0.15084867188143075,0.14393006845838727,0.1581756597425501,0.32186436466162005,
price_only,ridge,logV,resolution,73422,-0.36139874315069687,-0.839600956004735,-0.12454426993184381,,,,,,0.2147981824710486,0.20560680634942963,0.2258700764027458,-0.36139874315069687,
price_only,ridge,logV,all,288000,0.20328266777981419,0.10466608046748115,0.2596824903211257,,,,,,0.16494334829167534,0.16039728256816202,0.17027855587290797,0.20328266777981419,
price_only,gbt,x,calm,119663,0.08628241480839238,0.04307192621580922,0.12208898034440685,0.5681168722015923,65439.0,0.5497424789839469,0.5858789689922907,,,,,0.08628241480839238,
price_only,gbt,x,event,94915,0.681446519213314,0.6608981282326604,0.7026735594939258,0.8206392383543013,82348.0,0.8106334330897258,0.8304706322676296,,,,,0.681446519213314,
price_only,gbt,x,resolution,73422,0.40586407372543587,0.3768914265882176,0.4332230142620145,0.7651157004229908,64304.0,0.7520879458115486,0.7798070116324021,,,,,0.40586407372543587,
price_only,gbt,x,all,288000,0.5272085874587782,0.5055222010511364,0.5461121733550623,0.725891244795866,212091.0,0.7164944159717952,0.7347235473024153,,,,,0.5272085874587782,
price_only,gbt,logV,calm,119663,0.20050727153049885,0.15937474270237442,0.24015200781460788,,,,,,0.13612241473800432,0.13131064361146125,0.14122869719429976,0.20050727153049885,
price_only,gbt,logV,event,94915,0.3455782266641748,0.31232157608883626,0.3768392981893866,,,,,,0.14733550842100748,0.1410109182578698,0.15488966347076027,0.3455782266641748,
price_only,gbt,logV,resolution,73422,-0.09293423004001622,-0.14982357524960965,-0.040049206424306746,,,,,,0.20274895442478866,0.19426723859915626,0.21315481002079353,-0.09293423004001622,
price_only,gbt,logV,all,288000,0.3037641292466441,0.28540679997092505,0.32090797158811146,,,,,,0.15680347232066172,0.15242058723766017,0.1617317027715292,0.3037641292466441,
price_only,mlp,x,calm,119663,0.07497679870551699,0.019669870193441,0.11746686442877238,0.6067329879735326,65439.0,0.5917340296100234,0.6206741800852527,,,,,0.07497679870551699,
price_only,mlp,x,event,94915,0.7082068595687278,0.6852294425522845,0.7310823102230555,0.8365837664545587,82348.0,0.8271563489452679,0.845372715860712,,,,,0.7082068595687278,
price_only,mlp,x,resolution,73422,0.5064231616301382,0.4753403126260899,0.5340083397342749,0.7775255038566807,64304.0,0.7643797748860353,0.7894363726520074,,,,,0.5064231616301382,
price_only,mlp,x,all,288000,0.570389444708115,0.5441385587396427,0.5919569041337234,0.7477592165627018,212091.0,0.7392225498147685,0.754910096338023,,,,,0.570389444708115,
price_only,mlp,logV,calm,119663,0.19564530197413843,0.14947269048009665,0.23713132094416037,,,,,,0.1358025410225867,0.1308668029704914,0.14082610968921871,0.19564530197413843,
price_only,mlp,logV,event,94915,0.35094813677220393,0.31185178064497815,0.38528077167145014,,,,,,0.14574064103220066,0.13981554523143166,0.15265543384118277,0.35094813677220393,
price_only,mlp,logV,resolution,73422,-0.0414559631074114,-0.12219460651278401,0.01911001656798031,,,,,,0.19444553100673792,0.1853704803379567,0.20530423837572057,-0.0414559631074114,
price_only,mlp,logV,all,288000,0.3155597975629628,0.2901942480995228,0.33630799593404026,,,,,,0.15402809787338137,0.14977596982185368,0.15877539197625157,0.3155597975629628,
