seed,scenario,attempts,rejected,accepted,script_r2,n_event_days,topped,max_x,sd_x
241000,bull_trap,1,0,True,0.007612194666783651,113,False,0.3797469130897785,0.13658271346347567
241001,bull_trap,1,0,True,0.0013358655617845862,146,False,0.4042540003839122,0.1455576183499579
241002,bull_trap,1,0,True,0.007270981031477982,101,False,0.36192741500978093,0.1278558986942172
241003,bull_trap,1,0,True,0.019950910186048866,100,False,0.46032750022795266,0.18771851337084483
241004,bull_trap,1,0,True,0.00474614764425418,96,False,0.3869942057194345,0.124500022473422
241005,bull_trap,1,0,True,3.3197143897640353e-06,127,False,0.35178520730831636,0.10741720726759332
241006,bull_trap,1,0,True,0.0003988939464456181,117,False,0.36918545544769843,0.13860221056523103
241007,bull_trap,1,0,True,0.00027361090385875296,114,False,0.4007837362376077,0.1712279855236303
241008,bull_trap,1,0,True,0.31646055163914594,139,True,0.315002071054397,0.11156438584078576
241009,bull_trap,1,0,True,0.085203310982443,142,True,0.4155665963853194,0.13794255820161225
241010,bull_trap,1,0,True,0.026208764801298443,149,True,0.5173217258005193,0.16612412183292286
241011,bull_trap,1,0,True,0.06025052196708906,97,False,0.3093628895368256,0.14087785498332997
241012,bull_trap,1,0,True,0.02210984741573828,127,False,0.3811319817213769,0.13467005759677153
241013,bull_trap,1,0,True,0.0018420950458967501,140,False,0.4082504371383527,0.1278225552100107
241014,bull_trap,1,0,True,0.006474554274482665,123,False,0.3977114579469727,0.11016781432328981
241015,bull_trap,1,0,True,0.01279543642109228,131,False,0.3950857149844903,0.14354285539147207
241016,bull_trap,1,0,True,0.030145092845220937,119,False,0.3036860326955589,0.12904461863988045
241017,bull_trap,1,0,True,0.0032597896476501366,146,False,0.44104836566607464,0.1354716363381006
241018,bull_trap,2,1,True,0.0009353096016692678,121,False,0.4802907332864061,0.16680641457604026
241019,bull_trap,1,0,True,1.0218243858361389e-05,99,False,0.3471132024921502,0.14836764797565496
241020,bull_trap,1,0,True,0.4481652629581931,94,True,0.3200272802570835,0.10550821837502745
241021,bull_trap,1,0,True,0.010445582421012298,120,False,0.42293676339098185,0.15297768268735717
241022,bull_trap,2,1,True,0.009880801894511296,103,False,0.3280925936516585,0.10230443092771654
241023,bull_trap,1,0,True,0.0016318014214408063,114,False,0.3608874734310635,0.09545493791199826
241024,bull_trap,1,0,True,0.0033847068531652025,133,False,0.3846522086466858,0.1171978949119408
241025,bull_trap,1,0,True,0.0036513521757123384,146,False,0.3833648079351934,0.13518020961164484
241026,bull_trap,2,1,True,0.004665427079512665,131,False,0.4546168456906854,0.1667164567522493
241027,bull_trap,1,0,True,0.0871540822770052,102,True,0.3957205086373126,0.10500304352120633
241028,bull_trap,1,0,True,5.4162763866495724e-06,124,False,0.47481923929576686,0.1425665305791752
241029,bull_trap,1,0,True,0.0006842390662498205,106,False,0.3451817841215198,0.12187101500528086
241030,bull_trap,1,0,True,0.005242490333577692,92,False,0.3389900505379382,0.10544102775976878
241031,bull_trap,1,0,True,0.017176936512144778,114,False,0.4113344191737182,0.14263856801848293
241032,bull_trap,1,0,True,0.005171158038479106,121,False,0.4642747453703203,0.16774002995863668
241033,bull_trap,1,0,True,0.00026175456151919876,105,False,0.43284712407381953,0.1414227197876227
241034,bull_trap,1,0,True,0.0011935974311334857,111,False,0.37857825563557274,0.16055159000326752
241035,bull_trap,1,0,True,2.8961457825757712e-05,142,False,0.3721248529165036,0.11491027944650559
241036,bull_trap,1,0,True,9.115416248893286e-06,91,False,0.3225837640838496,0.10485528814726909
241037,bull_trap,2,1,True,0.008165157738474524,112,False,0.3735408950890852,0.13731726674551709
241038,bull_trap,1,0,True,0.0043032803369063306,136,False,0.662793343189505,0.2405105979215128
241039,bull_trap,1,0,True,7.915569406327564e-06,123,False,0.450901767112377,0.1435497621492956
241040,bull_trap,2,1,True,0.008019374847946561,139,False,0.4266738340203657,0.12112872574467827
241041,bull_trap,1,0,True,0.0017664234499493326,105,False,0.5430166818358274,0.19014370243395987
241042,bull_trap,1,0,True,0.017499922253199338,128,False,0.3681520359473475,0.0997547725176586
241043,bull_trap,1,0,True,0.012482811851440253,116,False,0.412104235512125,0.15248657673809574
241044,bull_trap,1,0,True,0.0022670258991820923,121,False,0.3763963038130662,0.11557098377331483
241045,bull_trap,1,0,True,0.004139557141459124,98,False,0.304861565355555,0.1004165237446557
241046,bull_trap,1,0,True,0.006127901928497078,143,False,0.41760469270686434,0.10481023474479202
241047,bull_trap,1,0,True,0.0055066146748638,131,False,0.3640888228193114,0.16650712294590073
241048,bull_trap,1,0,True,0.05161632676538251,111,False,0.38720441991934273,0.132551546678439
241049,bull_trap,3,1,True,0.0020657548340162956,141,False,0.3791530813119521,0.13867520165963526
241050,bull_trap,1,0,True,0.008816803774015489,93,False,0.3385878901800761,0.09416501736421268
241051,bull_trap,1,0,True,0.00011878208499263548,149,False,0.40993565151169703,0.13797194990121495
241052,bull_trap,1,0,True,0.00196657123846526,92,False,0.3640667255671527,0.10796250858432078
241053,bull_trap,1,0,True,0.03959023778762302,105,False,0.4189226539118743,0.14194597261726163
241054,bull_trap,1,0,True,0.014996273898234054,124,False,0.4417371587232916,0.1488407084335605
241055,bull_trap,1,0,True,0.012165510953307824,105,False,0.3931833177491209,0.15567506525529937
241056,bull_trap,1,0,True,9.008792564515603e-05,101,False,0.3981519122488401,0.12539622197614508
241057,bull_trap,1,0,True,0.00020278638657859343,123,False,0.3902738199002806,0.12800544401786748
241058,bull_trap,1,0,True,0.0019414178393433411,148,False,0.48267085393490483,0.14855703902495415
241059,bull_trap,1,0,True,0.03949066266802376,107,False,0.4256970291505983,0.13866859381239036
241060,bull_trap,1,0,True,3.130668270769366e-05,138,False,0.3869184274832143,0.13302002721492134
241061,bull_trap,1,0,True,0.0014723078615772572,143,False,0.4111105958421734,0.1610386631958271
241062,bull_trap,1,0,True,0.023588797491832694,139,True,0.46219857555402805,0.17782240017271073
241063,bull_trap,1,0,True,2.1207721640536114e-05,147,False,0.5507473839199236,0.18987091498489883
241064,bull_trap,1,0,True,0.0024698912671213226,125,False,0.4493847522860624,0.15119869435839897
241065,bull_trap,1,0,True,0.013495395312905072,96,False,0.37095817192707775,0.10572248734622727
241066,bull_trap,1,0,True,6.923102595695652e-06,114,False,0.4268039527503755,0.1266905239117684
241067,bull_trap,1,0,True,0.002292558638000166,100,False,0.48026911138069095,0.128471082608722
241068,bull_trap,1,0,True,0.0008464379647071857,114,False,0.34402068783889833,0.09879186563437625
241069,bull_trap,1,0,True,9.046149598369713e-05,129,False,0.42903069653510567,0.13623065099459122
241070,bull_trap,1,0,True,0.28343236318945964,135,True,0.3798785734806592,0.1448258462407108
241071,bull_trap,1,0,True,0.0007115638401060951,123,False,0.4216592426849539,0.13972499130920257
241072,bull_trap,1,0,True,0.0003069345796416903,147,False,0.401950740636232,0.19801568235079234
241073,bull_trap,1,0,True,0.037094798375267746,91,False,0.3261966359202052,0.09151342204981501
241074,bull_trap,2,1,True,0.00014138711206067078,145,False,0.4549509954678862,0.18227828900403886
241075,bull_trap,1,0,True,0.001296391296583341,90,False,0.3594645332713017,0.12958849690289836
241076,bull_trap,1,0,True,0.36214934939634447,148,True,0.42672065516032565,0.1686053949507884
241077,bull_trap,1,0,True,0.006965146623590494,132,False,0.4862496356434537,0.18294962635484716
241078,bull_trap,1,0,True,0.0014184555292611214,143,False,0.37934575750042865,0.12022052813327207
241079,bull_trap,1,0,True,0.013993654480241003,139,False,0.34543971601868995,0.12179967767271765
241080,bull_trap,2,1,True,0.001897720050981482,108,False,0.34629399454530907,0.11610889928348221
241081,bull_trap,1,0,True,0.6321545351416369,111,True,0.30675826992506927,0.13688649820438487
241082,bull_trap,1,0,True,0.0006976528170305639,99,False,0.34582142452878983,0.08224944239862891
241083,bull_trap,1,0,True,0.19815855071004057,142,True,0.4598933474645608,0.15892697706473444
241084,bull_trap,1,0,True,0.0037340683275055376,102,False,0.4083687980532799,0.1625880420208052
241085,bull_trap,1,0,True,0.1970072972134859,148,True,0.37284474070019813,0.09027846369978229
241086,bull_trap,2,1,True,0.016963101845977598,149,False,0.4002202072380676,0.1366454128051783
241087,bull_trap,1,0,True,0.01337001204986505,107,False,0.40167152486362645,0.16042013290555265
241088,bull_trap,1,0,True,0.1342826502588925,137,True,0.44508690051070104,0.17081183951071954
241089,bull_trap,1,0,True,0.002807367295864766,116,False,0.34743746843335155,0.11470684208624009
241090,bull_trap,1,0,True,0.06475779323374958,96,False,0.30559725315856956,0.08322560514453325
241091,bull_trap,1,0,True,0.002058138227506922,131,False,0.48784205966717664,0.161895581595839
241092,bull_trap,2,1,True,0.0001756666933218872,103,False,0.33000378544012576,0.11832900850657246
241093,bull_trap,1,0,True,0.0006581526513380521,132,False,0.44959823578703384,0.1328758685830143
241094,bull_trap,2,1,True,0.18548117372263617,145,True,0.417847646198883,0.1281115794070996
241095,bull_trap,2,1,True,0.013293353184652653,127,False,0.4976601592316025,0.14552642825590614
241096,bull_trap,1,0,True,0.002801329185698178,110,False,0.4243791484513316,0.12199720970821006
241097,bull_trap,1,0,True,0.04429625635493933,90,False,0.47599553346969037,0.15566587665527823
241098,bull_trap,2,1,True,0.008972885602120678,118,False,0.47892339133607126,0.15148829169049138
241099,bull_trap,1,0,True,0.006653967172097071,122,False,0.47997621841609484,0.15289171725951994
241100,bull_trap,1,0,True,0.023198817636797164,100,False,0.44543903286751946,0.12547568578071802
241101,bull_trap,1,0,True,0.0036956160837401477,147,False,0.44828488240066433,0.1646522157155883
241102,bull_trap,1,0,True,0.06207132687721709,134,True,0.35413407477721476,0.13690747382962942
241103,bull_trap,1,0,True,0.007888621885101386,95,False,0.49257043627954805,0.17790266496947071
241104,bull_trap,2,1,True,2.8757523351382236e-05,90,False,0.32255531958240635,0.08817381107754377
241105,bull_trap,1,0,True,0.006927200077936605,122,False,0.3305793804940359,0.1026691264242257
241106,bull_trap,1,0,True,0.0002642894389118685,128,False,0.5417629580147605,0.2068939782565149
241107,bull_trap,1,0,True,0.000483513379668193,123,False,0.4865064192120247,0.15423813255680713
241108,bull_trap,1,0,True,0.00375546164406535,120,False,0.34982100368078733,0.09381844757972575
241109,bull_trap,1,0,True,0.007509958981724603,117,False,0.31389636022624184,0.11879390664448919
241110,bull_trap,1,0,True,0.5747899647401226,128,True,0.41973134158647324,0.15453751821462047
241111,bull_trap,1,0,True,0.3540546593353618,149,True,0.3795452253084078,0.15742747669701465
241112,bull_trap,1,0,True,0.007031683005608864,105,False,0.4236328809179657,0.14383008046162765
241113,bull_trap,1,0,True,2.4431033827618367e-05,126,False,0.6066440197328228,0.2296613342385567
241114,bull_trap,1,0,True,0.017574405906656758,101,False,0.4323069747650854,0.16905019709236271
241115,bull_trap,1,0,True,0.001744440449483346,129,False,0.35949611321758446,0.14442233359425033
241116,bull_trap,1,0,True,0.008303134494789309,118,False,0.3150363262399158,0.11579472744575203
241117,bull_trap,1,0,True,0.00011213565366210744,120,False,0.4387071806206929,0.17264955710651195
241118,bull_trap,1,0,True,0.016917679995651105,107,False,0.37975013919830025,0.11638358110644895
241119,bull_trap,1,0,True,0.008384222573771832,122,False,0.3887596916297004,0.14587710662779121
241120,bull_trap,2,1,True,0.0013142934924964508,116,False,0.361051537607136,0.09429140861005442
241121,bull_trap,1,0,True,0.007363323962419362,121,False,0.4757475958165095,0.2436269069605179
241122,bull_trap,2,1,True,0.006564823364743864,125,False,0.4375509250254154,0.17113745429142313
241123,bull_trap,1,0,True,0.2778860806032723,144,True,0.4028612458318293,0.11666326521829541
241124,bull_trap,1,0,True,0.0003520674261277836,115,False,0.37586174231901803,0.16717466620302576
241125,bull_trap,1,0,True,0.0032599824592256907,130,False,0.5647793664290962,0.19183585526757882
241126,bull_trap,1,0,True,0.000679316961761709,144,False,0.47512442054266835,0.17527427837073856
241127,bull_trap,1,0,True,3.277719842397312e-05,145,False,0.39511207113361957,0.17753489779287737
241128,bull_trap,1,0,True,0.0029950124986267315,138,False,0.40105989202911263,0.17889092865919687
241129,bull_trap,1,0,True,0.0008227537266122526,95,False,0.3452562729403194,0.13775383394618523
241130,bull_trap,1,0,True,0.019106678320919786,147,False,0.3858424509993382,0.14124477489384707
241131,bull_trap,1,0,True,0.031237835930061988,110,False,0.517709437131204,0.12219597833318473
241132,bull_trap,1,0,True,0.0009313636429454185,109,False,0.374283724844806,0.11403954094811464
241133,bull_trap,1,0,True,0.013148967310199986,90,False,0.3319434118754406,0.10823724236860494
241134,bull_trap,1,0,True,0.0005805108469546712,129,False,0.49448996026613945,0.14160635309854974
241135,bull_trap,1,0,True,0.0012186883231665648,105,False,0.32095675096076354,0.1254983997439499
241136,bull_trap,5,1,True,8.371626760352857e-07,115,False,0.40173896162722017,0.1115928703074487
241137,bull_trap,1,0,True,0.010805542610761632,101,False,0.3120295612470117,0.08332285341149326
241138,bull_trap,1,0,True,0.028925555791352763,121,False,0.3968296271162748,0.11515104158197638
241139,bull_trap,2,1,True,0.002829105224088645,129,False,0.4696546866074726,0.13839730168508924
241140,bull_trap,1,0,True,0.22800595791993106,129,True,0.39551926523212194,0.1319362497131237
241141,bull_trap,1,0,True,0.00013088888393074358,97,False,0.3243466188530393,0.1533403411589236
241142,bull_trap,3,1,True,0.0011790775027156893,100,False,0.41509991971366794,0.14688786369344867
241143,bull_trap,1,0,True,0.007583509679219604,112,False,0.3390066626643519,0.10308027537190344
241144,bull_trap,1,0,True,0.0004785223189979925,122,False,0.39527148142034624,0.14087052341602052
241145,bull_trap,1,0,True,0.00019608468292421134,122,False,0.3481470672406723,0.14282684604850135
241146,bull_trap,1,0,True,0.007382327383411665,144,False,0.5183860740111605,0.172609090603752
241147,bull_trap,1,0,True,0.0003194336444792985,110,False,0.32422415452563513,0.11752495992479577
241148,bull_trap,1,0,True,0.00010753660189897319,120,False,0.36977671533642725,0.10785120870519121
241149,bull_trap,1,0,True,0.021661412363254643,120,False,0.3744611928585481,0.11815708225743095
241150,bull_trap,1,0,True,0.034241141474611665,112,False,0.5056364013078389,0.14689303366266993
241151,bull_trap,1,0,True,2.523137896201442e-05,105,False,0.30107627895398814,0.11646546913443499
241152,bull_trap,1,0,True,0.013866488396718134,118,False,0.368338143878628,0.11032113772116037
241153,bull_trap,1,0,True,0.002667525481198925,142,False,0.3806995398777181,0.14122430183883858
241154,bull_trap,1,0,True,0.006783175708663467,141,False,0.5737543661495719,0.24111864176837902
241155,bull_trap,1,0,True,0.00370245278034739,121,False,0.42223395923752366,0.15679174369503462
241156,bull_trap,1,0,True,0.0015108039976649986,145,False,0.4476029612121338,0.17368939250869314
241157,bull_trap,1,0,True,0.011861940828649607,137,False,0.43824588055214236,0.1743002063504957
241158,bull_trap,1,0,True,0.007313586344123255,142,False,0.7113821572312075,0.2116590988594297
241159,bull_trap,1,0,True,0.004196571469846281,135,False,0.3907474302164534,0.13628505596640486
241160,bull_trap,1,0,True,0.0030016174605847373,144,False,0.4310084333472604,0.1689815080224005
241161,bull_trap,1,0,True,0.000740482145963603,131,False,0.4016627678228778,0.1263390460900892
241162,bull_trap,2,1,True,0.0071751734464706495,106,False,0.41544084790783575,0.14615520292637235
241163,bull_trap,1,0,True,0.22798017760994108,99,True,0.31954996057708984,0.0885762560452907
241164,bull_trap,1,0,True,0.0004621016399988587,143,False,0.46123880187607397,0.15855290743087372
241165,bull_trap,1,0,True,0.006629292281792798,148,False,0.4426322657231348,0.16288611430589808
241166,bull_trap,1,0,True,0.0004975036803563645,103,False,0.35521074919046225,0.12302301902739896
241167,bull_trap,1,0,True,0.00010999540669020336,128,False,0.37238437863194995,0.1510550477716434
241168,bull_trap,1,0,True,0.0001689791269514184,116,False,0.36100324588363575,0.11110878496749982
241169,bull_trap,1,0,True,0.011873108736255904,140,False,0.4675471862973756,0.16307896176866518
241170,bull_trap,1,0,True,0.0003859317275395491,139,False,0.42608842597182844,0.1218936658483607
241171,bull_trap,1,0,True,0.00012365982527087998,126,False,0.3188395776465131,0.12380569940393658
241172,bull_trap,1,0,True,0.0005309533760943142,116,False,0.3819610570644335,0.26772414292581487
241173,bull_trap,1,0,True,0.0002885543819325407,111,False,0.37917391855872834,0.1592486448189162
241174,bull_trap,1,0,True,0.00277183658175831,121,False,0.42570687655690953,0.16285652428913738
241175,bull_trap,1,0,True,0.019052770407806254,95,False,0.423884479122571,0.13649980520274055
241176,bull_trap,1,0,True,0.0005081883725601947,133,False,0.3868937651639564,0.12933219927043302
241177,bull_trap,1,0,True,0.0015246493428701245,123,False,0.46657034465559233,0.18235569434642246
241178,bull_trap,1,0,True,0.0030683599918200654,126,False,0.3605739540250502,0.1292853614121283
241179,bull_trap,1,0,True,0.027689669618505774,100,False,0.34004785470807375,0.12558807781563563
241180,bull_trap,1,0,True,0.016318662917862128,107,False,0.3999071461585449,0.1084907908642161
241181,bull_trap,1,0,True,0.0025380846865954384,122,False,0.37025537133253605,0.13871446771935905
241182,bull_trap,1,0,True,0.00022849762838816648,132,False,0.43594488300597106,0.179135614666072
241183,bull_trap,1,0,True,0.01663060688399387,91,False,0.4112250095463304,0.12461606534766212
241184,bull_trap,2,1,True,0.0008115562243269938,141,False,0.39387976662102325,0.144889075096106
241185,bull_trap,1,0,True,0.003276591053818674,130,False,0.45859270145768616,0.1641877230805867
241186,bull_trap,1,0,True,7.973368615498219e-05,135,False,0.3786610758474056,0.10874089354715431
241187,bull_trap,1,0,True,0.0018367934220609825,107,False,0.47478798425295116,0.16864735742389345
241188,bull_trap,1,0,True,0.013071588927786459,112,False,0.3597422174327643,0.1389876180945549
241189,bull_trap,1,0,True,0.001493541139512066,137,False,0.46997021213993273,0.17100381016025282
241190,bull_trap,1,0,True,0.011024155824841382,113,False,0.4202947522060023,0.14314130106328957
241191,bull_trap,1,0,True,0.12525790570145637,112,True,0.3705999971111997,0.13240426392281343
241192,bull_trap,1,0,True,0.0008253095112505512,125,False,0.4053677592914166,0.12327651688777885
241193,bull_trap,1,0,True,0.0009603292141854348,125,False,0.40664629083037185,0.19769862040341563
241194,bull_trap,1,0,True,1.0689436362536003e-05,131,False,0.4484947075920939,0.17249077957008785
241195,bull_trap,1,0,True,5.588012691376401e-05,145,False,0.362438709223204,0.1350052674520307
241196,bull_trap,1,0,True,0.0023880128575354868,119,False,0.41591590051314875,0.1926825541383831
241197,bull_trap,1,0,True,0.019721269137655935,135,False,0.37839619918532175,0.1330020161916689
241198,bull_trap,1,0,True,0.0005079011933466555,119,False,0.33813799952263407,0.1080887682253391
241199,bull_trap,1,0,True,0.0008550787301045524,109,False,0.39979729639032136,0.1338858805229335
241200,bull_trap,1,0,True,0.2751108420486849,149,True,0.4142531704072585,0.1454755814103931
241201,bull_trap,1,0,True,0.0017055077142775277,143,False,0.35331691413984717,0.1468027427576098
241202,bull_trap,1,0,True,0.10165061612837299,110,True,0.48974959227497517,0.13069412328055832
241203,bull_trap,1,0,True,0.003604596177644839,129,False,0.3628044823380714,0.13759745322031341
241204,bull_trap,1,0,True,0.0067064691035394345,125,False,0.3931762569788073,0.14197336239843517
241205,bull_trap,1,0,True,0.4835104351076318,121,True,0.43516884122240906,0.11932776941740857
241206,bull_trap,1,0,True,0.000294223125393695,108,False,0.38298164128840795,0.11221604950477296
241207,bull_trap,1,0,True,0.0004723415980004625,128,False,0.422902699453215,0.12520947608072
241208,bull_trap,1,0,True,0.000932088233585525,140,False,0.4172022754998281,0.1292400072898307
241209,bull_trap,2,1,True,0.0008514943775215042,95,False,0.3848794379133497,0.12801360602431877
241210,bull_trap,1,0,True,0.004888082915692933,106,False,0.5179244401704592,0.1698278966065022
241211,bull_trap,1,0,True,0.014017543958083903,113,False,0.3800080991352151,0.13131430725087856
241212,bull_trap,1,0,True,0.0002811787794419849,130,False,0.4394385231654993,0.1965019083182924
241213,bull_trap,1,0,True,0.013593999565125968,100,False,0.3804829399516251,0.14018269216069892
241214,bull_trap,1,0,True,1.3482400130204293e-05,92,False,0.3384619505430299,0.1086141106091838
241215,bull_trap,1,0,True,0.002551097961510129,137,True,0.4225790464791525,0.1678255722954906
241216,bull_trap,1,0,True,3.1828530485764035e-05,138,False,0.4544041818635438,0.1878087031500302
241217,bull_trap,2,1,True,0.007004882471062483,144,False,0.41167040677992045,0.1133433835622522
241218,bull_trap,1,0,True,0.0023254526520181578,135,False,0.7029421040129095,0.14583418542396318
241219,bull_trap,2,1,True,0.361931592478496,120,True,0.39052345348805456,0.14990037824827948
241220,bull_trap,1,0,True,0.0017191610739358508,116,False,0.388991485032682,0.15641468979678433
241221,bull_trap,1,0,True,4.358859423800864e-06,104,False,0.3983072013424583,0.12760249425395834
241222,bull_trap,1,0,True,0.0032335890856175936,125,False,0.3704786269426556,0.12566776861774512
241223,bull_trap,1,0,True,0.07046745153378488,135,True,0.5106182609600592,0.236126186841544
241224,bull_trap,1,0,True,0.02492910645030709,106,False,0.3980209978820202,0.16290668325665736
241225,bull_trap,1,0,True,9.985927340777463e-06,115,False,0.382886960049836,0.1242764921640489
241226,bull_trap,1,0,True,0.005207880857684557,100,False,0.45720253284858137,0.15218934446091975
241227,bull_trap,2,1,True,0.0019135560789997714,90,False,0.36260349437719175,0.11235273609922015
241228,bull_trap,1,0,True,0.0038063776394696358,121,False,0.4697420820959778,0.13826234752863747
241229,bull_trap,1,0,True,0.05080442703294952,102,True,0.3937038545682706,0.11540261299730839
241230,bull_trap,1,0,True,4.09262764547575e-05,90,False,0.3361296165160226,0.19544258708426876
241231,bull_trap,1,0,True,0.015805609722145484,144,False,0.4141966266728146,0.12703475654495666
241232,bull_trap,1,0,True,0.02536169396399179,98,True,0.3331044680173043,0.09440491114250632
241233,bull_trap,1,0,True,0.0016481619804931645,128,False,0.463574793064501,0.1909121006681131
241234,bull_trap,1,0,True,0.0041940094628365,110,False,0.30997465788848444,0.1074066686777707
241235,bull_trap,1,0,True,0.2693323162609681,94,True,0.3141350613555483,0.10692814534250296
241236,bull_trap,1,0,True,0.00028491013579921316,99,False,0.42586706628112503,0.12620551557599533
241237,bull_trap,1,0,True,0.006040665495111694,130,False,0.3879410910730263,0.165897500244798
241238,bull_trap,1,0,True,0.015619954503259738,91,False,0.3857814614430995,0.1150691311358093
241239,bull_trap,1,0,True,0.012320829751088383,101,False,0.7074902969289856,0.30597027649593256
241240,bull_trap,1,0,True,0.00046153720196312893,135,False,0.43909801998944037,0.1474575638146439
241241,bull_trap,1,0,True,0.0004097343640724463,111,False,0.47582779960967847,0.1448470309295033
241242,bull_trap,1,0,True,0.004334491604106578,142,False,0.4682115502864731,0.20910369393959302
241243,bull_trap,1,0,True,1.216748385985312e-09,135,False,0.583106945173818,0.22747195437822698
241244,bull_trap,1,0,True,0.0049775762283168256,137,False,0.3941631885146983,0.17240778951561436
241245,bull_trap,1,0,True,0.0009974730196067162,125,False,0.49994230146750573,0.15595981780907445
241246,bull_trap,1,0,True,9.557787725748302e-05,131,False,0.34479594354027454,0.14852352833419244
241247,bull_trap,1,0,True,0.00013872920746397892,99,False,0.45972880449524134,0.15806807258223124
241248,bull_trap,1,0,True,0.019481985386881704,113,False,0.3780567336494743,0.12707200894054724
241249,bull_trap,2,1,True,0.0014436517246867696,106,False,0.3841177762626464,0.16975621698124888
241250,bull_trap,1,0,True,0.0005236510459211248,131,False,0.4141413760637791,0.10949842435697543
241251,bull_trap,1,0,True,0.22038876103493307,102,True,0.38207813694535797,0.1493169544531597
241252,bull_trap,1,0,True,0.0006507320860571798,113,False,0.39626255867315135,0.16733013814309441
241253,bull_trap,1,0,True,0.009060801998808411,109,False,0.43605384448105755,0.15844431293721603
241254,bull_trap,1,0,True,0.020819469334892413,90,False,0.3075472160855975,0.07949993115523739
241255,bull_trap,1,0,True,0.011252538954989346,97,False,0.3605167863372995,0.1254720369065618
241256,bull_trap,1,0,True,0.06640682907906098,146,True,0.5529764422352306,0.1784663423993372
241257,bull_trap,1,0,True,0.0011311301823940553,119,False,0.3876652994154628,0.12763772118178146
241258,bull_trap,1,0,True,0.00813529607160022,147,False,0.454524104886795,0.1424949124023549
241259,bull_trap,1,0,True,0.0014677235524299971,133,False,0.5221493571833282,0.2819228727023939
241260,bull_trap,1,0,True,0.001818409190447633,122,False,0.5262448337246538,0.20343280945063708
241261,bull_trap,1,0,True,0.0021943311576105547,114,False,0.4568874240960339,0.15049744000954307
241262,bull_trap,1,0,True,0.01577228108805229,125,False,0.30145184118534746,0.1247630223159534
241263,bull_trap,1,0,True,0.0007261580641213512,114,False,0.44116089181595874,0.13757784687297073
241264,bull_trap,1,0,True,0.009758691505948578,103,False,0.36967019326579853,0.10936251173636345
241265,bull_trap,1,0,True,0.058227893281796124,113,False,0.4290892316874533,0.12240934541332939
241266,bull_trap,1,0,True,0.013551022017707751,134,False,0.45243718594508936,0.15480578601119832
241267,bull_trap,1,0,True,0.011570155093830737,101,False,0.3382729691302353,0.1384746666890209
241268,bull_trap,2,1,True,0.0004974838175286634,139,False,0.43981049191906635,0.10585748686874988
241269,bull_trap,1,0,True,0.0006361530816962179,121,False,0.5031358719964923,0.20919494863002688
241270,bull_trap,1,0,True,0.015005954461851682,98,False,0.30257858792444464,0.08725495731770307
241271,bull_trap,1,0,True,0.00019693288224630412,115,False,0.5780234611580487,0.18971824773724297
241272,bull_trap,1,0,True,5.14075786522271e-06,133,False,0.35685793183185344,0.11060858965780677
241273,bull_trap,1,0,True,0.0006448992981804445,128,False,0.404456147905958,0.16945114735790515
241274,bull_trap,1,0,True,0.00449546159790131,98,False,0.3739813601116333,0.14393872887172324
241275,bull_trap,1,0,True,0.0015223220008878057,90,False,0.35661862829514757,0.14310581439097628
241276,bull_trap,1,0,True,0.003768394474645276,147,False,0.5511927341991592,0.19310044627321946
241277,bull_trap,2,1,True,0.0009584822777167251,131,False,0.5676813638285981,0.21599064782627267
241278,bull_trap,1,0,True,0.00010219295699483159,121,False,0.4098204792494711,0.17023940888859165
241279,bull_trap,1,0,True,0.014859178798842859,136,False,0.4197732622192838,0.1478095372168837
241280,bull_trap,1,0,True,0.006129050110586634,126,False,0.40530136597628386,0.11152018809058697
241281,bull_trap,2,1,True,0.00014856305526882952,141,False,0.44192788224927443,0.1865387619749116
241282,bull_trap,1,0,True,4.122807260964771e-05,106,False,0.3921193487502643,0.11776488346943653
241283,bull_trap,2,1,True,0.00047206210954109444,111,False,0.4290085500577834,0.16121640075779892
241284,bull_trap,1,0,True,0.014464845313872552,126,False,0.5437813363687747,0.16763324047882314
241285,bull_trap,1,0,True,0.005199477425691438,135,False,0.471135174169743,0.18585284102570745
241286,bull_trap,1,0,True,0.002206314823978154,111,False,0.42612796534467007,0.11642165978446893
241287,bull_trap,1,0,True,0.0012515055904320188,111,False,0.4597829699573401,0.14646347572537
241288,bull_trap,1,0,True,0.004450306914746402,130,False,0.38939381586925315,0.18106902391871887
241289,bull_trap,2,1,True,0.02471845067815778,96,False,0.42799518895372485,0.13622267332702
241290,bull_trap,1,0,True,0.16713201697564034,145,True,0.40892611266964063,0.14251444712241063
241291,bull_trap,1,0,True,0.2144111181531757,142,True,0.3429796084902536,0.15626525901999838
241292,bull_trap,2,1,True,0.0007433680466609735,94,False,0.3245561114585881,0.1128117105196679
241293,bull_trap,1,0,True,0.001583076786003469,150,False,0.41090861317586125,0.1463926692958517
241294,bull_trap,1,0,True,0.0011299233736776302,109,False,0.38893477083327466,0.1296457995489314
241295,bull_trap,1,0,True,0.05143866230354415,90,False,0.3357675148967071,0.09980205428187665
241296,bull_trap,2,1,True,4.67626480722187e-05,148,False,0.42948569344378273,0.15568435777600959
241297,bull_trap,1,0,True,0.0004669314747735861,120,False,0.41213016194994234,0.1612502796334237
241298,bull_trap,1,0,True,0.010565364802080455,119,False,0.4350420060377158,0.10784307566567777
241299,bull_trap,1,0,True,0.0018470057186170425,98,False,0.4244274790841053,0.1274782568645486
241300,bull_trap,1,0,True,0.009038280600023648,147,False,0.3998143050968027,0.21868534109783747
241301,bull_trap,1,0,True,0.007949331206215198,123,False,0.4295555312924584,0.17483518080274274
241302,bull_trap,1,0,True,0.0038922416787223676,141,False,0.5127172336884801,0.24275236230367908
241303,bull_trap,1,0,True,0.11238496712496575,110,True,0.4989970163957055,0.18990578436670189
241304,bull_trap,1,0,True,0.001463120623752526,99,False,0.3446155550955895,0.13200403362531946
241305,bull_trap,2,1,True,0.005384961509612284,110,False,0.4066792402033664,0.14504203789890202
241306,bull_trap,1,0,True,0.23106515245646422,94,True,0.37931574527670503,0.1278816660571994
241307,bull_trap,1,0,True,0.0009566314726233123,118,False,0.566892856941168,0.1969505466345823
241308,bull_trap,1,0,True,0.0012698119085338881,119,False,0.40108173207115894,0.13661886149806418
241309,bull_trap,1,0,True,0.020027867831021454,102,False,0.37335797935331,0.15344585129009708
241310,bull_trap,1,0,True,0.003538770962415314,93,False,0.3557358198964215,0.12889185077591672
241311,bull_trap,1,0,True,0.00998813846802,111,False,0.42612806681349263,0.1564618687379587
241312,bull_trap,1,0,True,0.02268088435579264,137,False,0.4157315743276048,0.16388132881155243
241313,bull_trap,2,1,True,0.4625535208072392,133,True,0.43245008443985544,0.15484449418023388
241314,bull_trap,1,0,True,0.0005527297693181634,95,False,0.30049060752412954,0.1041958200943229
241315,bull_trap,1,0,True,0.0003956471398123179,116,False,0.42709707868242947,0.16368122450623265
241316,bull_trap,1,0,True,0.0028003009001564827,127,False,0.4085092488464553,0.12865134625124386
241317,bull_trap,1,0,True,0.006461633256129037,148,False,0.45420843986577625,0.15319520438312093
241318,bull_trap,1,0,True,0.0038123786612821718,147,False,0.523027716274009,0.15176194664728612
241319,bull_trap,1,0,True,0.022074002141391665,147,False,0.4470629558829001,0.15961332564407393
241320,bull_trap,1,0,True,0.01724005689341503,129,False,0.4793755477984589,0.15345977277245565
241321,bull_trap,1,0,True,1.565181126183479e-05,116,False,0.45418992063237046,0.16133542452401692
241322,bull_trap,1,0,True,0.0014340309009864955,123,False,0.4471570653920708,0.1559663614696889
241323,bull_trap,2,1,True,0.003195488218841928,145,False,0.43060852913391423,0.153315133045262
241324,bull_trap,2,1,True,0.3751108520330824,144,True,0.48358622756129777,0.17140900668041598
241325,bull_trap,2,1,True,0.0034420955444097717,117,False,0.3466562162488387,0.15619412803501298
241326,bull_trap,1,0,True,0.013556821886020733,112,False,0.5882105586347596,0.2000203813091594
241327,bull_trap,1,0,True,0.013441243719420652,99,False,0.3861917439810891,0.13533531097706228
241328,bull_trap,1,0,True,0.005394415157926583,137,False,0.46571851750179744,0.16597462442691552
241329,bull_trap,1,0,True,0.007895820604646466,102,False,0.3024111474924192,0.09950435876456833
241330,bull_trap,1,0,True,0.0003863776796945662,116,False,0.38269667518656103,0.147060864645684
241331,bull_trap,1,0,True,0.0025563383792829813,130,False,0.4313006929124444,0.1437715628149931
241332,bull_trap,2,1,True,0.010313810085954521,99,False,0.34297824405042615,0.13821008459438813
241333,bull_trap,1,0,True,1.973439000807638e-05,135,False,0.48175850102772827,0.16811715060593882
241334,bull_trap,1,0,True,2.285914264376883e-05,132,False,0.30010914290802215,0.126422348527702
241335,bull_trap,2,1,True,0.0002501320248704413,107,False,0.37391984849739757,0.15693203733648364
241336,bull_trap,1,0,True,0.014011024361431354,119,False,0.3684294646060598,0.11147670550801349
241337,bull_trap,1,0,True,5.861253179393324e-05,116,False,0.40523055070948844,0.13308751753637832
241338,bull_trap,1,0,True,0.29922434124757336,139,True,0.43889751292916185,0.12237062983418763
241339,bull_trap,1,0,True,0.004561063669395971,122,False,0.5745937707736621,0.16250945588615384
241340,bull_trap,1,0,True,0.005508784055916779,130,False,0.4208513727914211,0.1486501033370018
241341,bull_trap,1,0,True,0.00325354839882257,138,False,0.44467037854353975,0.14209245514334923
241342,bull_trap,1,0,True,0.018847073990092566,126,False,0.4937862265462362,0.18414178810425302
241343,bull_trap,1,0,True,0.012727286544611263,134,False,0.4192881457284828,0.1781727030538123
241344,bull_trap,1,0,True,0.0013529379350089759,137,False,0.3893503243986758,0.13023396797687348
241345,bull_trap,1,0,True,0.03605111727178092,126,False,0.4080453362762286,0.17263259366660874
241346,bull_trap,1,0,True,0.005195017931943085,138,False,0.39731505749784674,0.16425797564005956
241347,bull_trap,1,0,True,0.0051333501292798464,106,False,0.3760448894264374,0.12863657143542545
241348,bull_trap,1,0,True,0.002292882267960921,113,False,0.4023833041162936,0.1606168524773429
241349,bull_trap,1,0,True,0.0009881148717119312,94,False,0.3347344853165677,0.17975223396416606
241350,bull_trap,1,0,True,0.0032580907867789865,100,False,0.43257445725223165,0.1348599438488326
241351,bull_trap,1,0,True,0.004176133651234981,93,False,0.47030579428632663,0.13488473939764747
241352,bull_trap,1,0,True,0.0007990139915056126,107,False,0.31293902214289987,0.09595887916701118
241353,bull_trap,2,1,True,0.00042887829153805324,132,False,0.4234777001705789,0.16079434145951108
241354,bull_trap,1,0,True,0.0001175401395292704,127,False,0.31326702038234344,0.13450297532147346
241355,bull_trap,1,0,True,0.04610317304780377,126,False,0.3988543202275808,0.11866293705326475
241356,bull_trap,1,0,True,0.0003441285169795538,141,False,0.4517556529498703,0.18215438098868306
241357,bull_trap,1,0,True,0.0016532625374304738,132,False,0.4857785982714994,0.17999178749293385
241358,bull_trap,1,0,True,0.0020525855094881253,107,False,0.44372608316465484,0.1310314548525724
241359,bull_trap,1,0,True,0.006734775177646108,106,False,0.3735533283203449,0.12724588514883525
241360,bull_trap,1,0,True,0.0019674781580909257,133,False,0.3943680876776567,0.1438853673854404
241361,bull_trap,1,0,True,0.0008579226291967997,103,False,0.4342491668618206,0.16344776197100186
241362,bull_trap,1,0,True,0.00027628119804264117,122,False,0.42155642777551194,0.13148234507630863
241363,bull_trap,2,1,True,0.071648662082689,90,False,0.3530345862244512,0.09053122232754945
241364,bull_trap,1,0,True,0.22419359579699866,144,True,0.4577118390450961,0.17179866450243325
241365,bull_trap,1,0,True,0.00032378464767009234,108,False,0.3788281834944387,0.1210708989144347
241366,bull_trap,2,1,True,0.001098338650536288,102,False,0.41811681842053494,0.13013798247451203
241367,bull_trap,1,0,True,0.001439542431045233,129,False,0.43746569039389377,0.13989945608290422
241368,bull_trap,1,0,True,0.34401138652657015,114,True,0.30310036432860177,0.14160028249152493
241369,bull_trap,1,0,True,0.004540146540137917,97,False,0.3816583985490444,0.11625030508423649
241370,bull_trap,1,0,True,0.019628928931489667,127,False,0.38407296261229595,0.13174133408696215
241371,bull_trap,1,0,True,0.014603352812287244,106,False,0.3401920525860378,0.11978588081467599
241372,bull_trap,1,0,True,0.0006407378270227661,142,False,0.39532659324881314,0.11017109800764442
241373,bull_trap,1,0,True,0.003329076178045146,133,False,0.48351400561359065,0.15514025166092782
241374,bull_trap,1,0,True,0.025754474105206652,111,False,0.3845742544001732,0.12223764265134132
241375,bull_trap,1,0,True,0.003918251132504064,111,False,0.3396201429140546,0.09528429005251741
241376,bull_trap,1,0,True,1.8689468589774144e-05,105,False,0.3637165159851075,0.1466814509768454
241377,bull_trap,1,0,True,0.034856295444469394,140,False,0.41711379541102117,0.17206971418428915
241378,bull_trap,1,0,True,0.0032484043236345327,117,False,0.4358411897292062,0.14655566122671423
241379,bull_trap,3,1,True,0.019657750899004192,111,False,0.305699541989375,0.11077762313825706
241380,bull_trap,1,0,True,5.67073716264438e-05,150,False,0.42955757123025323,0.15497864497375088
241381,bull_trap,1,0,True,0.0010814959429305004,109,False,0.42437590239274336,0.13494550194989394
241382,bull_trap,2,1,True,0.008204605280680045,105,False,0.33382482291370535,0.09374270833606685
241383,bull_trap,2,1,True,5.937257913854212e-05,122,False,0.42335343353258215,0.16432319251773103
241384,bull_trap,2,1,True,0.011235009343257794,110,False,0.37152098413714896,0.11980991210476087
241385,bull_trap,1,0,True,0.05989345514328797,143,True,0.32936263306450925,0.1567249235714578
241386,bull_trap,1,0,True,0.005078556976248713,131,False,0.440878247719258,0.14784693761903386
241387,bull_trap,1,0,True,0.00173590224328184,130,False,0.4762860761553603,0.16632246408021312
241388,bull_trap,1,0,True,0.0014649843867097483,121,False,0.33669262220259394,0.128621527433807
241389,bull_trap,1,0,True,0.000825281590484679,133,False,0.35332350823055675,0.13522832408131355
241390,bull_trap,1,0,True,0.640498666354502,149,True,0.4168218954944022,0.17683079569646842
241391,bull_trap,1,0,True,0.003756260774416476,127,False,0.4406738975241625,0.15454287207140105
241392,bull_trap,1,0,True,0.00015942006423954236,113,False,0.3586753985350264,0.1382856648784813
241393,bull_trap,1,0,True,0.00258477667617876,111,False,0.3984679847736924,0.13312062134993585
241394,bull_trap,1,0,True,0.004805901906228235,102,False,0.4079451209222054,0.16965760608629493
241395,bull_trap,1,0,True,0.0017864888180262732,132,False,0.47234298453230994,0.16371185813098924
241396,bull_trap,1,0,True,0.009020147442633464,136,False,0.43782192322131913,0.1452558063785994
241397,bull_trap,1,0,True,0.009025706430248335,99,False,0.4528025028932049,0.16927508058927662
241398,bull_trap,1,0,True,0.001564824953517703,116,False,0.4678235560267535,0.16182805472780953
241399,bull_trap,1,0,True,5.289729403825974e-06,140,False,0.4103304755484844,0.13591396933220778
241400,bull_trap,1,0,True,0.006398114765336309,116,False,0.3720091087007802,0.1177154805155496
241401,bull_trap,2,1,True,0.6525289113220801,138,True,0.44343416035867705,0.15012643360804687
241402,bull_trap,1,0,True,0.011283774649680932,91,False,0.34231463642352833,0.09208212123687376
241403,bull_trap,1,0,True,0.05267085005210085,94,False,0.39894859625853324,0.10477600209554298
241404,bull_trap,1,0,True,0.00021470129152850634,115,False,0.36457201042780385,0.1335122865009606
241405,bull_trap,1,0,True,0.010792151101550478,145,False,0.36759082840787793,0.12337337476215743
241406,bull_trap,1,0,True,0.014647764348448465,112,False,0.3744051035695604,0.10663068168195411
241407,bull_trap,1,0,True,0.0009819209506297653,140,False,0.4262971964855119,0.13513313052066886
241408,bull_trap,2,1,True,0.019957056737162315,109,False,0.4087077375497988,0.18858449235414076
241409,bull_trap,1,0,True,0.007600858059349288,119,False,0.4224059442000315,0.13303538814097382
241410,bull_trap,1,0,True,1.7019209139377245e-05,142,False,0.42555079477450564,0.18942946317185066
241411,bull_trap,1,0,True,0.003753163311560765,127,False,0.38516871790786184,0.07510284050093367
241412,bull_trap,1,0,True,8.689871760660091e-05,102,False,0.3557297424471016,0.12138827226746907
241413,bull_trap,2,1,True,0.023802672083994596,117,False,0.46377018700818207,0.1774678216878537
241414,bull_trap,1,0,True,0.00030625875342836105,137,False,0.37900160943773076,0.14452938106999144
241415,bull_trap,1,0,True,0.009627397408148284,113,False,0.4583971943743007,0.13182615026562833
241416,bull_trap,1,0,True,1.3161298977733145e-05,102,False,0.37579765281142985,0.1737941291771824
241417,bull_trap,1,0,True,0.004806529457446196,144,False,0.38625480431829995,0.1780288021865257
241418,bull_trap,1,0,True,0.0050469538618234605,104,False,0.37371440657284166,0.1461170334548409
241419,bull_trap,1,0,True,0.0010007391070988325,117,False,0.36825982120565554,0.1080424933073516
241420,bull_trap,1,0,True,0.0011550261966982163,115,False,0.4306721413602835,0.1756078778920597
241421,bull_trap,1,0,True,0.004964011705064111,133,False,0.3416003820929802,0.08800292930337962
241422,bull_trap,1,0,True,0.0005023401767810478,111,False,0.3881812213010713,0.13504947708916368
241423,bull_trap,1,0,True,0.01837315134015632,112,False,0.3843429550035228,0.11504897789391504
241424,bull_trap,1,0,True,0.009182926657684163,122,False,0.4249789332068391,0.17707386846778606
241425,bull_trap,1,0,True,0.005208066141595776,111,False,0.4748699806420098,0.15369136719853033
241426,bull_trap,1,0,True,0.012677412457340722,127,False,0.5002226808790753,0.14828807083784573
241427,bull_trap,1,0,True,0.02893739235884639,110,False,0.3393078853099162,0.08443909949805929
241428,bull_trap,1,0,True,0.0032147356223288254,106,False,0.3138587234066873,0.0821860692163601
241429,bull_trap,1,0,True,0.03678881778565787,91,False,0.3725817342126948,0.10776134810771273
241430,bull_trap,1,0,True,0.0017024224138105651,92,False,0.32054703853915184,0.08816852009898905
241431,bull_trap,1,0,True,0.47466828479625045,129,True,0.3370147741572982,0.12606731502278418
241432,bull_trap,1,0,True,0.00544391210933732,131,False,0.4659377729909284,0.15686529808875455
241433,bull_trap,1,0,True,0.017056863999087252,107,False,0.42685661340849046,0.12415532633650582
241434,bull_trap,1,0,True,0.014690676193477921,109,False,0.37754530332220476,0.14212098379421803
241435,bull_trap,1,0,True,0.00769660617152648,103,False,0.38034847907615355,0.09894077581886722
241436,bull_trap,1,0,True,0.03408025111931622,106,False,0.37386629797433896,0.12130717359682605
241437,bull_trap,1,0,True,0.0028327512446666625,131,False,0.39116304923170764,0.12079914547767048
241438,bull_trap,1,0,True,0.011933365681968629,131,False,0.30589399509235443,0.11660658341176716
241439,bull_trap,1,0,True,0.5197730523033677,143,True,0.3671846461083397,0.13144754347732243
241440,bull_trap,1,0,True,0.004013699267716975,128,False,0.4140244103793076,0.17846364987055016
241441,bull_trap,1,0,True,0.0002077897597702818,103,False,0.33958598821848923,0.16732273375950593
241442,bull_trap,1,0,True,0.0005653538098696734,108,False,0.36393767836671254,0.12664337239384132
241443,bull_trap,1,0,True,0.005731208643395056,134,False,0.37214445770885607,0.17552824261508262
241444,bull_trap,1,0,True,0.004306097024994343,100,False,0.388240610722088,0.13547731825428225
241445,bull_trap,1,0,True,0.0008877402026667198,135,False,0.43266105409746597,0.1447676074149786
241446,bull_trap,1,0,True,0.01373793033531431,92,False,0.3365100010170048,0.09503631609704102
241447,bull_trap,1,0,True,0.0026008984877630053,117,False,0.41530998548332887,0.14403016103181915
241448,bull_trap,1,0,True,0.6740081253057159,113,True,0.40104949689392605,0.13534563250958823
241449,bull_trap,2,1,True,0.020409666467975613,90,False,0.3572702142596403,0.11040254552298819
241450,bull_trap,3,1,True,0.0009846566627961795,99,False,0.618527282382929,0.16032411674534486
241451,bull_trap,1,0,True,0.0008853447787252666,96,False,0.32376253686312356,0.10452789843113112
241452,bull_trap,1,0,True,0.002759753510152772,108,False,0.3397760750010304,0.1422888731112253
241453,bull_trap,1,0,True,7.118192439226097e-07,106,False,0.3954845633685848,0.14210009887588596
241454,bull_trap,1,0,True,0.03335256004352873,133,False,0.4992405277196412,0.20341610473652036
241455,bull_trap,1,0,True,0.04417951029879039,90,False,0.3876572957811775,0.09708607537752931
241456,bull_trap,1,0,True,0.001337792274108725,118,False,0.39753939803836,0.15705883397663822
241457,bull_trap,1,0,True,0.017831695755510614,115,False,0.3729834875620779,0.2463990843083311
241458,bull_trap,1,0,True,6.385569744730277e-05,120,False,0.42825181000386614,0.16387827337447727
241459,bull_trap,2,1,True,0.5550053767502048,136,True,0.43928140881426436,0.14843095481774363
241460,bull_trap,1,0,True,0.011261797355071605,146,False,0.3932784408916225,0.1452675520548355
241461,bull_trap,1,0,True,0.2578987465524433,91,True,0.48587167651808755,0.15209739069924208
241462,bull_trap,1,0,True,0.5087896904521901,140,True,0.3824653861719379,0.13536652675673325
241463,bull_trap,1,0,True,1.500538092879944e-05,116,False,0.3202593078445921,0.10879683895317178
241464,bull_trap,1,0,True,5.413272052658757e-06,100,False,0.3510168396302089,0.092908460212143
241465,bull_trap,1,0,True,0.0013899137548445775,146,False,0.4447219713302847,0.18734544606424922
241466,bull_trap,1,0,True,0.018830345561911172,113,False,0.4416262340084872,0.11231484201374828
241467,bull_trap,1,0,True,0.0007809698718277231,110,False,0.446883981463108,0.1839927364638156
241468,bull_trap,1,0,True,0.00018760903832772398,116,False,0.391904840623738,0.10374150046262676
241469,bull_trap,1,0,True,0.0013492970305386842,102,False,0.3108179163753689,0.13498132186778547
241470,bull_trap,1,0,True,0.007730463265950996,145,False,0.44963566584373166,0.20046645171516864
241471,bull_trap,1,0,True,0.001942107520148523,138,False,0.4481495735272192,0.20355959561770484
241472,bull_trap,1,0,True,0.0014124841426560412,117,False,0.4644708621941977,0.14812201432143868
241473,bull_trap,1,0,True,0.010686636678333188,144,False,0.46385798266995787,0.16194149481860728
241474,bull_trap,1,0,True,0.0025306998544361754,146,False,0.536660936723362,0.20151883712976437
241475,bull_trap,1,0,True,0.02054421089704693,109,False,0.4950272930658054,0.15753872644140723
241476,bull_trap,1,0,True,0.0001528636968445178,115,False,0.38070108947984055,0.13378956258968827
241477,bull_trap,1,0,True,0.0019135347130342024,119,False,0.31779591472253754,0.12047095654442988
241478,bull_trap,1,0,True,0.05711445871800327,99,False,0.4130049569524274,0.1168492008606785
241479,bull_trap,1,0,True,0.01100539953699212,132,False,0.4013580811227046,0.1762516293641203
241480,bull_trap,1,0,True,0.001636516230965857,145,False,0.40718377663143657,0.1528352116154396
241481,bull_trap,1,0,True,0.004915849778653222,110,False,0.42328410630282415,0.18385737313847206
241482,bull_trap,1,0,True,0.00042664527697638965,116,False,0.3311961269107354,0.12950681035550138
241483,bull_trap,1,0,True,0.023469742712354094,110,False,0.33525849283224957,0.11415373261069628
241484,bull_trap,1,0,True,0.004671397832591855,91,False,0.39296651249245884,0.11849044866961102
241485,bull_trap,1,0,True,0.010571688905866048,92,False,0.4148754583328123,0.1263526596495918
241486,bull_trap,1,0,True,0.024546062728029505,115,False,0.36041968467445107,0.10014042546563469
241487,bull_trap,1,0,True,0.0005764652692539765,111,False,0.3370361125912264,0.1082185897866931
241488,bull_trap,1,0,True,0.16281559109088364,145,True,0.3470558142018031,0.10302694279454076
241489,bull_trap,1,0,True,5.9516578699038096e-05,149,False,0.45605900528073773,0.16894341261129028
241490,bull_trap,1,0,True,0.0057051514890184805,97,False,0.3982817746182967,0.18073351976568852
241491,bull_trap,1,0,True,0.32797107527753094,137,True,0.3380623051350873,0.14207968041026295
241492,bull_trap,1,0,True,3.998573649051538e-05,131,False,0.4188935538107819,0.1303005742675661
241493,bull_trap,1,0,True,0.00611833075278503,127,False,0.356449853717604,0.12485968901784789
241494,bull_trap,1,0,True,0.000630187605950126,142,False,0.4353899257851359,0.13904660998102908
241495,bull_trap,1,0,True,0.013240359709244098,118,False,0.3370834940615284,0.07831100932306127
241496,bull_trap,1,0,True,3.5150984473264376e-07,142,True,0.36544119194697255,0.12120738076064631
241497,bull_trap,3,1,True,0.5184453301370022,147,True,0.35428866875240594,0.16508411599671283
241498,bull_trap,1,0,True,0.0005577201402833411,127,False,0.45633620624424487,0.17064548624924802
241499,bull_trap,1,0,True,0.029602725459619977,97,False,0.40206075229820437,0.10317242820394784
241500,bull_trap,2,1,True,0.015546933164044614,91,False,0.3769990655121642,0.159931184206879
241501,bull_trap,1,0,True,0.5485911463558534,109,True,0.324637788892908,0.09757035610951986
241502,bull_trap,1,0,True,0.005267122034960629,146,False,0.4448652577548416,0.1636993471480228
241503,bull_trap,1,0,True,0.4272742962111731,129,True,0.44191686435708555,0.15959534075304818
241504,bull_trap,1,0,True,0.0027452004778426202,129,False,0.3375954815700057,0.10482242592629645
241505,bull_trap,1,0,True,0.022335301530415578,128,True,0.4524327009755887,0.12863655246866337
241506,bull_trap,2,1,True,0.00932950642297676,132,False,0.32324197554325534,0.1159004539787287
241507,bull_trap,1,0,True,0.008125880940926932,99,False,0.35371846495627496,0.12788281989314368
241508,bull_trap,1,0,True,0.0006898793394769551,98,False,0.3586020676608249,0.12009878334926823
241509,bull_trap,1,0,True,0.0155965834294936,107,False,0.3269853388541025,0.09642434322577548
241510,bull_trap,1,0,True,0.000867175593627803,140,False,0.44659880908246835,0.13532858547613172
241511,bull_trap,2,1,True,0.007822781435085212,100,False,0.35107383326063185,0.09344613757555537
241512,bull_trap,2,1,True,0.018134849805166543,116,False,0.4793687877651668,0.1738829041645877
241513,bull_trap,2,1,True,0.012572495179492245,101,False,0.4005840160656724,0.09678393870518932
241514,bull_trap,1,0,True,0.0015156932028155899,133,False,0.34593236278855466,0.12828404493845616
241515,bull_trap,1,0,True,0.0002918057423483785,105,False,0.382806365774757,0.11603969397092621
241516,bull_trap,1,0,True,0.003245276404786663,107,False,0.3183615887684603,0.10685538847069999
241517,bull_trap,1,0,True,0.0003097159232323376,93,False,0.39676653552561275,0.1567910952675755
241518,bull_trap,1,0,True,0.001499441118993051,114,False,0.4742888679986942,0.1656913225548154
241519,bull_trap,1,0,True,0.0005513994505783522,130,False,0.4046679820548869,0.15064263537747224
241520,bull_trap,1,0,True,0.01477232091426524,124,False,0.42310421948382054,0.10870938634045323
241521,bull_trap,1,0,True,0.010898694031123025,110,False,0.3579235977423837,0.10947652775223085
241522,bull_trap,1,0,True,0.0006090350164731825,118,False,0.4278345311901911,0.14463461932047844
241523,bull_trap,1,0,True,0.124550916845883,137,True,0.3920599709322927,0.12519261750312322
241524,bull_trap,1,0,True,0.012094612669433695,124,False,0.3196971590966357,0.09967124066661698
241525,bull_trap,1,0,True,0.0027055350167593537,93,False,0.3202854714476317,0.06898403487742713
241526,bull_trap,1,0,True,7.729047758367048e-06,127,False,0.41308648765854783,0.131799222133396
241527,bull_trap,1,0,True,0.007410453157747577,118,False,0.47024538697028967,0.20302637575247579
241528,bull_trap,1,0,True,0.022345734030354683,115,False,0.5329071849408037,0.15129121308102586
241529,bull_trap,1,0,True,0.002739655494271106,137,False,0.34746445357786954,0.12970794418517215
241530,bull_trap,1,0,True,0.02683596110565772,118,False,0.46411271182603275,0.1356376948087516
241531,bull_trap,1,0,True,0.3263655329838018,110,True,0.34945023292015714,0.09749922489403731
241532,bull_trap,2,1,True,4.21346365770797e-05,90,False,0.3068071100485248,0.14901988214237374
241533,bull_trap,1,0,True,0.035403322056770735,106,False,0.4803766852765279,0.13779077039868273
241534,bull_trap,1,0,True,0.29862413537234156,118,True,0.37251552800893073,0.12896110696485588
241535,bull_trap,1,0,True,0.004433873146442148,99,False,0.4501716712346208,0.13235374334721164
241536,bull_trap,1,0,True,0.000859579115083359,90,False,0.3531086292849408,0.11161220567369318
241537,bull_trap,1,0,True,0.01735375239527769,95,False,0.34919135717527255,0.09963640691582731
241538,bull_trap,1,0,True,0.0037218740164130385,121,False,0.3975079522268155,0.1362921275127469
241539,bull_trap,1,0,True,0.024577312003908218,125,False,0.5285220600595163,0.19833600628479764
241540,bull_trap,1,0,True,0.0033680625251219973,142,False,0.5539076585831249,0.1581002801296735
241541,bull_trap,1,0,True,0.005710342845331004,120,False,0.3687034493531308,0.12875923941734016
241542,bull_trap,1,0,True,0.019049900279998637,132,False,0.40967641522769954,0.14787760422390842
241543,bull_trap,3,1,True,0.007165938695216285,129,False,0.508336435348507,0.20646652331657017
241544,bull_trap,1,0,True,0.002832400027978351,97,False,0.4040630318060045,0.11566750003003456
241545,bull_trap,1,0,True,0.0013746181550925844,139,False,0.41259254415307134,0.15275824261752335
241546,bull_trap,3,1,True,0.0022282493298584572,150,False,0.4697339991140563,0.15685899890284222
241547,bull_trap,1,0,True,0.010753037654064731,92,False,0.4054739754968909,0.12283453592181452
241548,bull_trap,1,0,True,0.014445674918362066,135,False,0.4995446920088958,0.2213005243981548
241549,bull_trap,1,0,True,0.0037720160461582274,135,False,0.3519986720121245,0.11556919272493162
241550,bull_trap,1,0,True,0.00013260701030268446,137,False,0.35967871502549564,0.1164274953716298
241551,bull_trap,1,0,True,0.0001252780916679601,142,False,0.4053068697132492,0.15784210724632036
241552,bull_trap,1,0,True,0.0003296504233984389,145,False,0.4944152440304977,0.14997772083586938
241553,bull_trap,1,0,True,0.007366166646981545,110,False,0.44709581228342593,0.144299203978082
241554,bull_trap,1,0,True,0.004118814625733765,100,False,0.3851597053771974,0.13992833372625327
241555,bull_trap,2,1,True,1.0459931290816998e-05,91,False,0.3961760313053364,0.13587005634079313
241556,bull_trap,1,0,True,0.0019169012396735021,149,False,0.4892323687919913,0.16640565185280928
241557,bull_trap,1,0,True,0.012629001778546079,122,False,0.39246438882107415,0.12830249767270804
241558,bull_trap,1,0,True,0.0031200113598996927,129,False,0.37710276124197395,0.12639438736038802
241559,bull_trap,1,0,True,0.001004800240212139,105,False,0.4419841324000977,0.12734107885138937
241560,bull_trap,3,1,True,0.002311931057127858,139,False,0.4335735068228491,0.1094964618738343
241561,bull_trap,1,0,True,0.03465335119227516,98,False,0.45800454348319003,0.1398103010811826
241562,bull_trap,2,1,True,0.010979268617296202,121,False,0.42230430275095904,0.1844914515447566
241563,bull_trap,2,1,True,0.00058257898311661,115,False,0.3737690372742836,0.16636806825079598
241564,bull_trap,1,0,True,0.010843792538057485,143,False,0.44711411240364346,0.18930547502912778
241565,bull_trap,1,0,True,0.010357140386736633,90,False,0.32557551285713826,0.10522012139648744
241566,bull_trap,1,0,True,0.0007307938515527297,109,False,0.3959818822984265,0.1368531951384393
241567,bull_trap,2,1,True,0.017564709138864768,119,False,0.4120858448051438,0.16770482679234838
241568,bull_trap,1,0,True,0.0017835768283277612,142,False,0.4162779580204873,0.16559222049990993
241569,bull_trap,1,0,True,0.002334763763739878,141,False,0.4524304789738891,0.1661261343522798
241570,bull_trap,1,0,True,0.018807310786741017,93,False,0.38534661446982754,0.11289035488563721
241571,bull_trap,1,0,True,0.01967916390536187,127,False,0.42698502546988293,0.17224782076969636
241572,bull_trap,1,0,True,0.002146394352238334,135,False,0.3439158234897085,0.15616831418354687
241573,bull_trap,1,0,True,0.01123739424414483,108,False,0.3993795458813192,0.1291316544115277
241574,bull_trap,1,0,True,0.009042448475526378,111,False,0.3551711393263403,0.1171876176899697
241575,bull_trap,1,0,True,0.031131092587982693,104,True,0.4554813303104645,0.17480199496028245
241576,bull_trap,1,0,True,0.01351357842190725,110,False,0.4945601465504967,0.12102106498358636
241577,bull_trap,1,0,True,0.0018572326151678794,136,False,0.3874040405228073,0.12540861019332497
241578,bull_trap,1,0,True,0.007987188373087326,149,False,0.48335313027165505,0.15293378006431552
241579,bull_trap,1,0,True,0.0002044766464148178,121,False,0.38511357993954753,0.15003433866016017
241580,bull_trap,2,1,True,0.009239200685859891,145,False,0.42463375178951923,0.1625750558094773
241581,bull_trap,1,0,True,0.009047571131626244,130,False,0.40609200116953775,0.14754245109316957
241582,bull_trap,1,0,True,0.009871736965821375,112,False,0.4285545450193148,0.16435538229501
241583,bull_trap,1,0,True,7.63380030615823e-05,150,False,0.5339835374548811,0.19590970734727323
241584,bull_trap,1,0,True,2.7235515724927478e-05,149,False,0.4353195234560057,0.17351883572272184
241585,bull_trap,1,0,True,0.006016917877348935,101,False,0.3204742733652653,0.10598438112875437
241586,bull_trap,1,0,True,0.03211934469754599,100,False,0.3078200730072056,0.09035107114706106
241587,bull_trap,1,0,True,0.25810276137347576,147,True,0.4561354624693701,0.11251613121870124
241588,bull_trap,2,1,True,0.0005969132692599166,128,False,0.3599023602207374,0.1159185367354461
241589,bull_trap,1,0,True,0.02226992166674339,107,False,0.39818757597095034,0.11586222543883627
241590,bull_trap,1,0,True,0.005466140548472291,108,False,0.40318630440999775,0.17066219377019992
241591,bull_trap,1,0,True,0.0006170357455882606,92,False,0.3370244491452912,0.1097499014665568
241592,bull_trap,1,0,True,0.011623347759800557,104,False,0.4344392215372595,0.16464269302132703
241593,bull_trap,1,0,True,0.0008318419346899818,138,False,0.3646055258766261,0.16290965467533208
241594,bull_trap,1,0,True,0.0011259939865642954,134,False,0.4126230880976736,0.14128911839902078
241595,bull_trap,1,0,True,0.00041093461548181575,132,False,0.46018234449057366,0.1781536616756945
241596,bull_trap,1,0,True,1.2373365216372915e-05,110,False,0.38170276303607525,0.1164769298094817
241597,bull_trap,2,1,True,0.0007969131419525388,137,False,0.43285216519681163,0.14073398871087642
241598,bull_trap,1,0,True,0.0014774589939737072,104,False,0.4387901576689836,0.15874576687859446
241599,bull_trap,1,0,True,0.0018158407997964892,135,False,0.4935122068043635,0.15480423443546723
241600,bull_trap,1,0,True,0.01723747844422827,114,False,0.3371230921982124,0.14844344148554964
241601,bull_trap,2,1,True,0.0045614589938138194,117,False,0.34598207510139095,0.10291202045448193
241602,bull_trap,2,1,True,0.005299528583909826,140,False,0.4115350057554855,0.18962593764609606
241603,bull_trap,1,0,True,0.0010306230063773282,92,False,0.3440160469495584,0.10435084377100233
241604,bull_trap,2,1,True,0.0813466421668533,108,False,0.4293757873757845,0.09941120459898999
241605,bull_trap,1,0,True,0.0006740178868264444,113,False,0.42984812094531355,0.14062942209442664
241606,bull_trap,2,1,True,0.013670596958380328,146,False,0.38335569450169293,0.11479714424533889
241607,bull_trap,1,0,True,0.0052766042507108625,148,False,0.4160251103933757,0.1560958400333571
241608,bull_trap,4,1,True,0.0013267073440873245,110,False,0.42229284935535033,0.16722146232347296
241609,bull_trap,1,0,True,0.0030168434395904105,136,False,0.36210112930484234,0.1092800518298121
241610,bull_trap,1,0,True,0.03013800069954139,145,False,0.41496252837615477,0.148299133300249
241611,bull_trap,1,0,True,0.0003041709699062742,108,False,0.30542538320949963,0.09225935448428109
241612,bull_trap,1,0,True,0.004845821058078986,134,False,0.5251309046250792,0.17500782525382946
241613,bull_trap,1,0,True,0.003161713706654377,122,False,0.39149368162552883,0.16104042243564817
241614,bull_trap,1,0,True,0.004813317466567168,94,False,0.41169170884379686,0.1705820389535968
241615,bull_trap,1,0,True,0.0021817286791366687,134,False,0.3132990837776981,0.10829362974905765
241616,bull_trap,1,0,True,0.0023154793449535103,106,False,0.32474655692833804,0.10695450875505674
241617,bull_trap,1,0,True,0.013906603569125887,148,False,0.48492185345688055,0.204403038887394
241618,bull_trap,1,0,True,0.009718442261712977,97,False,0.3320986112184632,0.1105610467229627
241619,bull_trap,1,0,True,0.14725039085237057,91,True,0.30130427326462117,0.17669265191988076
241620,bull_trap,1,0,True,7.149597023874122e-05,145,False,0.3625251141717215,0.17719139898907493
241621,bull_trap,1,0,True,0.0007262511887215089,117,False,0.4529633740897657,0.12122085897621691
241622,bull_trap,1,0,True,0.0002968506876569429,116,False,0.38635610440826207,0.14381146088350055
241623,bull_trap,2,1,True,0.01733365764346202,126,False,0.4230994066910402,0.1499758715358663
241624,bull_trap,1,0,True,0.0015013934394113536,148,False,0.4500531426908797,0.1464394910923696
241625,bull_trap,1,0,True,0.014728207310428579,110,False,0.4031108972252512,0.12353964487402402
241626,bull_trap,1,0,True,0.019835771669738825,90,False,0.30826814048177986,0.09552576776967912
241627,bull_trap,1,0,True,0.0028505513556272015,103,False,0.3129929500600874,0.09998353162176976
241628,bull_trap,1,0,True,0.013015726456005445,132,False,0.4789761543593378,0.1563631918262771
241629,bull_trap,1,0,True,0.0002242769357194421,126,False,0.4312284058720176,0.16086392316524883
241630,bull_trap,1,0,True,0.3736623198825945,140,True,0.4433491935508822,0.1516259263915422
241631,bull_trap,1,0,True,0.007633134560795791,94,False,0.3112582021777003,0.10641868329847663
241632,bull_trap,1,0,True,0.16985684663068368,129,True,0.6478716828670745,0.20226484211456197
241633,bull_trap,1,0,True,0.0010054523452433638,114,False,0.3527320700092524,0.15328507124724336
241634,bull_trap,1,0,True,0.002851575963173156,118,False,0.4087302266881507,0.17371383503740853
241635,bull_trap,1,0,True,0.004179221043047402,118,False,0.4516713783973782,0.1936569691753616
241636,bull_trap,1,0,True,0.0011587680579592484,140,False,0.4387639097300229,0.13399332491829255
241637,bull_trap,1,0,True,0.002621181284605174,134,False,0.39047053729020875,0.1424211514432619
241638,bull_trap,1,0,True,0.01841165443739987,107,False,0.3031365975646883,0.11894966565679607
241639,bull_trap,1,0,True,0.019876070729713247,112,False,0.4465215968429047,0.1395550897926115
241640,bull_trap,1,0,True,0.0007251985598595639,133,False,0.49818040102223266,0.1890178435367853
241641,bull_trap,3,1,True,0.00203352203893779,146,False,0.3687724855161171,0.16489137359574232
241642,bull_trap,1,0,True,0.0038490030650299182,121,False,0.39706085612374614,0.16216628646834633
241643,bull_trap,1,0,True,6.758712236585004e-05,123,False,0.3835016414677227,0.13652521330611359
241644,bull_trap,1,0,True,0.00044876560719311605,144,False,0.3583572444991737,0.16385986601641553
241645,bull_trap,1,0,True,2.378772262878151e-05,106,False,0.3458352726624639,0.12121319816103117
241646,bull_trap,1,0,True,0.008198230769505706,96,False,0.35170587010829707,0.13613527108601503
241647,bull_trap,1,0,True,0.0009527932000209215,104,False,0.3136755168827537,0.07942924051905173
241648,bull_trap,1,0,True,1.711527909455404e-05,127,False,0.39427465832053754,0.15487917626646297
241649,bull_trap,1,0,True,0.002249158774921265,140,False,0.394380918770136,0.17213687268301653
241650,bull_trap,1,0,True,0.013002044058802545,100,False,0.44398755159349046,0.16704728631343996
241651,bull_trap,1,0,True,0.011135967233195633,145,False,0.37794097110196023,0.14998073376798207
241652,bull_trap,1,0,True,0.06039175993879924,117,False,0.38448884273363426,0.1800884255014171
241653,bull_trap,1,0,True,0.002993381977352612,110,False,0.43988144178887545,0.14890647653951256
241654,bull_trap,1,0,True,1.6369547837886836e-05,98,False,0.305098806334897,0.12351919421898332
241655,bull_trap,2,1,True,0.004731564727781806,121,False,0.4590710825194722,0.1568794900044609
241656,bull_trap,1,0,True,0.0001404750889380382,130,False,0.5112662797615094,0.17915069795020894
241657,bull_trap,1,0,True,0.0012161134092582486,121,False,0.4587432699801761,0.1847828457386033
241658,bull_trap,1,0,True,0.013207734713228246,112,False,0.44824187123009795,0.18048089191753652
241659,bull_trap,1,0,True,0.02231088515948597,113,False,0.4643496710034741,0.12699455380183308
241660,bull_trap,2,1,True,0.0003461599597984999,93,False,0.30984447520418873,0.07388548874644955
241661,bull_trap,1,0,True,0.00620099047367461,121,False,0.4322444781276426,0.1557052889581417
241662,bull_trap,1,0,True,0.0035608934279184904,114,False,0.31416528690128076,0.09740184715108649
241663,bull_trap,2,1,True,0.004660702122463886,105,False,0.3175130720116146,0.11717825181816924
241664,bull_trap,1,0,True,0.009582120395827115,98,False,0.40131522972597033,0.119666419226271
241665,bull_trap,1,0,True,0.007458525236931535,129,False,0.3543874786671825,0.12325467945652605
241666,bull_trap,1,0,True,0.00793114315218522,93,False,0.34567172853021844,0.10056987734665881
241667,bull_trap,1,0,True,0.09516605622625789,134,True,0.47125951243984027,0.21675465280182074
241668,bull_trap,1,0,True,1.033871105431066e-05,147,False,0.4932235340593986,0.18962043995200142
241669,bull_trap,1,0,True,0.004005925650140587,125,True,0.463513760024833,0.14176478914439877
241670,bull_trap,1,0,True,0.26101691020697376,124,True,0.376722041077046,0.10368084857298696
241671,bull_trap,1,0,True,0.008652717894205606,97,False,0.36859481197878263,0.08622879849479616
241672,bull_trap,1,0,True,0.022339624998117653,137,False,0.44132444508672575,0.17592931533255118
241673,bull_trap,1,0,True,0.0034002848372497395,110,False,0.39239135717303397,0.15275023899191736
241674,bull_trap,1,0,True,0.00919804225723941,106,False,0.324829198599587,0.0799991021979934
241675,bull_trap,1,0,True,0.00010842493630255234,130,False,0.39259116168837815,0.14733265424125908
241676,bull_trap,1,0,True,0.014735841187690439,111,False,0.5102810069927242,0.15420177287316797
241677,bull_trap,1,0,True,0.006414017361307353,114,False,0.36422443362023965,0.13041651774758242
241678,bull_trap,1,0,True,0.002997351232987911,149,False,0.35909928484021125,0.11944337492473402
241679,bull_trap,1,0,True,0.0008931916018400445,104,False,0.42696786517133034,0.13689529308430706
241680,bull_trap,1,0,True,0.022137828223527386,143,False,0.502880410247897,0.21547371618596176
241681,bull_trap,1,0,True,0.00019764039463202656,146,False,0.4519341241564359,0.1577697245528574
241682,bull_trap,1,0,True,0.003117820712335383,136,False,0.40371694652937246,0.12033013931263044
241683,bull_trap,1,0,True,3.5262132977936336e-05,143,False,0.41924321086483557,0.1697037841423927
241684,bull_trap,1,0,True,0.00018340897983366568,91,False,0.3493755321995372,0.09538825339057706
241685,bull_trap,1,0,True,0.546911509704875,99,True,0.368921756757933,0.10137973180321566
241686,bull_trap,1,0,True,0.003469682033742183,142,False,0.45451664064976266,0.13269264954907112
241687,bull_trap,1,0,True,0.31428826413508887,118,True,0.46335535487047436,0.16050571510123543
241688,bull_trap,1,0,True,0.020953314390807776,138,False,0.37582900792944157,0.14213657073711458
241689,bull_trap,2,1,True,2.9145139228075303e-05,133,False,0.4878415011351024,0.17309358923718976
241690,bull_trap,1,0,True,0.005554829162664097,105,False,0.47515283474681563,0.16366622339224274
241691,bull_trap,2,1,True,0.000331231769860761,125,False,0.368794087201729,0.12037891472362111
241692,bull_trap,1,0,True,0.0008494452536064465,130,False,0.39846856738463377,0.13191061075952842
241693,bull_trap,1,0,True,0.0014310721409965918,118,False,0.39756452361138317,0.13430314390944173
241694,bull_trap,1,0,True,9.021710546916146e-05,150,False,0.3923285751506972,0.16270247667334733
241695,bull_trap,1,0,True,0.011964563219972264,103,False,0.36713233136665296,0.10467238849130389
241696,bull_trap,1,0,True,0.0018184251182296453,99,False,0.3675248582419937,0.11575452911025974
241697,bull_trap,1,0,True,0.0006367358277206228,126,False,0.3296848448016534,0.1022926567450484
241698,bull_trap,1,0,True,0.003961244488795295,124,False,0.3587804408197801,0.09979650883258302
241699,bull_trap,1,0,True,0.0020537021149135202,99,False,0.3459777373727609,0.13957621043062027
241700,bull_trap,1,0,True,0.1902312399202139,128,True,0.40375006885758435,0.14685687204184075
241701,bull_trap,1,0,True,0.010339866265918657,148,False,0.3768772571839155,0.10860299369712051
241702,bull_trap,1,0,True,0.0074989494839135295,107,False,0.372317747223616,0.1155056605334541
241703,bull_trap,1,0,True,0.003990450517068824,116,False,0.42564636180513926,0.1136900236488068
241704,bull_trap,1,0,True,0.6882688598637831,118,True,0.33703717662781363,0.12649169420412706
241705,bull_trap,3,1,True,0.0019149627232449003,129,False,0.6099932721280771,0.17368860323766253
241706,bull_trap,1,0,True,0.018201300950005765,112,False,0.3947398960798123,0.13406785310205394
241707,bull_trap,1,0,True,0.01287932733148311,93,False,0.3263156209574285,0.10927945716364258
241708,bull_trap,1,0,True,0.007237774247807892,114,False,0.38117814689604973,0.13083016089823038
241709,bull_trap,1,0,True,0.0014039595376728149,103,False,0.35146330765504713,0.13924034716194364
241710,bull_trap,1,0,True,0.012414919174956185,99,False,0.40071360320421173,0.1396985340772267
241711,bull_trap,1,0,True,0.0010584118248916517,136,False,0.43502569600876256,0.1939372732542383
241712,bull_trap,1,0,True,0.00015604252802120628,93,False,0.5031875972685753,0.20577231400822488
241713,bull_trap,1,0,True,0.20483881886145702,125,True,0.40984094840342955,0.1654565812734152
241714,bull_trap,1,0,True,0.0006901871189619412,114,False,0.33005097658057225,0.09121690405947314
241715,bull_trap,1,0,True,0.008985874774763685,138,False,0.3981938488001223,0.13405015908829196
241716,bull_trap,1,0,True,3.374952513940235e-05,149,False,0.3076979400417182,0.14977023302352355
241717,bull_trap,1,0,True,0.005681965095298013,150,False,0.4372272421008465,0.17139909973750353
241718,bull_trap,1,0,True,0.015152628772889499,117,False,0.4371640448066523,0.16861147928118556
241719,bull_trap,1,0,True,0.0023987280291065125,119,False,0.4660049430267794,0.12870331281159184
241720,bull_trap,1,0,True,0.0005305146479436948,138,False,0.40134553581641524,0.1420693954793384
241721,bull_trap,1,0,True,0.000466856943854748,113,False,0.3203865983678656,0.10435007314732338
241722,bull_trap,1,0,True,0.00813095463515202,130,False,0.438941349054872,0.15914480185343025
241723,bull_trap,1,0,True,0.028917002066973528,94,False,0.4324213059377391,0.12622220466301118
241724,bull_trap,1,0,True,0.0011083268662806377,146,False,0.4425618380210285,0.18527730906865875
241725,bull_trap,1,0,True,6.312696573991431e-06,131,False,0.44552003482614344,0.1267411416166527
241726,bull_trap,1,0,True,0.018080140049041602,95,False,0.3764101998903563,0.14956582846244854
241727,bull_trap,1,0,True,0.42042595542223754,103,True,0.4453699448437227,0.14587009371855347
241728,bull_trap,1,0,True,0.018700522412974974,110,False,0.35252837146587424,0.2898094551708418
241729,bull_trap,1,0,True,0.04319013731327569,118,False,0.3122331934082425,0.11761655701815606
241730,bull_trap,1,0,True,0.03338459489575068,112,False,0.32972792078105767,0.10214724013510038
241731,bull_trap,1,0,True,0.003535546171422573,148,False,0.4631719674986094,0.16119403231669904
241732,bull_trap,1,0,True,0.000777144140532462,135,False,0.38482514813497537,0.14697776584364045
241733,bull_trap,1,0,True,0.027849865873632116,138,True,0.4331693709550155,0.17423768437284315
241734,bull_trap,1,0,True,0.0011551706918509872,147,False,0.46979344016732016,0.13132105906723174
241735,bull_trap,1,0,True,0.009148557877434705,148,False,0.41150057657762246,0.15877623211885272
241736,bull_trap,1,0,True,0.03778475696862199,105,False,0.421696628099767,0.13731769599514873
241737,bull_trap,1,0,True,0.027434381333833663,91,False,0.43612548343759366,0.11861815840951781
241738,bull_trap,1,0,True,0.01418394920473631,143,False,0.438150855156691,0.15764465422270474
241739,bull_trap,1,0,True,0.22593314992085453,110,True,0.34364477707610874,0.12319040254649624
241740,bull_trap,1,0,True,0.001575601658899762,111,False,0.3870331658552193,0.14071616500039746
241741,bull_trap,1,0,True,0.016267736173992898,121,False,0.5748637840108801,0.19860342379106294
241742,bull_trap,1,0,True,2.2982039523975185e-05,107,False,0.3392387784607566,0.10926145254986176
241743,bull_trap,1,0,True,0.0016789028593637819,115,False,0.5058691734717683,0.19046009791575655
241744,bull_trap,2,1,True,0.021031681696954692,103,False,0.4209334121084361,0.13182387291304876
241745,bull_trap,1,0,True,0.010649709033368803,116,False,0.37913718417649755,0.11770494195035845
241746,bull_trap,1,0,True,0.002421143044269315,104,False,0.42204398636633383,0.18102823044646388
241747,bull_trap,2,1,True,0.010958205515300372,150,False,0.3700719474646283,0.17673696870354136
241748,bull_trap,1,0,True,7.279784045127061e-07,139,False,0.4225745941313267,0.11726570422611861
241749,bull_trap,3,1,True,0.003152149445625771,109,False,0.39729890565090115,0.17469827343331995
241750,bull_trap,1,0,True,0.018890103077042003,102,False,0.3834838842656874,0.10542365816026272
241751,bull_trap,1,0,True,0.0026771422510527784,118,False,0.3961753250094847,0.12877262717794288
241752,bull_trap,1,0,True,0.0006264112356418914,136,False,0.46281792615147954,0.16501167192021304
241753,bull_trap,1,0,True,0.0012730214397996373,107,False,0.334613675002397,0.09798446740744574
241754,bull_trap,1,0,True,0.0015048547428432322,137,False,0.34827831493972433,0.14533229386352248
241755,bull_trap,1,0,True,0.015022847072058492,100,False,0.34610477046504645,0.1005042015809419
241756,bull_trap,2,1,True,0.004959953354042554,92,False,0.4213012483079692,0.14431438125535306
241757,bull_trap,1,0,True,0.000607251812612615,130,False,0.3513539635936156,0.10226833004688107
241758,bull_trap,1,0,True,0.0018031222254919382,146,False,0.4772541765729897,0.18860622321797615
241759,bull_trap,1,0,True,0.00907524298487874,148,False,0.399365246103318,0.1268261487193801
241760,bull_trap,1,0,True,0.0003369542553855478,116,False,0.39932388007162267,0.1552312085818169
241761,bull_trap,1,0,True,0.010218607567661546,136,False,0.5404892712368069,0.1557521630661039
241762,bull_trap,2,1,True,0.0007209558983840061,109,False,0.3494023022671119,0.09446381471065089
241763,bull_trap,1,0,True,0.00430743936558855,124,False,0.38246100061069677,0.13848608521566377
241764,bull_trap,2,1,True,0.00979790673249495,131,False,0.3700401773484575,0.1185929942296465
241765,bull_trap,1,0,True,1.2456859765848123e-05,135,False,0.4256219595177505,0.14547691990689424
241766,bull_trap,1,0,True,0.008326918078311098,134,False,0.3660576409363045,0.11322911976873558
241767,bull_trap,1,0,True,0.2980651444722462,146,True,0.34154252211161823,0.11247199882607231
241768,bull_trap,1,0,True,0.001785458751341181,147,False,0.5522009258625609,0.19396045075341312
241769,bull_trap,1,0,True,0.005515105294422384,127,False,0.4456099937372124,0.18189050570844442
241770,bull_trap,1,0,True,0.015056927994086358,117,False,0.4468430462784376,0.129649985018884
241771,bull_trap,1,0,True,0.002542104099911284,113,False,0.35091942845617613,0.1124478527315699
241772,bull_trap,1,0,True,0.0010562922575121825,111,False,0.48100107674927167,0.16216260443418132
241773,bull_trap,1,0,True,0.00023639981784312716,136,False,0.43838098897300526,0.15059250253275483
241774,bull_trap,1,0,True,0.018002509995682637,118,False,0.43657088758496376,0.12042347959461497
241775,bull_trap,1,0,True,0.002991012176437136,125,False,0.41084504419775064,0.1760154795152205
241776,bull_trap,1,0,True,1.1485811965158156e-05,102,False,0.43897563982243615,0.32026993761480366
241777,bull_trap,1,0,True,0.002719653610046096,94,False,0.3344309494397012,0.11662742855686156
241778,bull_trap,1,0,True,0.00851061829322448,126,False,0.30059245341636964,0.11652723473454264
241779,bull_trap,1,0,True,0.005168339169358251,136,False,0.5197989130809851,0.2015850196603157
241780,bull_trap,1,0,True,0.0029199083336032597,126,False,0.4528535293448186,0.16019411904086506
241781,bull_trap,1,0,True,0.0026731106520926184,125,False,0.3415804916607724,0.10179595365989505
241782,bull_trap,1,0,True,0.003775016012400502,145,False,0.46881230491461506,0.12409669598495024
241783,bull_trap,1,0,True,0.22124265302877447,142,True,0.46713925853798316,0.12737262352131362
241784,bull_trap,1,0,True,0.00014616258582943412,90,False,0.3007976263139043,0.13360906767870007
241785,bull_trap,2,1,True,0.0004720060924163061,148,False,0.4644660580638692,0.18484325386632633
241786,bull_trap,1,0,True,0.0006221708215202814,96,False,0.5764985974111613,0.1744112672580736
241787,bull_trap,1,0,True,0.003408805010734602,118,False,0.3019990033686573,0.11101114377413362
241788,bull_trap,1,0,True,0.1939994630120584,149,True,0.4537672220227026,0.13658643150058106
241789,bull_trap,1,0,True,4.924484756694014e-05,138,False,0.35449316276637494,0.1569043772377258
241790,bull_trap,1,0,True,0.01517538188222741,135,False,0.4187687996088578,0.1867091894193716
241791,bull_trap,1,0,True,0.0003783107068425104,125,False,0.4050928655303694,0.162875257123101
241792,bull_trap,1,0,True,0.18319532625529053,93,True,0.31808925835036556,0.08970260291294369
241793,bull_trap,1,0,True,0.045707517883242295,91,False,0.3501180613266877,0.10533488752941811
241794,bull_trap,1,0,True,0.00013733425483850216,92,True,0.4401315262846383,0.2184692629853491
241795,bull_trap,1,0,True,0.005822960109342885,130,False,0.3713159603486147,0.11859014405918511
241796,bull_trap,1,0,True,0.42595052417045387,130,True,0.41294070359020224,0.15522986080400905
241797,bull_trap,1,0,True,0.007050782646442055,95,False,0.3078728528077963,0.09245139487273717
241798,bull_trap,1,0,True,0.0060944693871914845,133,False,0.38254405462236685,0.1379919232100198
241799,bull_trap,1,0,True,0.003126075858428549,123,False,0.386380863497291,0.13720106223188896
241800,bull_trap,1,0,True,0.021888466894962266,105,False,0.3586233391763326,0.12169871102647008
241801,bull_trap,1,0,True,0.0033799126124917866,105,False,0.32093730231881074,0.1454026952989284
241802,bull_trap,1,0,True,0.0007380285924789256,108,False,0.34113654682294786,0.10201555098641954
241803,bull_trap,1,0,True,0.022544305741856837,102,False,0.45649018214890996,0.1373158899484786
241804,bull_trap,1,0,True,0.0033628134168505967,120,False,0.3816616714818385,0.20833053074615387
241805,bull_trap,1,0,True,0.003988863323034023,145,False,0.3878379587053149,0.16554331057916247
241806,bull_trap,1,0,True,0.03241573044176778,118,False,0.34185474477039995,0.11660525031828706
241807,bull_trap,1,0,True,0.012302073646909783,100,False,0.4124172550315422,0.11482943014885558
241808,bull_trap,1,0,True,3.16445201287309e-05,115,False,0.39055656545440537,0.14510571809805123
241809,bull_trap,1,0,True,0.002379233240145757,143,False,0.3732559515695762,0.13920427606200747
241810,bull_trap,3,1,True,0.008818067143914123,101,False,0.4433156663945423,0.17413298943228858
241811,bull_trap,1,0,True,0.006970963663869376,100,False,0.3154763463423608,0.1395404182124748
241812,bull_trap,1,0,True,0.0013266301761509158,101,False,0.3682375790746465,0.14825304166045797
241813,bull_trap,3,1,True,0.1872535980158341,140,True,0.3572558022438141,0.1313587240606951
241814,bull_trap,1,0,True,0.47160754715206116,119,True,0.37297766369254093,0.12066644657864951
241815,bull_trap,1,0,True,0.03707611754071963,98,False,0.36423590013602347,0.16792692289493266
241816,bull_trap,1,0,True,4.0551450708030615e-06,117,False,0.3840111837496335,0.11884815926968724
241817,bull_trap,1,0,True,0.004059539966572183,142,False,0.4524436371799884,0.13055297084822573
241818,bull_trap,3,1,True,0.3914796253406126,137,True,0.30991285497995763,0.15357124148807202
241819,bull_trap,1,0,True,0.006799864071496063,114,False,0.409072474446039,0.1294257598693485
241820,bull_trap,1,0,True,0.002052811911929615,145,False,0.5124767859939441,0.19018533616036795
241821,bull_trap,1,0,True,0.01463589459779524,145,False,0.4622645542285296,0.18609653100678172
241822,bull_trap,1,0,True,0.23459373671952666,104,True,0.4306827753750424,0.13367200547580074
241823,bull_trap,1,0,True,0.0053613594257872176,124,False,0.3970369879517786,0.10758049546333356
241824,bull_trap,1,0,True,0.015093829785877826,94,False,0.413947739174214,0.14309947261034323
241825,bull_trap,1,0,True,0.336070084501287,146,True,0.3542167932962561,0.13031749218526262
241826,bull_trap,1,0,True,0.010373355568751361,116,False,0.33531336760431,0.12296331817178487
241827,bull_trap,1,0,True,0.0009255367846118496,102,False,0.3792490903130455,0.14045270723127914
241828,bull_trap,2,1,True,0.0005967655445444272,93,False,0.43851784108170233,0.15292287004096225
241829,bull_trap,1,0,True,0.0017285241572502026,115,False,0.3858038622222052,0.15169397559032027
241830,bull_trap,1,0,True,0.004228734605203534,126,False,0.323318559505602,0.12972224676005165
241831,bull_trap,1,0,True,0.004515366310048768,92,False,0.4157906049040911,0.12571025227259974
241832,bull_trap,1,0,True,0.0015882896786853261,117,False,0.4034779729862983,0.16312552802579072
241833,bull_trap,2,1,True,0.00013802474608191762,116,False,0.30282791318027336,0.1172960644318983
241834,bull_trap,1,0,True,7.627070249662877e-05,104,False,0.3776611795544476,0.14723692379497566
241835,bull_trap,1,0,True,0.0010462265790693334,130,False,0.545794583291506,0.162722894908003
241836,bull_trap,3,1,True,0.0011962786720247393,111,False,0.36327121907858945,0.15871202682937488
241837,bull_trap,1,0,True,0.0067880150660906925,105,False,0.3876675141185822,0.13409844687690528
241838,bull_trap,1,0,True,0.005982727425913641,125,False,0.4800494723007075,0.185423457672953
241839,bull_trap,1,0,True,0.2643273168719128,149,True,0.3865434351492702,0.16627096465617922
241840,bull_trap,1,0,True,0.0017126756059764792,141,False,0.41960171707632105,0.14311968453503257
241841,bull_trap,1,0,True,0.22018200282020217,142,True,0.35820244881925833,0.11472787001060376
241842,bull_trap,2,1,True,0.005266267348747582,127,False,0.3617956970754027,0.1795281015493005
241843,bull_trap,2,1,True,0.017926729884988408,99,False,0.3796419476749779,0.10029866672273796
241844,bull_trap,1,0,True,0.00456912945003192,113,False,0.7089875144820051,0.23133010375715946
241845,bull_trap,2,1,True,0.004403843201325837,118,False,0.39264604532020186,0.16713038955639545
241846,bull_trap,1,0,True,0.0011849913977950357,124,False,0.4759494942777084,0.16731191201270296
241847,bull_trap,1,0,True,0.44844340132317095,124,True,0.30173585096971767,0.1234948805395055
241848,bull_trap,1,0,True,0.025890273905129917,139,False,0.5946273445914961,0.20065234717356506
241849,bull_trap,1,0,True,0.0062231113668392195,118,False,0.4516116623882814,0.156533722317414
241850,bull_trap,1,0,True,0.0051468930985725594,142,False,0.4135419103106083,0.17295743037040187
241851,bull_trap,1,0,True,0.42306788846303445,128,True,0.46413169069184607,0.14448841409168334
241852,bull_trap,1,0,True,0.006619962958567443,95,False,0.41088652839152634,0.15468761335242867
241853,bull_trap,1,0,True,0.0037763545373001983,126,False,0.38959120856944673,0.14409522866466518
241854,bull_trap,1,0,True,0.002487584048079658,101,False,0.4026228593062093,0.14297102883288015
241855,bull_trap,1,0,True,0.012444937765923885,114,False,0.40696916920124376,0.10613138057213845
241856,bull_trap,1,0,True,0.023433086442356893,108,False,0.43591982978887384,0.14119996230447857
241857,bull_trap,1,0,True,0.0008872646429172524,117,False,0.4160644336600048,0.1341460755410363
241858,bull_trap,1,0,True,0.0007564866207993147,133,False,0.39526234439088537,0.1578529935957836
241859,bull_trap,1,0,True,0.0007231899168776746,129,False,0.3992564897819957,0.14882058637958218
241860,bull_trap,1,0,True,0.0001441153897408804,91,False,0.3081597563678553,0.08523773840036666
241861,bull_trap,1,0,True,0.0026217345349994385,136,False,0.38625559614570115,0.11856810060200103
241862,bull_trap,1,0,True,0.28275770242261966,121,True,0.31928966122419694,0.09744022187473422
241863,bull_trap,1,0,True,0.00015320880920530107,126,False,0.42401749094112257,0.1190357075900306
241864,bull_trap,1,0,True,0.0008281424434219174,119,False,0.3489069808899165,0.09921855242008012
241865,bull_trap,1,0,True,0.00012100214075475985,150,False,0.42849566497240843,0.1682626566852002
241866,bull_trap,1,0,True,0.0023186751147901545,90,False,0.3597274510809162,0.131861615021224
241867,bull_trap,2,1,True,0.05225516004889559,100,False,0.5063441355582408,0.1299772927023757
241868,bull_trap,1,0,True,0.006113055076362817,126,False,0.48218548495419344,0.16905080414574167
241869,bull_trap,1,0,True,0.0009661182178439346,114,False,0.3423204363471249,0.13131222387955704
241870,bull_trap,1,0,True,7.1381199340094105e-06,131,False,0.4583338859079044,0.1749403701969168
241871,bull_trap,1,0,True,8.398757065282841e-05,114,False,0.3498720770872665,0.11942817410246472
241872,bull_trap,1,0,True,0.007406564111349317,148,False,0.35503976915946067,0.1116068956362339
241873,bull_trap,2,1,True,0.00037347862490933853,113,False,0.38432607705671273,0.13224983720411299
241874,bull_trap,2,1,True,0.4762994998238189,131,True,0.3171798857874655,0.16594059344549186
241875,bull_trap,1,0,True,0.014822898319651532,116,False,0.4267220418536133,0.1170552232803435
241876,bull_trap,1,0,True,0.0038022238819941058,143,False,0.38141734565253704,0.1441804485379446
241877,bull_trap,1,0,True,0.00017723463583546438,117,False,0.38811986672439636,0.1286319556620612
241878,bull_trap,1,0,True,0.0032997533267054946,92,False,0.36107984198757326,0.11965735186121543
241879,bull_trap,2,1,True,0.005977348167283565,137,False,0.45440108609546986,0.10961936186493523
241880,bull_trap,1,0,True,0.0006138370172629371,128,False,0.41174121245511264,0.12354457288936836
241881,bull_trap,1,0,True,0.21615797436652934,144,True,0.38206534990015245,0.127443408420374
241882,bull_trap,1,0,True,0.006178128078322095,112,False,0.37503408080260453,0.1187568432798834
241883,bull_trap,1,0,True,4.183146866043495e-07,125,False,0.5632600561004273,0.16271889613666635
241884,bull_trap,1,0,True,0.051045512665388884,98,False,0.35654865581510936,0.19306695643534022
241885,bull_trap,1,0,True,0.41866490202669593,101,True,0.3524445456541583,0.11858072320529996
241886,bull_trap,1,0,True,0.020898880677230173,114,False,0.44358049909341696,0.17807922258193482
241887,bull_trap,1,0,True,0.004032846578737691,134,False,0.3221899549703435,0.08459051541162968
241888,bull_trap,1,0,True,0.0020450680088847954,96,False,0.3350279631360167,0.11304858888467459
241889,bull_trap,1,0,True,0.00024020681413015462,107,False,0.33775428381997946,0.1088639923208894
241890,bull_trap,1,0,True,0.005377250593009102,104,False,0.3642979609416268,0.13147981058014782
241891,bull_trap,1,0,True,2.8500412584492997e-05,101,False,0.6208513820920954,0.21632749793067024
241892,bull_trap,1,0,True,0.02238032560576743,118,False,0.41034957781844256,0.11175859599552657
241893,bull_trap,1,0,True,0.0006120637014495857,134,False,0.44552573377504273,0.14830895551476403
241894,bull_trap,1,0,True,0.012092878474107595,108,False,0.42113107619079904,0.1338930074623488
241895,bull_trap,1,0,True,0.013156242203845286,116,False,0.44264497105579975,0.16551830333309261
241896,bull_trap,1,0,True,0.0005600766830016532,141,False,0.4265622132004867,0.12095961858979172
241897,bull_trap,1,0,True,0.0021017438592982295,134,False,0.4891816350517341,0.17313653088334682
241898,bull_trap,1,0,True,0.015773131695457417,131,False,0.4012664173757083,0.16264783440575356
241899,bull_trap,1,0,True,0.007063254279357381,100,False,0.3535784051783817,0.11999704292561443
241900,bull_trap,1,0,True,0.7314304142105839,91,True,0.30931421283742205,0.13336276805524858
241901,bull_trap,1,0,True,0.5015314303106823,141,True,0.3771210233634136,0.09822527072357205
241902,bull_trap,1,0,True,2.2461480020926288e-05,149,False,0.4364999288576661,0.14674104939427426
241903,bull_trap,1,0,True,0.0013565075401170716,124,False,0.3810864716813222,0.15187934112340848
241904,bull_trap,1,0,True,0.21620454879039172,126,True,0.4152071262286656,0.19934763769891084
241905,bull_trap,2,1,True,3.668665928183555e-05,108,False,0.3224278476061694,0.1004276579674671
241906,bull_trap,1,0,True,0.015703389773493597,143,False,0.43525234354175546,0.15564587771263907
241907,bull_trap,2,1,True,0.009418862990403157,90,False,0.38034342762720835,0.11320391924050793
241908,bull_trap,1,0,True,0.00370368977217977,117,False,0.41005050782629815,0.15225780455926255
241909,bull_trap,1,0,True,0.00034397999103932825,104,False,0.38367903270504233,0.1097687941427997
241910,bull_trap,1,0,True,0.0003699866218923986,118,False,0.3282208916257113,0.113473822133793
241911,bull_trap,1,0,True,0.0010761643567865134,97,False,0.3826922650980156,0.1461434653859244
241912,bull_trap,1,0,True,0.0008488496090176148,114,False,0.4281993266315033,0.12115674810030992
241913,bull_trap,1,0,True,5.575008704225252e-07,148,False,0.4313518569313721,0.13322705133571955
241914,bull_trap,1,0,True,0.007746847874773756,148,False,0.40773079711019256,0.16951605370632467
241915,bull_trap,1,0,True,0.008519328594920664,109,False,0.33895098562803394,0.1486300410641774
241916,bull_trap,1,0,True,0.0037297336986498817,136,False,0.43769393308939514,0.18551258624573114
241917,bull_trap,1,0,True,0.012726171781840743,138,False,0.5088584061961852,0.15860350135440593
241918,bull_trap,1,0,True,0.007869264366890618,92,False,0.30791525486927024,0.1091686999089209
241919,bull_trap,1,0,True,0.00037260042540699896,127,False,0.38387094472375966,0.14848622027252997
241920,bull_trap,2,1,True,0.0011521486664941077,111,False,0.37160593796156727,0.13418712903864724
241921,bull_trap,1,0,True,0.014416443834475089,95,False,0.3703000460310928,0.15048580067344075
241922,bull_trap,1,0,True,0.1322628360873497,109,True,0.3536121747072404,0.09294312742281505
241923,bull_trap,2,1,True,0.002560063645499883,130,False,0.5071810345362273,0.19947844339800663
241924,bull_trap,1,0,True,0.001181847751305029,140,False,0.3061196872763781,0.12216949569084683
241925,bull_trap,2,1,True,0.0006659486263784054,106,False,0.3695924391561559,0.1375094003497116
241926,bull_trap,1,0,True,0.0008939580332506884,121,False,0.3907963882499584,0.1442940190291624
241927,bull_trap,1,0,True,0.002118512556713644,109,False,0.5681933456290758,0.14698549845853168
241928,bull_trap,1,0,True,0.006828913983841239,110,False,0.3564230166987362,0.11909747410943766
241929,bull_trap,1,0,True,0.568856416682041,130,True,0.5215547458349281,0.13081508270609474
241930,bull_trap,1,0,True,0.2097154807117544,95,True,0.41443799339495935,0.15688496563089763
241931,bull_trap,1,0,True,0.012462729795465725,110,False,0.33607471011700935,0.11396918369999551
241932,bull_trap,1,0,True,0.04485471548853231,110,False,0.48276892065051963,0.15411578861134737
241933,bull_trap,1,0,True,0.002052598108263189,141,False,0.3956245806012214,0.19252409319706904
241934,bull_trap,1,0,True,0.0022490087186654213,120,False,0.4415493467923212,0.12919689791570568
241935,bull_trap,1,0,True,0.003880225667932523,138,False,0.4502556319487929,0.12964003943023206
241936,bull_trap,1,0,True,0.004564470650482958,94,False,0.3824355501853928,0.10653049347210326
241937,bull_trap,1,0,True,2.5902597860085688e-05,113,False,0.38419598682061773,0.12336224994901343
241938,bull_trap,1,0,True,0.000530651157152462,130,False,0.39244160291277524,0.1355086562229773
241939,bull_trap,2,1,True,0.00024318440423085712,142,False,0.4651803353342931,0.16825915105268538
241940,bull_trap,1,0,True,0.4373214979148721,96,True,0.33652509526130486,0.09611552112193178
241941,bull_trap,1,0,True,3.755225246274751e-05,106,False,0.439728256930862,0.14606929443913
241942,bull_trap,1,0,True,0.008922948299054555,113,False,0.49147782758469627,0.2006754621488563
241943,bull_trap,1,0,True,0.5260519005287098,103,True,0.47124314061830574,0.12537743010155836
241944,bull_trap,1,0,True,0.001657293490163618,133,False,0.4469178703456429,0.1522615678319797
241945,bull_trap,1,0,True,0.018892108029550048,143,False,0.4075307738488012,0.1586418670392465
241946,bull_trap,1,0,True,0.003073163626376871,117,False,0.32345644321716754,0.09964879629830889
241947,bull_trap,1,0,True,0.00046438899524476744,111,False,0.42877863012697026,0.14260282796310922
241948,bull_trap,1,0,True,0.004178287436242254,136,False,0.44543916898581115,0.19493293202766682
241949,bull_trap,1,0,True,0.009459028443915359,119,False,0.41447919743242295,0.12481530970635639
241950,bull_trap,2,1,True,0.006789440693879051,106,False,0.3184426567639823,0.0969818142405939
241951,bull_trap,1,0,True,0.00013736445791570303,91,False,0.3940447281726446,0.12073059675679437
241952,bull_trap,2,1,True,0.014802399915740963,103,False,0.32558223189486535,0.09671493280479242
241953,bull_trap,1,0,True,0.6370341285945857,142,True,0.33000922717955655,0.14943405015526848
241954,bull_trap,1,0,True,0.7136483143725288,125,True,0.3812537577102014,0.15018406317894017
241955,bull_trap,1,0,True,0.0001959497908383507,134,False,0.3899258285261519,0.13622976032700596
241956,bull_trap,1,0,True,3.5115611231869873e-06,148,False,0.44289613556752494,0.14861860262079263
241957,bull_trap,4,1,True,0.0031588890629243855,148,False,0.5494852976928151,0.19146179949407083
241958,bull_trap,1,0,True,0.0007312005723109187,141,False,0.3838619020973806,0.1313886336139621
241959,bull_trap,1,0,True,0.0062253513127902005,144,False,0.35371139237986304,0.14178696167101584
241960,bull_trap,1,0,True,0.00018794408504980184,116,False,0.44236566180934983,0.15716573755318944
241961,bull_trap,1,0,True,0.005194931510952664,101,False,0.40939149585024537,0.14719150528742025
241962,bull_trap,2,1,True,0.002707927244422349,106,False,0.3308830087938364,0.12027170491089888
241963,bull_trap,1,0,True,0.3346536720138468,119,True,0.33091098741022323,0.08683721715170702
241964,bull_trap,1,0,True,0.0019138522122583324,102,False,0.3851949551599348,0.1257947559330907
241965,bull_trap,1,0,True,0.004521728972915045,143,False,0.4644550478216868,0.1579293675601254
241966,bull_trap,1,0,True,0.18919534848454977,113,True,0.3827303648825146,0.11698511716594516
241967,bull_trap,1,0,True,0.005467222868390519,149,False,0.4346848422147648,0.16366548259170843
241968,bull_trap,1,0,True,0.0002750934374371199,130,False,0.4810705626793865,0.15082785173701937
241969,bull_trap,1,0,True,0.0007039402408942845,116,False,0.3727072647844426,0.13889562834899563
241970,bull_trap,1,0,True,8.304035275948577e-06,125,False,0.4438193547841441,0.13964017609042506
241971,bull_trap,1,0,True,0.0015646915883912105,135,False,0.4661911778807189,0.1447097214095977
241972,bull_trap,1,0,True,0.041628373177843236,111,False,0.5006501777060988,0.15680734777503075
241973,bull_trap,1,0,True,0.4993899466664234,113,True,0.39840409368097784,0.16677531126698777
241974,bull_trap,1,0,True,0.023108182168851066,109,False,0.3425617446154748,0.16290692857975464
241975,bull_trap,1,0,True,0.000399734176618937,147,False,0.4689986471512308,0.1597680614470102
241976,bull_trap,1,0,True,0.0014779878667973327,103,False,0.4843640640628561,0.18699629052064531
241977,bull_trap,1,0,True,0.0015823457412678578,95,False,0.3460567488349669,0.13031569714318425
241978,bull_trap,1,0,True,0.008021318677825559,149,False,0.461414690708928,0.1594889542772418
241979,bull_trap,1,0,True,0.013993537860029846,125,False,0.34461951108328753,0.10879796639583458
241980,bull_trap,1,0,True,0.3886673772842487,127,True,0.3513284606474687,0.12578250998751864
241981,bull_trap,1,0,True,0.019298179612776543,97,False,0.30534283385814065,0.10391749155638387
241982,bull_trap,1,0,True,0.03155275264282268,108,False,0.48969780421172426,0.15326090701843534
241983,bull_trap,1,0,True,0.00013393832728888434,121,False,0.33317534751107675,0.10842068988364395
241984,bull_trap,1,0,True,0.0005579340311433409,99,False,0.49635168417817993,0.19529571278832522
241985,bull_trap,1,0,True,0.003401180874165017,135,False,0.3851140472165901,0.09623468197231144
241986,bull_trap,1,0,True,0.0010038768571817669,137,False,0.43577373322722956,0.15117051081380972
241987,bull_trap,1,0,True,0.0814077968383652,106,True,0.4670696707968067,0.10416955345749535
241988,bull_trap,1,0,True,0.01112902942152028,112,False,0.43843406030718496,0.1668778362929324
241989,bull_trap,1,0,True,0.0010751007787575665,118,False,0.5006971767377173,0.1794433350691633
241990,bull_trap,1,0,True,0.00037315133186264105,121,False,0.5149721739058072,0.15487966942953937
241991,bull_trap,1,0,True,0.026343956673420335,92,False,0.4427264742513914,0.13500475978212237
241992,bull_trap,1,0,True,0.0006762953971244599,123,False,0.40782499656392,0.16759115334321817
241993,bull_trap,1,0,True,0.00010509251043713127,147,False,0.3821205483631099,0.13138770787260204
241994,bull_trap,1,0,True,0.00097889280985522,108,False,0.39773464248707796,0.15170480259784025
241995,bull_trap,1,0,True,0.0005535983772997357,127,False,0.4879213991724279,0.16307983572933976
241996,bull_trap,1,0,True,0.06460186343654443,91,False,0.33242792169002006,0.09982374377195401
241997,bull_trap,1,0,True,0.005023690089425385,107,False,0.38330836071040336,0.13085128865695034
241998,bull_trap,1,0,True,0.0055158633513715406,128,False,0.34796923330677837,0.08721078053368354
241999,bull_trap,1,0,True,0.013801329381894347,116,False,0.4214979073343066,0.15145245237509491
