seed,scenario,attempts,rejected,accepted,script_r2,n_event_days,depth,duration,rise,sd_x
240000,crash,1,0,True,0.03748990729511583,95,-0.492038058651724,101.0,77.0,0.10402611552211208
240001,crash,1,0,True,0.05531072835833045,133,-0.47986186562877864,92.0,103.0,0.06192836066385725
240002,crash,1,0,True,0.0954692870923054,115,-0.5680717720419177,121.0,69.0,0.1114045998115143
240003,crash,1,0,True,0.14618976710829895,137,-0.3519751016759106,86.0,17.0,0.07247898312106399
240004,crash,1,0,True,0.060155512067649415,98,-0.4770992066178549,29.0,58.0,0.11225330646221911
240005,crash,1,0,True,0.22168073413395067,102,-0.6296265937204251,55.0,25.0,0.09824701515176171
240006,crash,1,0,True,0.0838260197508571,104,-0.592735159014472,89.0,90.0,0.15295712532320538
240007,crash,1,0,True,0.10636747848345464,136,-0.3374439976713731,23.0,19.0,0.0934411392834235
240008,crash,1,0,True,0.06456535585288263,142,-0.5613891493602866,114.0,70.0,0.15479892062741446
240009,crash,1,0,True,0.054894325730845475,112,-0.3780050360085927,108.0,110.0,0.08089359866557047
240010,crash,1,0,True,0.07285896323089289,132,-0.4906916352648464,71.0,70.0,0.16338117590630602
240011,crash,1,0,True,0.13927099619927205,99,-0.496128182437229,21.0,19.0,0.07657718560720574
240012,crash,1,0,True,0.028857471847301995,94,,,,0.20783646278865112
240013,crash,1,0,True,0.11863959096797672,133,-0.6076860254935701,98.0,94.0,0.16744549075000215
240014,crash,1,0,True,0.11109672772722061,125,-0.5523018043276846,113.0,114.0,0.10927869527531918
240015,crash,1,0,True,0.12131064496233117,146,-0.41200279960721664,48.0,23.0,0.10666895590169173
240016,crash,1,0,True,0.086272281295588,92,,,,0.07453649502865267
240017,crash,2,1,True,0.11513771149075873,117,-0.6201310250833474,75.0,27.0,0.15203040173877247
240018,crash,1,0,True,0.0709269860165964,141,,,,0.06948020198898926
240019,crash,1,0,True,0.11629006625536287,104,-0.5446049611196455,41.0,20.0,0.11371831267438882
240020,crash,1,0,True,0.14927056837067257,104,-0.496702121946461,70.0,57.0,0.13466185397494665
240021,crash,1,0,True,0.07049679223452746,93,-0.5058777042274536,32.0,28.0,0.14102697159925628
240022,crash,1,0,True,0.052994153299446844,141,,,,0.13398409097712935
240023,crash,1,0,True,0.04742937931640041,114,-0.46811150679278535,102.0,110.0,0.08318668952165802
240024,crash,1,0,True,0.10295925018932924,150,-0.4292518586573971,36.0,22.0,0.07560818240891483
240025,crash,1,0,True,0.0961364373753732,126,-0.5763645533394784,116.0,110.0,0.08488321644144663
240026,crash,1,0,True,0.11754383668413604,94,,,,0.11136209330945146
240027,crash,1,0,True,0.05267573646913631,120,-0.44349512111352296,42.0,37.0,0.13358884234912247
240028,crash,1,0,True,0.11726073904567559,127,-0.44610115919295956,72.0,68.0,0.09450437539614868
240029,crash,1,0,True,0.05184572777408494,139,-0.4718875582367904,91.0,121.0,0.12119207987943117
240030,crash,1,0,True,0.134739122560783,144,-0.46036533171098004,93.0,94.0,0.09689113453078198
240031,crash,1,0,True,0.16848983098558634,95,-0.5286403859650819,63.0,41.0,0.16420988963893293
240032,crash,1,0,True,0.12747392452315415,94,,,,0.13668146198073972
240033,crash,1,0,True,0.09754494459796273,110,-0.512093326688734,56.0,90.0,0.08235423544689452
240034,crash,1,0,True,0.1296196492255724,141,-0.5392152267312256,96.0,77.0,0.10545256904043426
240035,crash,1,0,True,0.022549153679551445,121,-0.49363119231839436,120.0,85.0,0.11928225095238543
240036,crash,1,0,True,0.07293193117068143,130,-0.6893884942216082,94.0,80.0,0.14076322836507668
240037,crash,1,0,True,0.11198150683115564,136,-0.5058783791477386,69.0,58.0,0.09949347288467664
240038,crash,1,0,True,0.23266270651611778,142,-0.5057119022432024,27.0,25.0,0.15843058179029393
240039,crash,1,0,True,0.03125801095544088,128,-0.5052251638726748,80.0,93.0,0.06529603667269454
240040,crash,1,0,True,0.060138900519524606,116,,,,0.10011434750708785
240041,crash,1,0,True,0.05092012800595961,143,,,,0.08376192166906155
240042,crash,1,0,True,0.08419496470658874,101,-0.4578459450233755,16.0,19.0,0.054185622216633665
240043,crash,1,0,True,0.07819297627706012,142,-0.6422819349401248,20.0,17.0,0.19187916092655993
240044,crash,1,0,True,0.023582758777370923,108,-0.6438503771005685,80.0,90.0,0.1599584376003976
240045,crash,1,0,True,0.1072949403349035,140,-0.38721555463326374,71.0,41.0,0.07896476337434624
240046,crash,2,1,True,0.039025227180287975,128,-0.41370310863970083,111.0,104.0,0.07873588047261747
240047,crash,1,0,True,0.05962305366729788,120,-0.594381713011779,123.0,114.0,0.15740921156118326
240048,crash,1,0,True,0.08515975714583374,134,,,,0.09470683498976876
240049,crash,1,0,True,0.08942638524728214,145,-0.5103889391360318,61.0,65.0,0.11008150110926039
240050,crash,1,0,True,0.006384614077910981,132,-0.5482633013295165,60.0,72.0,0.10730258385908571
240051,crash,1,0,True,0.09447737543230585,100,-0.5950417954902198,92.0,67.0,0.11976846099069874
240052,crash,1,0,True,0.025699156683913652,99,-0.41343480404243693,107.0,102.0,0.07462100138809032
240053,crash,1,0,True,0.04687964435659496,126,-0.4535770650581634,83.0,87.0,0.10593134844672822
240054,crash,1,0,True,0.05131972922975033,121,,,,0.10896872689492552
240055,crash,1,0,True,0.06267673427883698,126,,,,0.1059572276508401
240056,crash,1,0,True,0.09024456891181562,134,-0.40119011985520137,25.0,20.0,0.09949747156783904
240057,crash,1,0,True,0.08641658986689321,132,,,,0.11804040929924223
240058,crash,1,0,True,0.15383690314704984,138,-0.4601689543324571,40.0,33.0,0.09138299600342771
240059,crash,1,0,True,0.08940654191438616,149,,,,0.08547868165986798
240060,crash,1,0,True,0.05636026297440268,105,-0.4854529544558972,33.0,31.0,0.05267707377978101
240061,crash,1,0,True,0.07708169545016018,126,-0.6908761216737722,101.0,85.0,0.12434727047567024
240062,crash,1,0,True,0.09278200539622938,121,-0.5177902256995992,118.0,117.0,0.0768077097529047
240063,crash,1,0,True,0.0724110458624163,114,-0.5492379445189791,91.0,47.0,0.08309331201921041
240064,crash,1,0,True,0.16854582759381959,116,-0.5292330280334847,42.0,93.0,0.1278428929217954
240065,crash,1,0,True,0.1359859963456201,113,,,,0.11968762675983584
240066,crash,1,0,True,0.0232964970977335,148,-0.34591229585957717,55.0,41.0,0.06279067883531944
240067,crash,1,0,True,0.06735239738581976,122,,,,0.15572469532699734
240068,crash,1,0,True,0.06162991938140472,143,-0.4514053636606241,114.0,43.0,0.08846582331482081
240069,crash,1,0,True,0.05135542899256142,148,-0.4249828180787043,53.0,20.0,0.06395120866548287
240070,crash,1,0,True,0.26506448336532346,110,-0.5270828162366938,108.0,94.0,0.15594880387021842
240071,crash,1,0,True,0.26670145409140256,108,-0.5491107641185877,81.0,81.0,0.1515470868883047
240072,crash,1,0,True,0.08539202396486656,102,-0.5762965642455101,110.0,112.0,0.09930425175839323
240073,crash,1,0,True,0.09018877622041707,128,-0.4187858472641268,123.0,79.0,0.05748532636284669
240074,crash,1,0,True,0.010446403852089295,119,-0.32605312455726854,18.0,28.0,0.05947305773437716
240075,crash,1,0,True,0.23522557534561642,116,-0.5123838156745146,27.0,49.0,0.1294575275382389
240076,crash,1,0,True,0.06738097120339363,148,,,,0.10231517414794503
240077,crash,1,0,True,0.07642577414089098,120,-0.3331241668904197,43.0,60.0,0.08180050077460599
240078,crash,1,0,True,0.029212347345217167,127,,,,0.07794474853917438
240079,crash,1,0,True,0.0924980366473797,122,,,,0.07532873293821553
240080,crash,1,0,True,0.05874512291130364,143,-0.45263272759456863,66.0,52.0,0.07111806072242637
240081,crash,1,0,True,0.04874329779938455,118,-0.4081425754220406,19.0,8.0,0.06573474555959646
240082,crash,1,0,True,0.061625187094559886,99,,,,0.05251356246115126
240083,crash,1,0,True,0.020487987097729515,146,-0.5871580288249676,36.0,43.0,0.12134934624327243
240084,crash,1,0,True,0.05061931826637298,115,-0.3919416842037532,112.0,109.0,0.05566660234204612
240085,crash,1,0,True,0.044151038035056434,146,-0.4448441914732487,90.0,95.0,0.09038747724997609
240086,crash,1,0,True,0.09838609881119473,133,-0.6609050947436249,59.0,34.0,0.21104410940847748
240087,crash,1,0,True,0.07373610345223248,142,,,,0.14073486049099643
240088,crash,1,0,True,0.10942625525521937,143,-0.42208969382256223,71.0,55.0,0.09448891917179002
240089,crash,1,0,True,0.08030121001646363,94,-0.466283510759695,47.0,44.0,0.07564638021185041
240090,crash,1,0,True,0.07615541923637013,144,-0.4784574013130922,126.0,18.0,0.07055026328026329
240091,crash,1,0,True,0.11343563855168062,142,-0.43850540134383786,73.0,67.0,0.0909089997116568
240092,crash,1,0,True,0.038667087462375245,93,-0.4572689230532694,102.0,95.0,0.07606122253287673
240093,crash,1,0,True,0.08484956368030727,119,,,,0.17414742428733243
240094,crash,1,0,True,0.0953465631596962,145,,,,0.10669862400460299
240095,crash,1,0,True,0.03957724534587568,129,-0.43296748476477553,67.0,35.0,0.08323783680966358
240096,crash,1,0,True,0.030151112489160838,97,-0.5413398060322598,85.0,101.0,0.13789255440290063
240097,crash,1,0,True,0.049475050506313276,138,,,,0.09255646278926802
240098,crash,1,0,True,0.0413000943383462,103,-0.4803510621876437,51.0,37.0,0.07311698819129576
240099,crash,1,0,True,0.14576068156097,103,,,,0.07725100042478185
240100,crash,1,0,True,0.06564011613757793,135,-0.45789538262534046,37.0,24.0,0.1000256081249288
240101,crash,1,0,True,0.2415701855074475,127,-0.5184600163175149,36.0,32.0,0.1663011578103634
240102,crash,1,0,True,0.0749109996097439,126,-0.40170561389377546,83.0,86.0,0.10062548757780647
240103,crash,1,0,True,0.08069918298927375,139,-0.39281192007482935,83.0,64.0,0.06683950960604629
240104,crash,1,0,True,0.11768770608787002,114,-0.557668745971567,60.0,98.0,0.12240487238941668
240105,crash,2,1,True,0.12764941727737372,101,-0.5801835023961422,93.0,28.0,0.0846954041460308
240106,crash,1,0,True,0.09379515531962399,95,-0.4940447566732229,119.0,71.0,0.11043889565015594
240107,crash,1,0,True,0.12006954397588418,133,-0.6249222806099741,68.0,70.0,0.10362097872719185
240108,crash,1,0,True,0.05714164469643175,129,-0.4613003535641138,116.0,18.0,0.11352249546626687
240109,crash,1,0,True,0.07408451370569613,150,-0.5249163788146958,117.0,63.0,0.08095936581640639
240110,crash,1,0,True,0.052357256539437735,118,-0.4851266955509598,124.0,23.0,0.06810682767124367
240111,crash,2,1,True,0.09094647868692178,117,,,,0.06763196363745265
240112,crash,1,0,True,0.06334185371884542,112,,,,0.11597359409135084
240113,crash,1,0,True,0.14895365365202584,130,-0.7027353772265714,119.0,108.0,0.18799917856331277
240114,crash,1,0,True,0.10699360489129056,108,-0.5857316400752143,92.0,96.0,0.09597936452730207
240115,crash,1,0,True,0.06141536834353335,105,,,,0.18833231081861979
240116,crash,1,0,True,0.20282460452742074,107,-0.49902357174674183,38.0,32.0,0.13161656512854758
240117,crash,1,0,True,0.039159346229564976,149,-0.6569137688454005,56.0,60.0,0.13799372680568536
240118,crash,1,0,True,0.06635810426546543,111,-0.600460434688247,112.0,121.0,0.16789066856588217
240119,crash,1,0,True,0.13827057075624852,118,-0.5325787480734799,53.0,37.0,0.14886038999548987
240120,crash,1,0,True,0.017303668514827675,122,-0.7110465139250794,67.0,73.0,0.15404981044655194
240121,crash,1,0,True,0.02943034460370435,148,,,,0.09742905564460475
240122,crash,1,0,True,0.09772428088475925,145,-0.38807179398314595,24.0,20.0,0.08705388682650508
240123,crash,1,0,True,0.10939931907677948,100,-0.4825846694067276,83.0,59.0,0.06676456207677356
240124,crash,1,0,True,0.0699619258641867,148,-0.6187157837704651,62.0,58.0,0.08572056098908883
240125,crash,1,0,True,0.1194605229717645,91,-0.34709695201916335,40.0,20.0,0.11309659013300191
240126,crash,1,0,True,0.11030639088065862,119,-0.5421529317909449,94.0,38.0,0.13097383220767897
240127,crash,1,0,True,0.013115801240546473,145,-0.5694529511761593,114.0,33.0,0.10813470608436536
240128,crash,1,0,True,0.06163442487485164,102,-0.6029768946004608,44.0,46.0,0.13195363390335
240129,crash,1,0,True,0.09810236159440625,101,-0.4034962720073526,83.0,81.0,0.07076374760982879
240130,crash,1,0,True,0.05113809556234858,90,-0.4824457407527445,42.0,47.0,0.10767503276818474
240131,crash,1,0,True,0.055256224282047316,129,-0.5394417879779698,75.0,92.0,0.138090305380007
240132,crash,1,0,True,0.045155256110739055,126,-0.5864495222312747,118.0,129.0,0.11016915257308534
240133,crash,1,0,True,0.08881106505387804,95,-0.5429532702824125,93.0,84.0,0.07253681039917227
240134,crash,1,0,True,0.10386357229204612,145,-0.3538140417254848,71.0,29.0,0.061807643217230486
240135,crash,1,0,True,0.06187692052972887,110,,,,0.05099208889593869
240136,crash,1,0,True,0.12112923973852953,133,-0.44204234529729103,104.0,85.0,0.12562464430909157
240137,crash,1,0,True,0.11687609910197876,144,-0.6199500969200097,119.0,155.0,0.1479187160990835
240138,crash,1,0,True,0.13747738556359337,111,-0.682803029709206,106.0,114.0,0.2401179375179749
240139,crash,1,0,True,0.004789018871621476,131,,,,0.09243406494921279
240140,crash,1,0,True,0.043912236667904114,150,,,,0.05890820974524793
240141,crash,1,0,True,0.1706762341040626,147,-0.4318496618518144,39.0,89.0,0.08783556829438417
240142,crash,1,0,True,0.05094031652198209,100,-0.31591893093827406,52.0,62.0,0.08956088797103963
240143,crash,1,0,True,0.10867336441931309,118,-0.5077903844923068,26.0,20.0,0.06869262289948722
240144,crash,1,0,True,0.11023326970315753,132,-0.5371627794833964,86.0,36.0,0.15526393079290127
240145,crash,1,0,True,0.07440527301793695,99,-0.5932364852082037,74.0,68.0,0.22291827552742072
240146,crash,1,0,True,0.12355578496430895,97,,,,0.0935045959007765
240147,crash,1,0,True,0.06738337993645636,145,,,,0.2973739152447658
240148,crash,1,0,True,0.09188052509471152,125,-0.5486574722607684,37.0,40.0,0.08769889246117965
240149,crash,1,0,True,0.13236755287005772,120,-0.5041764975338812,29.0,29.0,0.10885108917288655
240150,crash,1,0,True,0.06740113096700771,103,-0.6214161853363629,85.0,14.0,0.17116659503588266
240151,crash,1,0,True,0.11751128889446326,107,-0.6069538043504363,23.0,21.0,0.10911037396129505
240152,crash,1,0,True,0.17319238913815269,101,-0.4626295936387317,57.0,46.0,0.11426854275509071
240153,crash,1,0,True,0.05175844276308604,128,-0.5928358564834683,53.0,79.0,0.1011437110272212
240154,crash,1,0,True,0.06946419646796886,136,-0.5519332323309936,67.0,13.0,0.1594894444361678
240155,crash,1,0,True,0.07329125214037473,124,-0.6363832128443395,95.0,97.0,0.12287934982908669
240156,crash,1,0,True,0.10476254228327733,149,-0.4207873599450155,83.0,64.0,0.09748799384749392
240157,crash,1,0,True,0.05394210400712993,108,-0.4999988775061833,62.0,68.0,0.05189174710552688
240158,crash,1,0,True,0.1850654044500039,113,-0.5302812721604405,62.0,67.0,0.08680252221789997
240159,crash,1,0,True,0.07551280961643057,107,-0.39582366058425555,95.0,94.0,0.08455272574818404
240160,crash,1,0,True,0.023771930641291565,112,-0.48505048735148204,91.0,88.0,0.06414782791091124
240161,crash,1,0,True,0.09552699751690447,143,,,,0.08553118620740639
240162,crash,1,0,True,0.12257140933968176,103,-0.5288943956313273,15.0,16.0,0.11142774471192994
240163,crash,1,0,True,0.056166559527903906,105,-0.5584920678906178,109.0,71.0,0.09366745940163665
240164,crash,1,0,True,0.03977872741295784,99,-0.3957853279636381,88.0,74.0,0.046258602150835035
240165,crash,1,0,True,0.09129015937326118,113,-0.4265539902491958,76.0,79.0,0.08768855967207805
240166,crash,1,0,True,0.0806218933400416,104,-0.4308001523180066,74.0,44.0,0.0981449372660442
240167,crash,1,0,True,0.18749972521022057,125,-0.5273776754382886,40.0,73.0,0.1623939886910525
240168,crash,1,0,True,0.059175677335580774,100,-0.5628921838882057,73.0,61.0,0.1505773407435542
240169,crash,1,0,True,0.11114898640656203,132,-0.5939441581792892,61.0,62.0,0.09517419536616854
240170,crash,1,0,True,0.0810899699870482,116,,,,0.14926585850897214
240171,crash,1,0,True,0.04026543602608365,112,-0.7250470821934256,112.0,96.0,0.13841174785457513
240172,crash,1,0,True,0.09568555208007283,102,,,,0.08834509551032287
240173,crash,1,0,True,0.07876480485795906,95,,,,0.08144265215051762
240174,crash,1,0,True,0.10413133701748405,99,-0.5281621063814166,91.0,68.0,0.09096507243762167
240175,crash,1,0,True,0.0666793781697675,122,-0.35750691927879485,32.0,1.0,0.10546397818305833
240176,crash,1,0,True,0.06303738995141567,110,-0.5841420391150206,120.0,69.0,0.14081921746373446
240177,crash,1,0,True,0.08364513569511188,145,-0.4712417933369054,71.0,92.0,0.05365497056342791
240178,crash,1,0,True,0.059833996719664884,108,-0.5953178591273227,8.0,2.0,0.1284750338832088
240179,crash,1,0,True,0.05066322809962169,146,-0.438650844805512,87.0,51.0,0.08546863959360866
240180,crash,1,0,True,0.13682340453182254,150,-0.608124063307955,38.0,47.0,0.15439624548034828
240181,crash,1,0,True,0.10605753646292357,146,-0.45947506547090367,80.0,78.0,0.1613440273119046
240182,crash,1,0,True,0.09677729479103099,129,-0.5885250645963054,101.0,61.0,0.09840361489847133
240183,crash,1,0,True,0.07631523602424016,91,,,,0.08249321552391539
240184,crash,1,0,True,0.22545947778479158,129,-0.5467569472063317,71.0,49.0,0.1250739338627538
240185,crash,1,0,True,0.05403387483972371,143,,,,0.09542831131777262
240186,crash,1,0,True,0.09309631435307687,128,-0.5098971122793745,124.0,70.0,0.07645315915768415
240187,crash,1,0,True,0.1328845050264317,135,-0.42241602514462906,36.0,29.0,0.0977469928008885
240188,crash,1,0,True,0.2555024814730286,106,-0.5738904255963779,88.0,87.0,0.12892491845588527
240189,crash,1,0,True,0.09019674004708558,91,-0.5632425206386367,120.0,107.0,0.1324858573451916
240190,crash,1,0,True,0.05116781812460378,149,-0.6581587357726633,59.0,62.0,0.16482238955083076
240191,crash,2,1,True,0.030883080085583586,145,-0.6649736739246751,71.0,79.0,0.21486721764420566
240192,crash,1,0,True,0.07354556547304647,112,-0.693619261478333,64.0,72.0,0.23738885962342965
240193,crash,1,0,True,0.04957817680383906,112,-0.43883882236781435,29.0,26.0,0.16202732686731644
240194,crash,1,0,True,0.09759256708367249,111,-0.6374099453532103,109.0,107.0,0.08498486115517938
240195,crash,1,0,True,0.027065415723863468,99,-0.5520586987252325,93.0,27.0,0.07262069275851964
240196,crash,1,0,True,0.04894124063818706,145,,,,0.08323052702521329
240197,crash,1,0,True,0.09813903333439064,96,-0.5938985248801939,106.0,98.0,0.18350234982898295
240198,crash,1,0,True,0.10987394313010314,108,-0.6189169991998758,26.0,29.0,0.1731013077968221
240199,crash,1,0,True,0.12229564838596424,142,,,,0.11271907226344027
240200,crash,1,0,True,0.09403759934970668,99,-0.39733704918946244,19.0,20.0,0.11050887563825207
240201,crash,1,0,True,0.10456364600053364,122,-0.44196151550513185,40.0,20.0,0.07655280441741533
240202,crash,1,0,True,0.08970579595348999,149,-0.5828100340478002,61.0,0.0,0.1529795385735963
240203,crash,1,0,True,0.025818712772231415,132,-0.6118227522659527,124.0,85.0,0.1171889887499565
240204,crash,1,0,True,0.1415123878030065,107,-0.5864491989868913,48.0,18.0,0.10874971854659296
240205,crash,1,0,True,0.1291682650819484,149,,,,0.09899253728908022
240206,crash,1,0,True,0.11266540141663522,105,,,,0.07736188710368794
240207,crash,1,0,True,0.0975006712484575,138,,,,0.08702330175964401
240208,crash,1,0,True,0.04680557889895212,103,-0.5835598136463177,68.0,53.0,0.11195566790665921
240209,crash,1,0,True,0.024346066314132754,110,-0.5433049030796953,110.0,32.0,0.07151916420865882
240210,crash,1,0,True,0.12357089020251155,139,,,,0.07686592517696489
240211,crash,1,0,True,0.06805493516411816,123,-0.4763915504801357,105.0,45.0,0.07158571847484499
240212,crash,1,0,True,0.0005498910236692548,92,-0.4836104306226955,118.0,126.0,0.044247826747359525
240213,crash,1,0,True,0.08845605100618127,114,-0.6164812630575001,104.0,37.0,0.14934463620231692
240214,crash,1,0,True,0.05423008683169191,98,-0.5106833408209877,61.0,55.0,0.08560649416048831
240215,crash,1,0,True,0.04768558954668574,103,-0.44724813307113187,96.0,31.0,0.1122213652232386
240216,crash,1,0,True,0.06990487984130632,106,-0.5067019417392908,93.0,69.0,0.0944686301503936
240217,crash,1,0,True,0.018596541053890102,103,-0.504954881616754,26.0,27.0,0.12953464844613816
240218,crash,1,0,True,0.04672037241556665,90,-0.7180110159956707,57.0,64.0,0.2316514111029098
240219,crash,1,0,True,0.06317970660858185,119,-0.46096698103198996,104.0,65.0,0.10378993507254132
240220,crash,2,1,True,0.06289262403317203,134,-0.44292701600531104,37.0,24.0,0.06009230150308017
240221,crash,1,0,True,0.044068792556127265,94,,,,0.09104797992346014
240222,crash,1,0,True,0.11202346740211554,125,-0.4373742840745508,73.0,61.0,0.07193350130112429
240223,crash,1,0,True,0.05933281116297824,103,,,,0.11429182357484334
240224,crash,1,0,True,0.053247477097736556,145,-0.4022507157285776,28.0,69.0,0.17380517747389546
240225,crash,1,0,True,0.08023866516809217,133,-0.5532824367383371,39.0,45.0,0.09056140706424048
240226,crash,1,0,True,0.017343223439447285,112,,,,0.09882599458009385
240227,crash,1,0,True,0.02470458618524138,106,-0.6266203673835199,122.0,69.0,0.1333647456503359
240228,crash,1,0,True,0.028123935756494692,106,-0.5381802962164518,41.0,53.0,0.12678170374726144
240229,crash,1,0,True,0.07293923584156713,102,-0.3804312514224266,42.0,42.0,0.06237629678260917
240230,crash,1,0,True,0.14974631846879122,94,-0.5718328134260162,111.0,99.0,0.07753486094581792
240231,crash,1,0,True,0.049450433616349786,145,-0.6663554390427118,18.0,2.0,0.17563579761984485
240232,crash,1,0,True,0.07857442442853677,135,-0.5098315007445875,77.0,72.0,0.05611593506221567
240233,crash,1,0,True,0.11428792615932627,94,-0.44867377814077336,84.0,61.0,0.07597698094731467
240234,crash,1,0,True,0.023191867834466612,90,-0.5913497333483423,112.0,108.0,0.1413720659714328
240235,crash,1,0,True,0.02832973688828727,112,-0.6425254005824297,104.0,138.0,0.11280447477643714
240236,crash,1,0,True,0.08353963239989451,114,-0.3858172666175361,18.0,18.0,0.09860713818979175
240237,crash,3,1,True,0.05984285795340318,113,-0.4843069682784794,77.0,80.0,0.08950017707429753
240238,crash,1,0,True,0.19487413649435825,114,,,,0.0990125089716561
240239,crash,2,1,True,0.16109510574685187,100,-0.5595960305765078,75.0,68.0,0.12240288766705396
240240,crash,1,0,True,0.10183984633022147,96,-0.5209230380944554,29.0,30.0,0.12616502121613007
240241,crash,1,0,True,0.11954968741319617,128,-0.48026839086385165,40.0,45.0,0.08924942140560538
240242,crash,1,0,True,0.04782694638731946,107,-0.5482695859508138,70.0,30.0,0.10696348186819306
240243,crash,1,0,True,0.05674266500597066,144,-0.4817170675806294,95.0,50.0,0.10027295036596456
240244,crash,1,0,True,0.10768921927939011,139,-0.3755400683030503,43.0,36.0,0.09055368441883158
240245,crash,1,0,True,0.024883735967980602,107,-0.7555718161025564,90.0,72.0,0.25815512402247903
240246,crash,1,0,True,0.0005315623543006443,147,-0.32598736139429074,48.0,54.0,0.06440702810710679
240247,crash,1,0,True,0.10639930998562801,94,,,,0.07671113858181439
240248,crash,1,0,True,0.06801314504996293,123,-0.4570778355940279,103.0,73.0,0.10503890744424066
240249,crash,1,0,True,0.149403551043387,116,-0.4883223096745213,83.0,56.0,0.11123244727179962
240250,crash,1,0,True,0.04823197926080053,132,-0.5202026918417089,110.0,112.0,0.11007392330739288
240251,crash,1,0,True,0.06378783250209501,126,-0.5422685930778895,118.0,110.0,0.08982572917650647
240252,crash,1,0,True,0.08847390081959684,125,-0.4123929777513652,55.0,66.0,0.08157106221538964
240253,crash,1,0,True,0.07078712593464694,145,-0.5082739264342782,21.0,32.0,0.07310871280706245
240254,crash,1,0,True,0.06736193041154051,91,-0.31207955238751306,19.0,35.0,0.06284472534792254
240255,crash,1,0,True,0.06226340570699442,94,-0.4081106532117912,35.0,16.0,0.07490304189744017
240256,crash,1,0,True,0.0337648416581471,110,-0.4615141029161749,38.0,36.0,0.05625896681695223
240257,crash,1,0,True,0.028605630396445567,140,-0.5583274716476554,97.0,37.0,0.14464086040519572
240258,crash,1,0,True,0.10742700445383392,96,-0.42952235155327256,55.0,39.0,0.06602212908724979
240259,crash,1,0,True,0.04852186964210992,108,,,,0.15910392736935305
240260,crash,1,0,True,0.05637109455182402,120,,,,0.09114178922488124
240261,crash,1,0,True,0.04852232459700919,130,-0.4484932412629057,45.0,36.0,0.05320967342861654
240262,crash,1,0,True,0.09427955429851437,136,-0.5021422482734198,53.0,28.0,0.08798750775842411
240263,crash,1,0,True,0.061219128010242936,102,-0.4692209184221471,37.0,50.0,0.11589867731154166
240264,crash,1,0,True,0.0888037584490057,128,-0.3095184470902397,105.0,78.0,0.07885604563705355
240265,crash,2,1,True,0.062320601606672216,146,-0.5449588737306558,56.0,23.0,0.10143013902981071
240266,crash,2,1,True,0.05686008894355956,97,,,,0.05533277313586831
240267,crash,1,0,True,0.0781180882665094,122,,,,0.09304917140575408
240268,crash,1,0,True,0.10050303081778257,107,-0.48113305959036257,76.0,15.0,0.0939761879708812
240269,crash,1,0,True,0.1376610347474096,127,-0.6330441964202955,45.0,52.0,0.13438430809737156
240270,crash,1,0,True,0.049246333832955395,106,-0.3241735550549977,29.0,19.0,0.06258639435323109
240271,crash,1,0,True,0.1167028791182442,121,-0.6016042277852371,95.0,33.0,0.1611286801019652
240272,crash,1,0,True,0.15566470091955972,108,-0.5408331563824893,73.0,76.0,0.10921466653920826
240273,crash,2,1,True,0.050867588990341966,144,-0.498938734152635,96.0,100.0,0.0896322758874715
240274,crash,1,0,True,0.1308104885876616,104,-0.5442374094124036,68.0,66.0,0.11606803367326013
240275,crash,1,0,True,0.049226268596820104,113,-0.3948724338550794,51.0,53.0,0.10105468636397841
240276,crash,1,0,True,0.187263131459829,91,-0.33758391156688794,49.0,54.0,0.054072084413426535
240277,crash,1,0,True,0.11046095527955743,135,,,,0.13591927003422488
240278,crash,1,0,True,0.08075763810965975,128,-0.5937612708475648,85.0,72.0,0.13095628935517195
240279,crash,1,0,True,0.07265205565731798,114,-0.5879986776826226,121.0,102.0,0.17528683677755816
240280,crash,1,0,True,0.1231074692974178,96,-0.44353949490178946,103.0,82.0,0.10326574387915517
240281,crash,1,0,True,0.047279868394430526,101,-0.4064285238148634,38.0,42.0,0.058955154700174595
240282,crash,1,0,True,0.10152718413727294,97,-0.536530418437092,122.0,127.0,0.14350227956770173
240283,crash,2,1,True,0.15894097162075582,126,-0.5157772241838232,94.0,90.0,0.06912816453380599
240284,crash,2,1,True,0.11011273314992442,100,-0.5008810026435279,81.0,49.0,0.12734983455717486
240285,crash,1,0,True,0.055579662062449985,139,,,,0.06537144043444136
240286,crash,1,0,True,0.03697054769015713,122,-0.5483915093754397,51.0,89.0,0.1155948806397911
240287,crash,1,0,True,0.07697413124685278,92,-0.5588706154636827,79.0,32.0,0.11149313473104148
240288,crash,1,0,True,0.07978610396575797,129,-0.5850862872970224,108.0,98.0,0.15697617915743034
240289,crash,1,0,True,0.13920391213488068,118,-0.6368742760057207,119.0,115.0,0.18204666388621124
240290,crash,1,0,True,0.06763205761588989,131,-0.5746869843847946,112.0,95.0,0.1093571395704289
240291,crash,1,0,True,0.07750494490903789,135,-0.5424607365301447,53.0,69.0,0.08845989350258057
240292,crash,1,0,True,0.03853303618266015,138,,,,0.045473934349274464
240293,crash,1,0,True,0.056733860671066436,130,-0.535471509542804,82.0,110.0,0.11312440655158663
240294,crash,1,0,True,0.06461275976838018,92,,,,0.07592969441544718
240295,crash,1,0,True,0.13091762293328696,112,-0.4308069193236679,68.0,42.0,0.06412917312890139
240296,crash,1,0,True,0.09968329671988331,97,,,,0.05345786291570161
240297,crash,1,0,True,0.05327176985403174,145,-0.40322947280253785,59.0,17.0,0.11235093235046108
240298,crash,1,0,True,0.028743987920457147,141,-0.43630924088485334,70.0,79.0,0.17476561336940255
240299,crash,1,0,True,0.1026768219481595,134,-0.38089371167094555,39.0,39.0,0.11509813514470824
240300,crash,1,0,True,0.06196313554667461,139,-0.5349212186630263,65.0,117.0,0.1661380527251305
240301,crash,1,0,True,0.05599388904389364,133,-0.7116523929018063,97.0,100.0,0.2031140158722271
240302,crash,1,0,True,0.0694646609119416,104,-0.5686612074248389,116.0,100.0,0.09207333165074912
240303,crash,1,0,True,0.06480809358996695,128,-0.5417996940414794,104.0,111.0,0.1140227244390971
240304,crash,1,0,True,0.10338771576902246,116,-0.5165159307723849,52.0,50.0,0.08173948618824209
240305,crash,1,0,True,0.06447496442935051,144,,,,0.11834418396849575
240306,crash,1,0,True,0.12108525362143874,94,-0.5167878266352082,84.0,78.0,0.13022312649717444
240307,crash,1,0,True,0.10275697259619708,103,-0.642259746451761,49.0,55.0,0.1514560623764867
240308,crash,1,0,True,0.053128934194289434,98,,,,0.10489147522368011
240309,crash,1,0,True,0.08448291498234953,131,-0.553381175245181,39.0,24.0,0.12049807278634654
240310,crash,1,0,True,0.09545537727509397,91,,,,0.18008829078494487
240311,crash,1,0,True,0.1424128834875369,101,-0.5888510452855586,114.0,126.0,0.14730362637482827
240312,crash,1,0,True,0.0589141510149043,147,-0.5389518022567028,19.0,21.0,0.08043190671769912
240313,crash,1,0,True,0.10203916456592821,140,-0.5334162269038367,49.0,63.0,0.16697718504641398
240314,crash,1,0,True,0.022200014008562453,98,-0.3475142645855247,25.0,72.0,0.07868543235942754
240315,crash,1,0,True,0.15204256150670206,118,-0.6192302927078144,100.0,94.0,0.13594094845732596
240316,crash,1,0,True,0.11726152100059707,92,-0.43008968328016095,90.0,58.0,0.08527114885136904
240317,crash,1,0,True,0.17805542086324555,137,,,,0.11802889326369463
240318,crash,1,0,True,0.35492390064815604,103,-0.5112434124192362,29.0,22.0,0.12620829962703659
240319,crash,1,0,True,0.1411982119855368,127,-0.5549222995532785,85.0,57.0,0.11993365741050697
240320,crash,1,0,True,0.06633050379414564,131,-0.7147036880410234,90.0,82.0,0.1506765140216741
240321,crash,1,0,True,0.0745622919811395,96,-0.8174810390341332,19.0,41.0,0.25632059205608265
240322,crash,1,0,True,0.04020335522488869,120,-0.4232237972779965,70.0,69.0,0.05935340079678405
240323,crash,1,0,True,0.20424742896337117,117,-0.4708503505257895,79.0,77.0,0.08902167695186326
240324,crash,1,0,True,0.10919413917260223,135,-0.45028149822506536,30.0,39.0,0.09760319034339372
240325,crash,1,0,True,0.24729222064063502,97,,,,0.16783947842431987
240326,crash,1,0,True,0.07486610425690332,97,-0.5391001114026144,101.0,79.0,0.08996285636058046
240327,crash,1,0,True,0.07824722631527338,125,-0.636236200016487,115.0,121.0,0.10304674548425603
240328,crash,1,0,True,0.09538737444062756,101,-0.5265291592321288,50.0,37.0,0.13936612791782668
240329,crash,1,0,True,0.07891109621402423,124,,,,0.06634287471348997
240330,crash,1,0,True,0.09330440813522453,96,-0.3740224672480156,34.0,81.0,0.10067155531536888
240331,crash,1,0,True,0.05138961099001357,138,-0.5874170303286798,89.0,126.0,0.1318084747389882
240332,crash,1,0,True,0.06566730335361774,124,-0.45906792080594117,91.0,45.0,0.08257427472090015
240333,crash,1,0,True,0.093000184499885,128,-0.5600706940525522,44.0,78.0,0.10788619746187122
240334,crash,1,0,True,0.12197077157649439,144,-0.5354945547196086,112.0,116.0,0.11177626389321525
240335,crash,1,0,True,0.06386626020492375,146,-0.48706904576160637,125.0,116.0,0.07983959767688344
240336,crash,1,0,True,0.05947558755922336,124,-0.4663723096002357,55.0,53.0,0.07790435654717973
240337,crash,1,0,True,0.06904978162041561,92,-0.6461832480636909,94.0,82.0,0.1750631186526487
240338,crash,1,0,True,0.05347061802545591,133,-0.6106723946054132,11.0,12.0,0.14696583602237578
240339,crash,1,0,True,0.09408457136416712,124,-0.40176395130378384,60.0,21.0,0.06798338574747397
240340,crash,1,0,True,0.02800322720624116,124,,,,0.09393737013709985
240341,crash,1,0,True,0.12612039344655596,109,-0.5750612931539225,104.0,76.0,0.08496370139704529
240342,crash,1,0,True,0.1493807701196348,134,,,,0.07627975275180972
240343,crash,1,0,True,0.07410768412425246,136,,,,0.13136522740144385
240344,crash,1,0,True,0.1022109615866774,138,-0.5629680134200001,120.0,58.0,0.1206295145517552
240345,crash,1,0,True,0.11352360513844373,120,-0.5591907006257175,31.0,26.0,0.07457517224949894
240346,crash,1,0,True,0.1384172360565851,146,-0.5119437189652676,31.0,30.0,0.13374705124982403
240347,crash,1,0,True,0.09336741933647356,129,-0.4917282592635538,43.0,12.0,0.11697202624050806
240348,crash,1,0,True,0.10226218741995213,142,-0.7519749438060808,3.0,21.0,0.2804041118537987
240349,crash,1,0,True,0.08789821353424586,90,-0.6638805052430234,66.0,66.0,0.11714963426280628
240350,crash,1,0,True,0.049846828567518535,142,-0.7039930708165738,68.0,117.0,0.19710736668532025
240351,crash,1,0,True,0.06904996339963886,100,-0.4604433585238955,92.0,95.0,0.07656375020537237
240352,crash,1,0,True,0.13820266799750366,99,-0.610329190364298,102.0,73.0,0.10035323778065859
240353,crash,1,0,True,0.1114254838022235,120,-0.32258918547989857,52.0,50.0,0.08755400978137269
240354,crash,1,0,True,0.15068668518855835,128,-0.5462142883484843,105.0,95.0,0.09520529892696433
240355,crash,1,0,True,0.1093920573463382,146,-0.5836164029143215,51.0,50.0,0.12132091937757891
240356,crash,1,0,True,0.07606670402313649,125,-0.6118900615501863,62.0,70.0,0.14601821643234625
240357,crash,1,0,True,0.08431295289224652,126,-0.5020375732904943,85.0,37.0,0.08271715631933871
240358,crash,1,0,True,0.038354241999673834,150,,,,0.0889411727257419
240359,crash,1,0,True,0.058951712160608245,97,,,,0.09149701365237904
240360,crash,1,0,True,0.043007755737270253,121,-0.4210386746637055,65.0,19.0,0.06605655895003472
240361,crash,1,0,True,0.06259120530913792,138,-0.6057785914228871,95.0,61.0,0.0720906122118917
240362,crash,1,0,True,0.3287795666042833,90,-0.5878302604199142,108.0,90.0,0.13561705903340468
240363,crash,1,0,True,0.11456158675928618,91,-0.3458363644558392,93.0,50.0,0.09383360982797202
240364,crash,1,0,True,0.10318455425474218,139,-0.4899603820755132,58.0,30.0,0.06433675085325759
240365,crash,1,0,True,0.13814066576191547,99,,,,0.11307178736362233
240366,crash,1,0,True,0.06556955762580147,127,-0.6129135922957679,125.0,119.0,0.11869290463860362
240367,crash,1,0,True,0.07006212923494963,103,-0.536598510698687,74.0,86.0,0.13405613199753055
240368,crash,1,0,True,0.06957231928855186,126,,,,0.06735474195542888
240369,crash,1,0,True,0.10921776413815534,135,-0.39352589991112485,50.0,34.0,0.06256931253074745
240370,crash,1,0,True,0.0736159087456165,145,-0.544867175702302,109.0,84.0,0.11059610615244753
240371,crash,1,0,True,0.09121336513816432,145,-0.34987968488789123,69.0,66.0,0.0746460784256372
240372,crash,1,0,True,0.045008217905920814,106,,,,0.06474626784712195
240373,crash,1,0,True,0.08623760090263886,125,-0.6059283509138582,109.0,99.0,0.11005802932705659
240374,crash,1,0,True,0.09670403993667608,127,,,,0.11474106399694407
240375,crash,1,0,True,0.13551169735384777,144,-0.4126003532245781,66.0,103.0,0.1363193244745552
240376,crash,1,0,True,0.08922545677670839,113,,,,0.10302784662914492
240377,crash,1,0,True,0.06061215799802274,135,-0.5309179295546187,86.0,80.0,0.13529600081852253
240378,crash,1,0,True,0.09589467885773152,126,-0.4685642189568362,26.0,22.0,0.12077664785158117
240379,crash,1,0,True,0.10651365183549155,105,-0.45601033104363664,97.0,68.0,0.10317403388108459
240380,crash,1,0,True,0.02311638665530194,99,-0.49303988705613033,102.0,117.0,0.1079363507621345
240381,crash,1,0,True,0.04664810085236504,129,-0.34013655734880077,114.0,29.0,0.05246087925428823
240382,crash,1,0,True,0.04300248721565477,117,-0.44840717576816624,76.0,38.0,0.12219739438560097
240383,crash,1,0,True,0.07497729571709073,91,-0.5581957098853441,59.0,34.0,0.1606636557983116
240384,crash,1,0,True,0.05108829512224746,144,-0.33644364167635743,51.0,41.0,0.04366624167117613
240385,crash,1,0,True,0.02698015087418497,140,-0.6810025918701597,113.0,98.0,0.15272861223978557
240386,crash,1,0,True,0.12910338869596147,103,-0.49664834302340743,115.0,29.0,0.05284950806985343
240387,crash,1,0,True,0.07474518371547922,93,,,,0.1136271573966183
240388,crash,1,0,True,0.1379087996600097,113,,,,0.07150425868046417
240389,crash,1,0,True,0.22593904742594817,146,-0.6600671893818026,64.0,44.0,0.13782244748095926
240390,crash,1,0,True,0.09291215531963135,94,-0.4710198472872973,73.0,13.0,0.12416130330213267
240391,crash,1,0,True,0.06648403143760692,95,-0.6103112353614177,55.0,23.0,0.1464328110119433
240392,crash,1,0,True,0.10004199996774567,127,,,,0.08472502683682748
240393,crash,1,0,True,0.07362912976758591,91,-0.566825472948921,96.0,76.0,0.09426432751741978
240394,crash,1,0,True,0.12061148956074484,101,-0.5742942586767593,87.0,81.0,0.10797878024527335
240395,crash,1,0,True,0.10805871321737252,103,,,,0.10423514890122523
240396,crash,1,0,True,0.0003784754276569878,132,-0.4952939197578188,37.0,36.0,0.09954773148014398
240397,crash,1,0,True,0.14839535108302024,115,-0.6102476148481701,122.0,111.0,0.13988073615518887
240398,crash,1,0,True,0.12134701470997382,102,-0.4375563853918396,58.0,26.0,0.06503678404495974
240399,crash,1,0,True,0.10786077730928499,148,,,,0.08588857531362241
240400,crash,1,0,True,0.13036824851475362,91,,,,0.08346293189187677
240401,crash,1,0,True,0.053282017830697574,105,-0.4296484788447468,60.0,22.0,0.05796956182903275
240402,crash,1,0,True,0.06314996332889723,117,-0.45191359315096336,90.0,103.0,0.06813534522437044
240403,crash,1,0,True,0.12422627765918509,148,-0.44413336209884224,26.0,24.0,0.09811485764904912
240404,crash,1,0,True,0.13590703060252698,112,-0.5302810866833481,67.0,36.0,0.11761017033796645
240405,crash,1,0,True,0.07151089964089705,108,,,,0.09429359343819776
240406,crash,1,0,True,0.06098021862148449,138,-0.4833216851384726,36.0,29.0,0.06606175251236884
240407,crash,1,0,True,0.11115058385730583,111,-0.4859516997745854,122.0,108.0,0.09601937049572065
240408,crash,1,0,True,0.08867989848272387,110,-0.38512314836697537,69.0,25.0,0.07598283229240037
240409,crash,1,0,True,0.1068456151208853,98,,,,0.10992249248423795
240410,crash,1,0,True,0.06570940631219692,132,-0.5624160569904708,83.0,78.0,0.10158137090259911
240411,crash,1,0,True,0.17546641223540135,118,-0.441380037916299,84.0,87.0,0.06969287354622188
240412,crash,1,0,True,0.07349620473533851,140,-0.4626583846412964,81.0,55.0,0.07033179075215479
240413,crash,1,0,True,0.07516448423283026,137,-0.47726918414297637,111.0,102.0,0.0765468234049301
240414,crash,1,0,True,0.15374034504839718,92,-0.5864551325229063,106.0,105.0,0.14663322549679877
240415,crash,1,0,True,0.11163959082110533,93,,,,0.11791266759744261
240416,crash,1,0,True,0.0499743311803695,143,,,,0.06754516975948262
240417,crash,1,0,True,0.12906270403637798,103,-0.43784438385041646,74.0,65.0,0.08966728070373144
240418,crash,1,0,True,0.027534773198928286,107,-0.47247345485885606,100.0,67.0,0.14372928264132598
240419,crash,1,0,True,0.07256320161224618,90,-0.4657844372548303,71.0,46.0,0.07404773737519368
240420,crash,1,0,True,0.045206705643989396,144,-0.3673075076697975,89.0,58.0,0.106730882786727
240421,crash,1,0,True,0.09678710205863701,112,-0.554160177385159,83.0,81.0,0.10058787967705687
240422,crash,1,0,True,0.03540918242600155,149,,,,0.11988538989802913
240423,crash,1,0,True,0.1071069306615598,115,-0.5553324948222629,50.0,48.0,0.08300282828006357
240424,crash,1,0,True,0.040631181759360833,116,-0.42586219653227886,51.0,23.0,0.06875492235575174
240425,crash,1,0,True,0.10990611638531174,107,,,,0.2011373882932357
240426,crash,1,0,True,0.06753085996954514,142,-0.5422192443769314,82.0,50.0,0.07711703822757753
240427,crash,1,0,True,0.05520210563985115,109,-0.4012502133675262,56.0,39.0,0.06276024826076104
240428,crash,1,0,True,0.07223923445171565,137,-0.5480277467238509,16.0,11.0,0.12177214005764006
240429,crash,1,0,True,0.11061363402506302,102,-0.5805069756655996,40.0,45.0,0.10294589782926031
240430,crash,1,0,True,0.048937362542377086,96,,,,0.11407435148731937
240431,crash,1,0,True,0.06743009941175829,126,,,,0.07669461495789505
240432,crash,1,0,True,0.09846267455381374,103,-0.5164650774001647,100.0,38.0,0.11467502070534313
240433,crash,1,0,True,0.042687851857036684,139,-0.5626886899057801,104.0,105.0,0.12056232261588086
240434,crash,1,0,True,0.07522610620149338,119,,,,0.06368614414146505
240435,crash,1,0,True,0.07574901991754833,124,-0.6134294277533525,81.0,88.0,0.15338104121570603
240436,crash,1,0,True,0.06165232480843808,144,-0.4478799222343589,23.0,1.0,0.0854056796025066
240437,crash,2,1,True,0.05552659824380935,115,-0.49195837856104074,91.0,44.0,0.09124085231772192
240438,crash,1,0,True,0.08924627861766675,124,,,,0.07785919404552243
240439,crash,1,0,True,0.09831518838404175,123,-0.4521815653104464,51.0,53.0,0.08940506617083384
240440,crash,1,0,True,0.21298161944093938,116,-0.4267331828652188,50.0,26.0,0.12361211856232188
240441,crash,1,0,True,0.0495159923456869,125,-0.5744170717596011,73.0,12.0,0.10963012497986953
240442,crash,1,0,True,0.03787536155963847,109,,,,0.10909565470470182
240443,crash,1,0,True,0.10285493407703292,121,-0.5447937317699472,33.0,47.0,0.07711398822848246
240444,crash,1,0,True,0.08788462476639586,101,-0.43662515531828794,49.0,34.0,0.07008473877258603
240445,crash,1,0,True,0.06138029666207073,142,,,,0.057097953063323825
240446,crash,1,0,True,0.08093240875603272,146,-0.6068710243537396,60.0,46.0,0.10429488396552408
240447,crash,1,0,True,0.11967254273917684,96,-0.3451421414522665,74.0,42.0,0.05124057632334823
240448,crash,1,0,True,0.1403728224297842,94,-0.4430437018901269,68.0,53.0,0.06879504078733685
240449,crash,1,0,True,0.06922363257061599,135,-0.5508584291456754,48.0,36.0,0.11270472533767212
240450,crash,1,0,True,0.0224346670553749,123,-0.5496546866339076,109.0,115.0,0.10703857264109284
240451,crash,1,0,True,0.09405892338971542,94,-0.46401506605553056,59.0,71.0,0.07260274171507711
240452,crash,1,0,True,0.058400900645239506,146,-0.510141501673621,60.0,61.0,0.10975770690892736
240453,crash,1,0,True,0.15981575337570228,141,-0.6394358551868486,73.0,83.0,0.12048571139455423
240454,crash,1,0,True,0.031464894892703967,96,-0.6247754994928058,122.0,128.0,0.10427324642752929
240455,crash,1,0,True,0.0805999963047948,132,,,,0.08589751989825649
240456,crash,1,0,True,0.14004755665576005,110,-0.5822078229224039,88.0,63.0,0.0982498811449138
240457,crash,1,0,True,0.05460661495904124,96,-0.5111742467390076,96.0,100.0,0.0984914936666494
240458,crash,1,0,True,0.1567707812607104,92,-0.37187904539238625,6.0,18.0,0.056197415516576685
240459,crash,1,0,True,0.09497179451627422,118,-0.5919485222218491,125.0,87.0,0.1386577501279555
240460,crash,1,0,True,0.1316427585543048,131,,,,0.09400317929394532
240461,crash,1,0,True,0.08517962164833623,110,-0.5133907262373835,105.0,85.0,0.06791180088917363
240462,crash,1,0,True,0.16304077987231408,148,-0.5389222492289767,54.0,46.0,0.1254453623091899
240463,crash,1,0,True,0.07170532769434458,148,-0.5678422749773455,77.0,62.0,0.11027843618898604
240464,crash,1,0,True,0.07113076700484106,137,-0.43092564139346756,126.0,126.0,0.06219235463477411
240465,crash,1,0,True,0.0951058691513268,145,-0.5955208215272465,16.0,32.0,0.1701567697358476
240466,crash,1,0,True,0.06470145738786046,113,-0.5482743165104176,118.0,146.0,0.14462487729302545
240467,crash,1,0,True,0.028140626924155778,139,-0.4380904285325794,56.0,63.0,0.08551793134138781
240468,crash,1,0,True,0.11219046756663939,96,-0.5009788927049691,52.0,48.0,0.14424414317090892
240469,crash,1,0,True,0.1283859267955624,149,-0.38358499038472493,97.0,19.0,0.05342489177423758
240470,crash,1,0,True,0.0999112640158283,94,-0.4698720038729196,115.0,107.0,0.06477594400322584
240471,crash,1,0,True,0.07474782605035583,110,-0.7109486785021231,97.0,100.0,0.08618058609188901
240472,crash,1,0,True,0.07185264347240486,135,,,,0.13221969719280577
240473,crash,1,0,True,0.07637549848044091,148,-0.5034747436648307,41.0,19.0,0.08413981771252194
240474,crash,1,0,True,0.10665993151912503,131,-0.5978508558150464,126.0,131.0,0.12258218535744687
240475,crash,1,0,True,0.1328218882261566,109,-0.486156442402064,101.0,94.0,0.1265194793717293
240476,crash,1,0,True,0.05071713048161339,145,-0.5127944005517757,52.0,52.0,0.06332810355908237
240477,crash,1,0,True,0.08010844674661576,104,,,,0.17532219675260863
240478,crash,1,0,True,0.08227206681268188,148,-0.4309303574697012,105.0,87.0,0.06946585095144245
240479,crash,1,0,True,0.06783787152406855,130,-0.4260256144293887,81.0,73.0,0.08694224063446777
240480,crash,1,0,True,0.17718245578033703,131,-0.4479711990655013,27.0,22.0,0.050721288930092576
240481,crash,2,1,True,0.09383837844840824,150,-0.4902600189045576,45.0,19.0,0.10178529470970966
240482,crash,1,0,True,0.05892572061656734,150,,,,0.13051862135394182
240483,crash,1,0,True,0.09807507653364624,105,,,,0.06940524011254436
240484,crash,1,0,True,0.08129687100358501,125,,,,0.08200164020325806
240485,crash,1,0,True,0.07908109451153907,104,-0.4226209513331516,56.0,65.0,0.05305332985208621
240486,crash,1,0,True,0.09130120660483033,101,-0.49554266977350203,104.0,92.0,0.08704325202904324
240487,crash,1,0,True,0.05070681868258823,98,,,,0.06249832409526783
240488,crash,1,0,True,0.11899293172304988,95,,,,0.15206518162990618
240489,crash,1,0,True,0.11513651925409943,120,-0.5362599751582771,114.0,109.0,0.06093565655405499
240490,crash,1,0,True,0.09296628306703827,97,,,,0.15231326334364237
240491,crash,1,0,True,0.049493024212912726,92,-0.5603847164055547,106.0,95.0,0.12248156100016233
240492,crash,1,0,True,0.08450475836085916,102,-0.44095678164289875,113.0,97.0,0.07826198597712289
240493,crash,1,0,True,0.11410284542396494,142,,,,0.08210739196771966
240494,crash,1,0,True,0.08170696946091854,135,-0.5865991236948676,102.0,103.0,0.08187322964230902
240495,crash,1,0,True,0.10268145190787932,139,-0.520154554742079,87.0,81.0,0.11643673368650453
240496,crash,1,0,True,0.07052899032534403,144,-0.4367032235085918,108.0,14.0,0.07825865453408486
240497,crash,1,0,True,0.06985044730484999,150,-0.40478919962815185,40.0,38.0,0.06475162034891845
240498,crash,1,0,True,0.062276017541446974,139,-0.45175223620171845,29.0,13.0,0.17806320883305077
240499,crash,1,0,True,0.11532484134266813,106,,,,0.14282169910144335
240500,crash,1,0,True,0.11811970736587614,132,-0.43905411850392195,23.0,17.0,0.08149221057217045
240501,crash,1,0,True,0.07503674755477219,125,-0.5200818666626643,53.0,65.0,0.09705876791850863
240502,crash,1,0,True,0.13155709866102006,117,,,,0.09210545400654181
240503,crash,1,0,True,0.09823875133188546,130,-0.47071550742977164,60.0,33.0,0.09161681552335613
240504,crash,1,0,True,0.05129744972889948,95,-0.5254801024376949,33.0,34.0,0.17446415883018787
240505,crash,1,0,True,0.07185222245729678,146,-0.36203652297875666,94.0,96.0,0.0935052016986142
240506,crash,1,0,True,0.08434919323976933,95,-0.4102685925223847,101.0,77.0,0.0974364324837801
240507,crash,1,0,True,0.0502237011430485,117,-0.5234115686990929,84.0,98.0,0.0983710184363425
240508,crash,1,0,True,0.08361243360036187,99,-0.453227054329158,13.0,14.0,0.13316454244248005
240509,crash,1,0,True,0.09922974203680573,113,-0.4567024100048076,54.0,44.0,0.08073872948466904
240510,crash,1,0,True,0.17475982944578272,111,-0.5262648351945876,57.0,46.0,0.10821992525557891
240511,crash,1,0,True,0.04521892699866725,136,-0.5910815045331255,77.0,63.0,0.09879484282463447
240512,crash,1,0,True,0.17904062056032627,112,-0.5583688478267483,53.0,51.0,0.13856025194975627
240513,crash,1,0,True,0.022941017952599053,108,,,,0.08641490176470625
240514,crash,1,0,True,0.13649096544213277,121,,,,0.11661820398835032
240515,crash,1,0,True,0.13199534925944287,115,-0.5260248865031245,118.0,101.0,0.062358799735579944
240516,crash,1,0,True,0.06651438991298196,116,-0.5714741754165981,42.0,72.0,0.18761576590578893
240517,crash,1,0,True,0.06712685732927315,114,-0.34072471137850713,104.0,72.0,0.05244592497343704
240518,crash,1,0,True,0.07592138034600272,101,-0.4372087143389283,73.0,92.0,0.06052972044385166
240519,crash,1,0,True,0.061852154123924745,142,-0.4361182056234242,97.0,76.0,0.09017894761130259
240520,crash,1,0,True,0.060461148009951,150,-0.47613072672266166,73.0,18.0,0.06478201998925727
240521,crash,1,0,True,0.04927120926176686,127,-0.42740184720241226,68.0,19.0,0.05670184263418814
240522,crash,1,0,True,0.04138123166344539,102,-0.7096711039912438,113.0,116.0,0.1490217317848188
240523,crash,1,0,True,0.08473722729423533,97,-0.37131060061795074,32.0,28.0,0.05128240233877617
240524,crash,1,0,True,0.09129263264087076,133,-0.6343424510051963,90.0,84.0,0.14675217809642474
240525,crash,1,0,True,0.11704753885097759,136,-0.46455410242965056,49.0,35.0,0.12132509234256418
240526,crash,1,0,True,0.08524239535864586,108,-0.39876280963235766,25.0,12.0,0.09609886463755027
240527,crash,1,0,True,0.09987613189537273,100,-0.6065410139313876,63.0,45.0,0.1588564703379713
240528,crash,1,0,True,0.11578326042650339,91,-0.4661762192166098,116.0,123.0,0.056507449893645006
240529,crash,1,0,True,0.08447463805261293,112,-0.4917330160091029,93.0,33.0,0.09115049910337189
240530,crash,1,0,True,0.10570874545661156,135,-0.4346808319040679,56.0,54.0,0.11012792553724556
240531,crash,1,0,True,0.17764344026642642,98,-0.5021060281667613,123.0,100.0,0.06269093135558129
240532,crash,1,0,True,0.10890519716963572,105,-0.5162281921756627,36.0,22.0,0.10724715433243284
240533,crash,1,0,True,0.1373929363036726,118,-0.40055320079480894,65.0,47.0,0.06770905043177272
240534,crash,1,0,True,0.08799172304394026,94,-0.43654210910940794,85.0,76.0,0.05182856993995119
240535,crash,1,0,True,0.09141831703325473,90,-0.41246809643162297,79.0,81.0,0.06385845494780956
240536,crash,1,0,True,0.10094086169584968,147,-0.5328780923596004,48.0,37.0,0.0714289332547315
240537,crash,1,0,True,0.11704507943583446,144,-0.5833144858389805,47.0,53.0,0.13043260400562132
240538,crash,1,0,True,0.04057062956984191,113,-0.608411902060515,99.0,85.0,0.12135901413231412
240539,crash,1,0,True,0.23367333391622103,107,-0.5654507448375308,46.0,26.0,0.11195798999384877
240540,crash,1,0,True,0.022742057277875392,96,-0.6091051207627559,49.0,56.0,0.11926246908797429
240541,crash,1,0,True,0.20451096980426853,127,-0.5763776759982324,94.0,90.0,0.13726854415630918
240542,crash,1,0,True,0.09552101470944259,146,-0.636090115659474,102.0,113.0,0.15577834433200954
240543,crash,1,0,True,0.30257799063385854,110,-0.5331876073007675,76.0,74.0,0.131181655155443
240544,crash,1,0,True,0.09681876254487645,105,-0.6434811926897508,113.0,54.0,0.14162507026901905
240545,crash,1,0,True,0.12214386513947047,107,-0.4918954806660477,86.0,34.0,0.07256478553867327
240546,crash,1,0,True,0.09562692246522711,117,-0.47535756226138515,124.0,95.0,0.06931753295231745
240547,crash,1,0,True,0.015730020371071254,98,-0.4748262090038162,111.0,20.0,0.0803935632454081
240548,crash,1,0,True,0.06318853438368517,147,-0.6341446307732346,126.0,128.0,0.08046240768135517
240549,crash,1,0,True,0.07431605165047875,108,-0.5116530532648138,92.0,67.0,0.07001668095650655
240550,crash,1,0,True,0.03580383593987614,96,-0.6758539821577807,107.0,110.0,0.16400433361788452
240551,crash,1,0,True,0.06405019925678557,97,,,,0.06122376430982011
240552,crash,1,0,True,0.06001800711598557,116,-0.4609962760513384,103.0,79.0,0.10671958838916504
240553,crash,1,0,True,0.18624120735812344,106,-0.535671230973235,110.0,96.0,0.11124611047219175
240554,crash,1,0,True,0.03031147380753551,111,-0.6456440108100953,105.0,102.0,0.0805643389754429
240555,crash,1,0,True,0.06039864383569107,122,-0.42256017084496045,125.0,119.0,0.08624380147925356
240556,crash,1,0,True,0.08874778590237772,126,,,,0.11569629313335052
240557,crash,1,0,True,0.0881584632536659,93,,,,0.07447720416357179
240558,crash,2,1,True,0.037659472413152165,100,-0.5455652677474513,106.0,158.0,0.10952299850592352
240559,crash,1,0,True,0.10312026058918204,102,,,,0.0527374626618012
240560,crash,1,0,True,0.06275744715264844,91,-0.5753165157333153,109.0,29.0,0.12698214531841442
240561,crash,1,0,True,0.1454593338922339,101,,,,0.13255765360157978
240562,crash,1,0,True,0.06106504865672497,129,,,,0.1407148251910787
240563,crash,1,0,True,0.19080251555148545,118,,,,0.12713065324500059
240564,crash,1,0,True,0.051801499925353225,129,-0.44878782934234185,85.0,72.0,0.0786842230477412
240565,crash,1,0,True,0.058015901173026754,130,-0.4923994866917569,96.0,72.0,0.10566346773725419
240566,crash,1,0,True,0.09134411357833801,108,-0.5080361816984076,113.0,100.0,0.12257339137409651
240567,crash,1,0,True,0.02682917578922526,131,-0.4673752504288864,55.0,60.0,0.10814501601344925
240568,crash,1,0,True,0.08006449565260379,125,-0.34670789063033336,77.0,73.0,0.0772740536634221
240569,crash,1,0,True,0.1001579139545408,93,,,,0.1114129460198964
240570,crash,1,0,True,0.07248479418795255,91,-0.5444287354078508,98.0,80.0,0.110062411329616
240571,crash,1,0,True,0.09539832893624663,120,-0.6493769455752146,64.0,32.0,0.1776640550829756
240572,crash,1,0,True,0.1388116382154638,109,-0.4509609822623183,71.0,64.0,0.09250576335821196
240573,crash,1,0,True,0.12308461258691594,122,-0.37977211538541666,52.0,54.0,0.08769542020681503
240574,crash,1,0,True,0.04143669823625575,147,,,,0.06630853430623258
240575,crash,1,0,True,0.10764739908736316,104,-0.503052020108449,122.0,131.0,0.09216033933406252
240576,crash,2,1,True,0.0859280822824068,99,,,,0.11005205079571348
240577,crash,1,0,True,0.19997661387230276,105,-0.5033741153256941,122.0,114.0,0.11108743423225617
240578,crash,1,0,True,0.06583712663226315,102,-0.42867813319027914,122.0,68.0,0.07563407857780222
240579,crash,1,0,True,0.07685914346277352,113,-0.3092167558011364,96.0,97.0,0.04086725676524875
240580,crash,1,0,True,0.11838268381575243,128,,,,0.18913435342454935
240581,crash,1,0,True,0.0403948841842226,96,-0.5750999913726075,119.0,123.0,0.08778279118860675
240582,crash,1,0,True,0.08885724031673428,124,,,,0.10850264127084865
240583,crash,1,0,True,0.057631046256683964,106,,,,0.08823060808378809
240584,crash,1,0,True,0.11599166344667766,123,-0.44507074436308114,65.0,73.0,0.10756688264581521
240585,crash,1,0,True,0.09306316261850131,127,-0.5255671378217812,100.0,32.0,0.09110065722059828
240586,crash,1,0,True,0.06689070744174694,92,-0.4164201056116005,83.0,25.0,0.0682773663987787
240587,crash,1,0,True,0.08714403794909725,98,-0.5361048526428337,29.0,24.0,0.11429563347082675
240588,crash,1,0,True,0.08723649077537732,93,-0.6327428748274776,107.0,109.0,0.12768731178990403
240589,crash,1,0,True,0.07782384278731752,132,-0.7373850792421,73.0,73.0,0.19134260270534742
240590,crash,1,0,True,0.039452983499110444,135,-0.5137797525299743,77.0,90.0,0.053598155967870126
240591,crash,1,0,True,0.04175670339790437,146,-0.5087363290405009,31.0,38.0,0.11281966126364655
240592,crash,1,0,True,0.1088273978204601,140,-0.37061388442118426,34.0,25.0,0.1274266137390481
240593,crash,1,0,True,0.1120423146200291,109,,,,0.15600574715258972
240594,crash,1,0,True,0.12443082949959808,140,,,,0.14419496534166248
240595,crash,1,0,True,0.09544762225448389,95,,,,0.14111238150340594
240596,crash,1,0,True,0.1505950280928824,90,-0.43940447717743925,84.0,58.0,0.09240787049390396
240597,crash,1,0,True,0.08196162837076182,113,,,,0.1668809244720602
240598,crash,1,0,True,0.17985652875067001,122,-0.529078635384448,20.0,35.0,0.0798488394430987
240599,crash,1,0,True,0.04570248587853522,133,,,,0.045771424201334586
240600,crash,1,0,True,0.15679317191736014,137,-0.645775273491829,117.0,98.0,0.18675515311497726
240601,crash,2,1,True,0.06953603189708163,140,-0.4477281488991284,59.0,87.0,0.1584694338980947
240602,crash,1,0,True,0.04238896427239887,121,-0.4717647256856119,37.0,17.0,0.10523838887478741
240603,crash,1,0,True,0.07469368310762714,129,,,,0.07495092773967958
240604,crash,1,0,True,0.10837809554992593,103,,,,0.06279628938542954
240605,crash,1,0,True,0.08881419857628355,111,,,,0.08188726533895657
240606,crash,1,0,True,0.07297305222595549,122,-0.47953223250476706,40.0,18.0,0.12541273259203717
240607,crash,1,0,True,0.09874145083997518,119,-0.44529187799911196,76.0,66.0,0.10116371506013315
240608,crash,1,0,True,0.03173715592333151,140,-0.5396541742251942,34.0,30.0,0.09450590850892145
240609,crash,1,0,True,0.08312080383095821,104,,,,0.10562463172495941
240610,crash,1,0,True,0.056824860347428056,139,-0.39500439842453705,33.0,83.0,0.04977981181930997
240611,crash,1,0,True,0.0957781623746513,106,-0.48887927543791343,118.0,141.0,0.09694262657482312
240612,crash,1,0,True,0.049339648971894245,122,-0.5361355465461336,116.0,111.0,0.11982415485785285
240613,crash,1,0,True,0.05249866787458657,91,-0.48663364212741167,33.0,45.0,0.0906884181377854
240614,crash,1,0,True,0.29016487259959833,102,-0.5500076175753024,47.0,20.0,0.1337807880613669
240615,crash,1,0,True,0.11470791307908018,90,-0.407025970503753,64.0,40.0,0.0939770493827392
240616,crash,1,0,True,0.06638757684619559,141,,,,0.11440592301063822
240617,crash,1,0,True,0.17665760572209935,90,-0.5662620899329213,7.0,23.0,0.18287021249713278
240618,crash,1,0,True,0.08993677465836608,121,,,,0.08259112470363321
240619,crash,1,0,True,0.059544027929672436,100,-0.5117981286349256,108.0,36.0,0.09176891230990658
240620,crash,1,0,True,0.06739123279686803,128,,,,0.20527696185708588
240621,crash,1,0,True,0.1328329439603019,128,-0.6066218336098441,18.0,26.0,0.14352995487424314
240622,crash,1,0,True,0.0921864377502402,108,-0.3188611677930153,103.0,85.0,0.07578353404133427
240623,crash,1,0,True,0.09273291410449465,126,-0.45502042360194817,126.0,74.0,0.09809205943644411
240624,crash,1,0,True,0.04860880219866365,114,-0.5212536337394169,53.0,49.0,0.09640585027383072
240625,crash,1,0,True,0.1639134679789362,93,-0.5169663671808905,123.0,122.0,0.06789505099760951
240626,crash,1,0,True,0.07297448722013988,94,,,,0.09757827885140813
240627,crash,1,0,True,0.08753599095299597,112,,,,0.14053844699065524
240628,crash,1,0,True,0.05365818591770524,105,,,,0.16031023364242364
240629,crash,1,0,True,0.03233502055313325,110,-0.5152408245440151,69.0,0.0,0.10394678644947539
240630,crash,1,0,True,0.07492051500965423,94,-0.4068442268423146,124.0,95.0,0.11685953292215848
240631,crash,1,0,True,0.1303188567533755,142,-0.5372417133306411,56.0,72.0,0.11879682700382396
240632,crash,1,0,True,0.05061865019105895,147,-0.5352035371080086,71.0,69.0,0.16720789753066626
240633,crash,1,0,True,0.04202014017073667,150,,,,0.09208656783567051
240634,crash,1,0,True,0.07141195475992154,108,,,,0.07962383174167491
240635,crash,1,0,True,0.17019780894397363,115,-0.5192610407432705,80.0,91.0,0.08719509196076287
240636,crash,1,0,True,0.03368630998602742,122,-0.35787317484647496,68.0,106.0,0.07111078785804067
240637,crash,1,0,True,0.14232824770982103,111,-0.5673505581382463,54.0,57.0,0.12226554738801548
240638,crash,1,0,True,0.07611727399150388,117,-0.439670342715873,65.0,67.0,0.0659299242642074
240639,crash,1,0,True,0.13219515211313307,115,-0.556202776608226,54.0,38.0,0.11017662769208175
240640,crash,1,0,True,0.10054173978363923,100,-0.6339080161029432,86.0,55.0,0.1223623851873129
240641,crash,1,0,True,0.07344441763412908,118,-0.5219197893998371,112.0,115.0,0.1428214469557813
240642,crash,1,0,True,0.1115858724505558,114,,,,0.055845480252706615
240643,crash,1,0,True,0.09359988636531952,118,,,,0.07982274367782596
240644,crash,1,0,True,0.01724483111812557,140,-0.49403652979855406,68.0,49.0,0.0954918965783746
240645,crash,1,0,True,0.06079104505675249,129,,,,0.10255869115087826
240646,crash,1,0,True,0.05310802048261705,135,,,,0.09227812855807241
240647,crash,1,0,True,0.06984600525412954,107,,,,0.22112107767266753
240648,crash,1,0,True,0.08066084199174287,142,,,,0.10692063893407351
240649,crash,2,1,True,0.02790838731190387,144,-0.5701811982443059,52.0,71.0,0.07305793420759465
240650,crash,1,0,True,0.08891303570260732,138,-0.5482963201827102,47.0,14.0,0.12214673957551299
240651,crash,1,0,True,0.07979085535471508,123,-0.4647204063265489,24.0,29.0,0.1310680660890278
240652,crash,1,0,True,0.05269850148488846,119,,,,0.05546762717936204
240653,crash,1,0,True,0.05651719435346667,128,,,,0.07345689477406775
240654,crash,1,0,True,0.15114843302093184,111,-0.586182549744211,51.0,38.0,0.11394905863890467
240655,crash,1,0,True,0.07904432494520504,119,-0.6386365054107144,58.0,49.0,0.17498807773165903
240656,crash,1,0,True,0.07772697204576146,105,-0.525738409499164,52.0,12.0,0.11077048027609109
240657,crash,1,0,True,0.11576653811579872,114,-0.5560499902037348,111.0,56.0,0.14375793327695877
240658,crash,1,0,True,0.06036971325746694,138,-0.6548356009966139,99.0,66.0,0.16057664748897496
240659,crash,1,0,True,0.0628256544346852,129,-0.5520723468695895,90.0,91.0,0.12657851040560106
240660,crash,1,0,True,0.05498408151660003,132,,,,0.06126505836407071
240661,crash,1,0,True,0.07234481758836978,95,,,,0.08357203287782478
240662,crash,1,0,True,0.006985166939061288,93,,,,0.10778424696161928
240663,crash,1,0,True,0.1433973210655578,101,-0.4980396197035585,81.0,29.0,0.08325599995711404
240664,crash,1,0,True,0.032939785022838765,116,-0.46689501130756206,78.0,90.0,0.15761264593792979
240665,crash,1,0,True,0.08006105258822951,149,,,,0.1602256345533082
240666,crash,1,0,True,0.07648183807168474,102,-0.49559841484910105,102.0,101.0,0.06715083044827375
240667,crash,1,0,True,0.04956420058121197,136,-0.4685389869564853,95.0,56.0,0.06973418784695141
240668,crash,1,0,True,0.03797247764762324,143,-0.49271381445658025,98.0,73.0,0.08242721024734698
240669,crash,1,0,True,0.07934868832599981,112,,,,0.06171379513430257
240670,crash,1,0,True,0.037373230145751384,136,-0.5949242634787414,57.0,32.0,0.049364888804861784
240671,crash,1,0,True,0.046501350628386784,150,-0.454603647175328,39.0,27.0,0.0763602083404592
240672,crash,1,0,True,0.10078160379081268,124,-0.5839725996430487,46.0,22.0,0.08168854091119203
240673,crash,1,0,True,0.12400741497363271,94,-0.4051285053520254,71.0,69.0,0.06375158923840286
240674,crash,1,0,True,0.06500923843933559,111,,,,0.10068339654076602
240675,crash,1,0,True,0.04332386885836937,103,,,,0.12185990173545001
240676,crash,1,0,True,0.06867864444159628,133,-0.584805582129504,33.0,7.0,0.12502699401032474
240677,crash,1,0,True,0.08299333125900481,133,-0.42302753512364577,85.0,91.0,0.058736865853438416
240678,crash,1,0,True,0.054702818935241544,107,-0.6894501411325733,106.0,105.0,0.11244413651414818
240679,crash,1,0,True,0.2570723713588149,106,-0.6382877599558666,29.0,29.0,0.1640112683727745
240680,crash,1,0,True,0.06926475742147696,122,-0.5640602424547413,115.0,31.0,0.16355857885112962
240681,crash,1,0,True,0.05388425288197272,115,-0.5934982772350381,45.0,16.0,0.1639387590316637
240682,crash,1,0,True,0.16373323934147943,108,,,,0.07021642332226082
240683,crash,1,0,True,0.05267895055198989,97,-0.3968560483208752,72.0,71.0,0.08157041482406462
240684,crash,1,0,True,0.07732974312992281,116,,,,0.08889226572918155
240685,crash,1,0,True,0.07446890637029732,137,-0.6108355366595029,91.0,141.0,0.207830558291262
240686,crash,1,0,True,0.06709060727779202,125,-0.5729331156690207,49.0,33.0,0.1314634651067034
240687,crash,1,0,True,0.1127682578655358,112,-0.4103472393168338,51.0,40.0,0.09826963505255276
240688,crash,1,0,True,0.08687701289003283,141,-0.7317207505893398,74.0,89.0,0.1820727442530523
240689,crash,1,0,True,0.08241512825286944,107,,,,0.07951647785420934
240690,crash,1,0,True,0.04501124663155787,125,-0.4510056825844706,101.0,10.0,0.08605612748849041
240691,crash,1,0,True,0.062169652494045,122,-0.38771101457141943,56.0,25.0,0.09206076444915813
240692,crash,1,0,True,0.057608328836402864,127,-0.6056155446046586,92.0,107.0,0.1428828146459009
240693,crash,1,0,True,0.061383597076368646,146,,,,0.07037496309970817
240694,crash,1,0,True,0.09531196625948797,91,-0.3289920612647923,13.0,40.0,0.06566690592384396
240695,crash,1,0,True,0.14180722763212855,134,-0.34330921911303214,76.0,87.0,0.07758670122618982
240696,crash,1,0,True,0.07701740842738813,96,-0.670900903268245,72.0,36.0,0.19533633239864454
240697,crash,2,1,True,0.053050523958510946,114,-0.4865976035603543,123.0,118.0,0.08307265641979958
240698,crash,1,0,True,0.08521428586241844,134,,,,0.06033591811420908
240699,crash,1,0,True,0.07861861649865338,98,,,,0.0655710184329722
240700,crash,1,0,True,0.04293625524279036,116,,,,0.14179219761160208
240701,crash,2,1,True,0.06438301097907505,119,,,,0.16506517409288787
240702,crash,1,0,True,0.07193149382290814,143,-0.39790356829608975,73.0,60.0,0.07519976182467882
240703,crash,1,0,True,0.044063456992185154,125,-0.5580357863714147,48.0,28.0,0.11417127969459104
240704,crash,1,0,True,0.1726455775602699,120,-0.3678507156550964,28.0,20.0,0.07048815148504728
240705,crash,1,0,True,0.08922194228675892,130,-0.5566936793593977,46.0,29.0,0.1853298201186081
240706,crash,1,0,True,0.13459194550322448,108,-0.560425888462188,111.0,50.0,0.0756346159317107
240707,crash,1,0,True,0.05663358920979209,117,-0.49986287078482605,95.0,66.0,0.1074168446688803
240708,crash,1,0,True,0.15009784874736953,107,-0.4204207903397317,66.0,20.0,0.09224805075849038
240709,crash,1,0,True,0.11176625183386173,107,-0.5803331833377692,46.0,21.0,0.12097684973677306
240710,crash,1,0,True,0.029498008809251026,146,-0.4420977270757208,30.0,63.0,0.10555743944555138
240711,crash,1,0,True,0.037549133795866226,141,-0.6664198967820554,57.0,61.0,0.16337308271420217
240712,crash,1,0,True,0.034639091684770744,131,,,,0.1416784633055188
240713,crash,1,0,True,0.08912479619098704,126,-0.5579969819484858,86.0,81.0,0.08505559351315611
240714,crash,1,0,True,0.08202846239760518,132,-0.4982122847803936,73.0,76.0,0.1557931561039785
240715,crash,1,0,True,0.07099032003819276,90,-0.5559376077878528,79.0,88.0,0.09860442027302194
240716,crash,1,0,True,0.09030105030539903,113,,,,0.08828360063176269
240717,crash,1,0,True,0.05840915545917168,123,-0.4461789785235297,108.0,118.0,0.06793176882622079
240718,crash,1,0,True,0.05413625516094667,107,-0.6003297306165487,109.0,96.0,0.11669586760766375
240719,crash,1,0,True,0.14283986560974224,106,-0.4487790415109383,24.0,32.0,0.08795128647736955
240720,crash,1,0,True,0.053681259161554175,133,,,,0.04995894740089998
240721,crash,1,0,True,0.1396422841162434,92,-0.5109877346267957,83.0,84.0,0.07916012513888945
240722,crash,1,0,True,0.09887783862553345,140,-0.3806662795322676,50.0,36.0,0.06647019433480816
240723,crash,1,0,True,0.11906512789582765,140,,,,0.13932368984690494
240724,crash,1,0,True,0.07951918378729268,129,-0.5332705952504968,103.0,126.0,0.11538148603146721
240725,crash,1,0,True,0.03085106085703091,109,-0.6990081985376334,51.0,55.0,0.19941597538200634
240726,crash,1,0,True,0.17089533757769462,115,-0.4238351694561088,30.0,26.0,0.0964599355455749
240727,crash,1,0,True,0.126879018665493,148,-0.5314198542988078,107.0,72.0,0.10841150509687482
240728,crash,1,0,True,0.035229860579400016,130,,,,0.17183621108680702
240729,crash,1,0,True,0.12660722625565482,115,-0.45341288730551577,118.0,85.0,0.10467506767220894
240730,crash,1,0,True,0.053940784484944965,132,,,,0.059974934109490334
240731,crash,1,0,True,0.08032514505096343,148,-0.4546253846055438,65.0,47.0,0.10439018581079325
240732,crash,1,0,True,0.05350109117027141,119,-0.416600332924828,58.0,19.0,0.07057628339273396
240733,crash,1,0,True,0.013934670830889376,114,-0.5391710778746096,57.0,78.0,0.07524933808227832
240734,crash,1,0,True,0.05133579082494184,117,-0.4046966228974387,104.0,90.0,0.10229428010145933
240735,crash,1,0,True,0.3341668716315348,98,-0.5504069566504568,23.0,26.0,0.14373159577410635
240736,crash,1,0,True,0.07577586779900113,126,-0.5990846734183849,107.0,109.0,0.07843125605205359
240737,crash,1,0,True,0.0341624817910065,133,,,,0.09247530522693861
240738,crash,1,0,True,0.055507148292508496,129,-0.4861760045152166,70.0,59.0,0.11664153236052564
240739,crash,1,0,True,0.05042491513846682,100,-0.5041523117834381,105.0,53.0,0.07150377706544145
240740,crash,1,0,True,0.15102683357151628,118,-0.5109121963433245,84.0,85.0,0.09283896741102464
240741,crash,1,0,True,0.07237226403024412,98,-0.6230269433068308,68.0,40.0,0.1775339371364296
240742,crash,1,0,True,0.04192121898360246,125,-0.5072057074509387,65.0,60.0,0.0925222541244291
240743,crash,1,0,True,0.060277042797694656,97,-0.6262984823292765,115.0,86.0,0.09593685605944283
240744,crash,2,1,True,0.21388001718129243,102,-0.5404413253902665,24.0,60.0,0.1360417485330088
240745,crash,1,0,True,0.1267943430608423,149,-0.5176572522758796,44.0,93.0,0.10988793807472458
240746,crash,1,0,True,0.12182594905418738,136,-0.47730745612296577,49.0,33.0,0.10928379591328745
240747,crash,1,0,True,0.012364946421851127,126,-0.40675622631540664,87.0,42.0,0.07030257553209991
240748,crash,1,0,True,0.06066436370289199,143,-0.577630895851946,113.0,58.0,0.08064778730097891
240749,crash,1,0,True,0.07427344145633691,145,-0.4084575365436255,47.0,47.0,0.08504725432955784
240750,crash,1,0,True,0.10509356685983458,91,,,,0.10972402047803269
240751,crash,1,0,True,0.1646742334492123,100,-0.6423977378957839,107.0,62.0,0.15755231514730897
240752,crash,1,0,True,0.11213152249863306,144,-0.5058769172384332,82.0,82.0,0.06398399239707195
240753,crash,1,0,True,0.09919458447672519,119,-0.6389077549453712,122.0,107.0,0.16082900557051022
240754,crash,1,0,True,0.03977915968269377,134,-0.7258183874220463,93.0,81.0,0.1464263292718124
240755,crash,1,0,True,0.18836863361902767,123,-0.5723881715240968,77.0,57.0,0.14410875693523073
240756,crash,1,0,True,0.05068758913273206,96,-0.530170216420466,77.0,43.0,0.11393224019280684
240757,crash,1,0,True,0.04557253867503907,107,-0.42435525621241477,122.0,75.0,0.08953021886464407
240758,crash,1,0,True,0.17428276521160338,90,-0.40545549445433926,71.0,42.0,0.06248719943590443
240759,crash,1,0,True,0.11435045164627387,112,-0.39871269874901605,43.0,19.0,0.08348479435929984
240760,crash,1,0,True,0.08518638265044645,102,-0.5950815388930196,39.0,15.0,0.15105406917857117
240761,crash,1,0,True,0.13497924092639194,149,-0.4682978676109715,39.0,27.0,0.09344585710600488
240762,crash,1,0,True,0.09818935702691743,147,-0.5324612642995707,88.0,66.0,0.1101253687244163
240763,crash,1,0,True,0.14595116731606367,97,-0.4901083210790096,70.0,48.0,0.13758058965538167
240764,crash,1,0,True,0.03619093583212442,126,,,,0.07530806960855134
240765,crash,1,0,True,0.08322693742417482,119,,,,0.10693207662487637
240766,crash,1,0,True,0.0813074857465926,109,,,,0.0973703283493215
240767,crash,1,0,True,0.10939468914011884,124,-0.42870291624322954,21.0,19.0,0.06905888275143805
240768,crash,1,0,True,0.06807013592181792,128,-0.4844353444251822,121.0,49.0,0.13149453862949587
240769,crash,1,0,True,0.09847539777511836,139,-0.5116657011715872,74.0,40.0,0.09863400562031552
240770,crash,1,0,True,0.0892922543809897,117,-0.4098744190321013,20.0,21.0,0.05711831135347962
240771,crash,1,0,True,0.19791386286796528,110,-0.6179428241886606,120.0,107.0,0.12989768781221395
240772,crash,1,0,True,0.08993982330509284,123,,,,0.1059142209685945
240773,crash,1,0,True,0.07742993145572087,114,,,,0.07619878215168446
240774,crash,1,0,True,0.1326207908483987,106,,,,0.1299191285769641
240775,crash,1,0,True,0.07402923540246995,133,-0.4662782251575752,36.0,44.0,0.0643359331183035
240776,crash,1,0,True,0.1652845437688663,101,,,,0.06951840579846548
240777,crash,1,0,True,0.04044557817607892,138,-0.6867053338318008,52.0,37.0,0.1724856502869763
240778,crash,1,0,True,0.03468419122251374,130,-0.5575558721066387,61.0,55.0,0.10818528635100519
240779,crash,1,0,True,0.12884087187102236,137,-0.4322861888440068,91.0,97.0,0.06275446125040746
240780,crash,1,0,True,0.08123282401515716,126,,,,0.0666215358813524
240781,crash,1,0,True,0.12357547132299657,119,-0.4155455022016725,86.0,28.0,0.067664509754047
240782,crash,1,0,True,0.02546554195924297,127,-0.6160926780550224,25.0,36.0,0.14745593523887657
240783,crash,1,0,True,0.06550862987127687,131,-0.4691414682408085,112.0,157.0,0.06950454844716134
240784,crash,1,0,True,0.09184361549161425,133,,,,0.10358428308629679
240785,crash,1,0,True,0.0461028709143621,105,-0.57178222540267,116.0,75.0,0.12407828433724888
240786,crash,1,0,True,0.14126478698877296,114,,,,0.11458078419946485
240787,crash,1,0,True,0.07498621551758108,120,-0.5072293162886268,98.0,115.0,0.15331040141544863
240788,crash,1,0,True,0.09605200962941776,148,-0.42474303307660766,41.0,39.0,0.13307560566122498
240789,crash,1,0,True,0.028824369944822417,96,-0.3537159274013403,91.0,83.0,0.10212701199858812
240790,crash,1,0,True,0.058378429001770565,117,-0.5288585964430057,37.0,61.0,0.0702583463031142
240791,crash,1,0,True,0.08839559088539445,90,,,,0.10520076775910614
240792,crash,1,0,True,0.11836323430778005,150,-0.40253214490619504,74.0,90.0,0.08023385840447737
240793,crash,1,0,True,0.043559641962640214,122,-0.5144431214140445,56.0,27.0,0.11302509763495061
240794,crash,1,0,True,0.06488962990347012,109,-0.4689224557673962,112.0,28.0,0.08342105233295012
240795,crash,1,0,True,0.058805904346990664,107,,,,0.07642580806726111
240796,crash,1,0,True,0.08212800360198516,116,,,,0.1536074935515023
240797,crash,1,0,True,0.13787477518348223,96,-0.454220803338215,32.0,35.0,0.05972322983706887
240798,crash,1,0,True,0.04625223914573762,138,-0.5092805483258339,111.0,40.0,0.06449226132399842
240799,crash,1,0,True,0.11403447365282825,149,-0.4621394013345437,76.0,75.0,0.07122787479926695
240800,crash,1,0,True,0.06323815545620062,139,-0.5804201570341377,102.0,83.0,0.11243608340944745
240801,crash,1,0,True,0.10645607640217489,103,-0.5615411253051508,95.0,49.0,0.050233720514782185
240802,crash,1,0,True,0.2403335745586047,108,-0.5437791874311623,104.0,48.0,0.1218018065425235
240803,crash,1,0,True,0.1270301501038918,131,-0.4662001365544183,52.0,7.0,0.14913739055954145
240804,crash,1,0,True,0.12509774004385313,128,-0.6221636790511382,113.0,112.0,0.07760587909850172
240805,crash,1,0,True,0.08288425726776684,140,-0.6917377716701479,67.0,71.0,0.21729991427466513
240806,crash,1,0,True,0.09003226793724795,112,-0.5137548011908744,80.0,81.0,0.1531971029440505
240807,crash,1,0,True,0.05481423676506095,123,-0.5101549716017879,43.0,34.0,0.10978854696380275
240808,crash,1,0,True,0.050483608606688456,136,-0.6025279948145381,77.0,80.0,0.10945898432031637
240809,crash,1,0,True,0.04413252777332677,122,-0.5276767077032614,61.0,36.0,0.10258685161969444
240810,crash,1,0,True,0.15573661038447542,116,-0.48491136399002543,35.0,32.0,0.09860624178807029
240811,crash,1,0,True,0.06077551674861386,136,-0.5607929488910937,82.0,84.0,0.08596670705364774
240812,crash,1,0,True,0.16686761327345737,127,-0.3587795796424713,22.0,25.0,0.05971948988907692
240813,crash,1,0,True,0.26878249909518215,94,-0.5335162000903516,126.0,112.0,0.14844626435464345
240814,crash,1,0,True,0.14185288130988466,133,,,,0.10682420113855834
240815,crash,1,0,True,0.05231393261305336,114,-0.5997662012240049,46.0,39.0,0.08328530036049393
240816,crash,1,0,True,0.0025928254606589684,145,-0.4018132141567895,88.0,45.0,0.06829928425705589
240817,crash,1,0,True,0.06098772813920303,139,-0.34973988726847327,84.0,85.0,0.08061712207435627
240818,crash,1,0,True,0.04477858872865403,99,-0.6176184261375155,124.0,16.0,0.08110032934991537
240819,crash,2,1,True,0.11276819994533029,111,-0.5968926811204177,40.0,24.0,0.16227222524989507
240820,crash,1,0,True,0.10573840693589735,103,,,,0.1369087348345819
240821,crash,1,0,True,0.08659835610234604,131,-0.5927060518443179,116.0,51.0,0.07672156835167929
240822,crash,2,1,True,0.09100324493876567,115,-0.5156001011296372,53.0,31.0,0.1369703317494864
240823,crash,1,0,True,0.055163490556186155,104,-0.6454141687221862,82.0,63.0,0.18188524225294245
240824,crash,1,0,True,0.08116978177450274,141,-0.6606785133391221,49.0,69.0,0.1699937473148942
240825,crash,1,0,True,0.059276568625114906,110,-0.5412704456483144,71.0,63.0,0.09236266363837174
240826,crash,1,0,True,0.08466533737918197,116,-0.529033613283401,42.0,41.0,0.11333915297545678
240827,crash,1,0,True,0.059371348000331885,100,-0.4312610075955534,84.0,60.0,0.07436487082829173
240828,crash,1,0,True,0.03032108951026933,97,,,,0.09296568421219542
240829,crash,1,0,True,0.06723828961459176,148,-0.6712210356410814,80.0,62.0,0.12059182904914043
240830,crash,1,0,True,0.06303641060078873,92,-0.4874792051731798,20.0,19.0,0.05917899909412166
240831,crash,1,0,True,0.08195250694107302,145,-0.5718752518321186,66.0,104.0,0.15219974616757015
240832,crash,1,0,True,0.0658807744335043,130,-0.5568837608250281,69.0,68.0,0.07897649519457993
240833,crash,1,0,True,0.09219639616412059,120,-0.6014473225564204,94.0,39.0,0.13118269709940308
240834,crash,1,0,True,0.05839754981289089,105,,,,0.1571097981530483
240835,crash,1,0,True,0.09335733085821521,125,-0.5065006426540578,84.0,65.0,0.12692226050949343
240836,crash,1,0,True,0.1713654220372808,93,-0.5381823185557226,121.0,102.0,0.11008900273066084
240837,crash,1,0,True,0.10122147870564416,149,-0.531156698926464,60.0,70.0,0.0915957320390323
240838,crash,1,0,True,0.07568264950234233,108,-0.6386336521680287,77.0,88.0,0.1346478548018564
240839,crash,1,0,True,0.17206953084437926,103,-0.48445183938527003,38.0,27.0,0.05341001268100896
240840,crash,1,0,True,0.08484538999121949,134,-0.6164792248288391,119.0,63.0,0.18137072640525928
240841,crash,1,0,True,0.10416731224755278,90,-0.5194471593223112,49.0,34.0,0.12347353187572714
240842,crash,1,0,True,0.030542738397930577,115,-0.683488356524861,10.0,5.0,0.304170332331266
240843,crash,2,1,True,0.038613514034209345,118,-0.4385549199201316,58.0,11.0,0.16959062448807352
240844,crash,1,0,True,0.07818964437702987,94,-0.5069195774158675,119.0,61.0,0.061566435448615446
240845,crash,1,0,True,0.09418131750870824,96,-0.5546367657291462,122.0,82.0,0.11784994820242067
240846,crash,1,0,True,0.04373967259369743,124,-0.3590061764908996,29.0,59.0,0.048531441499513925
240847,crash,1,0,True,0.037078332074176615,126,-0.5744548554630908,103.0,93.0,0.10578258380614745
240848,crash,1,0,True,0.10855268242808559,113,-0.6641500120404202,59.0,45.0,0.1339088793234667
240849,crash,1,0,True,0.13254049782659796,112,-0.5100627304023042,114.0,46.0,0.07866406304781971
240850,crash,1,0,True,0.05275647693535688,122,-0.5627445314205535,120.0,117.0,0.12171126486261834
240851,crash,1,0,True,0.09510811014657347,128,-0.4124415859285593,87.0,95.0,0.05815848279735798
240852,crash,1,0,True,0.12296166868883601,145,-0.5177752619601355,41.0,28.0,0.0918121634290395
240853,crash,1,0,True,0.1325838490498628,146,-0.5118115620828009,125.0,125.0,0.1263649991843159
240854,crash,1,0,True,0.1159676887924167,130,-0.4820314521018805,83.0,55.0,0.057686634191200604
240855,crash,1,0,True,0.13883421337473512,90,-0.49210391417035537,20.0,20.0,0.055959290096357715
240856,crash,1,0,True,0.06100891622233728,123,-0.4729415804500926,110.0,22.0,0.07855142572890159
240857,crash,1,0,True,0.04845010040127448,136,-0.6471625733286176,115.0,127.0,0.1744944041908827
240858,crash,1,0,True,0.053414335225782844,134,-0.50909115371133,53.0,23.0,0.08790198461892088
240859,crash,1,0,True,0.060757662554319365,97,-0.6338664354935487,125.0,98.0,0.12559602367295258
240860,crash,1,0,True,0.08116249576412174,145,-0.48026535444988216,39.0,21.0,0.09798582063200387
240861,crash,1,0,True,0.07398606556944269,145,-0.5243305911635996,62.0,33.0,0.0677033708319721
240862,crash,1,0,True,0.10542435530660756,102,-0.6280483251810831,67.0,74.0,0.12553680107333648
240863,crash,1,0,True,0.06353144744840783,133,-0.46299473787878886,74.0,52.0,0.08182277225483331
240864,crash,1,0,True,0.07601718037938078,135,-0.40363562985703805,66.0,3.0,0.08620937883831542
240865,crash,1,0,True,0.04677475703335422,112,-0.5084040977041264,59.0,50.0,0.12674061002454784
240866,crash,1,0,True,0.03938023249984648,93,,,,0.11787759331661343
240867,crash,1,0,True,0.05924855251259575,118,,,,0.14195736298071587
240868,crash,1,0,True,0.02296061578087736,112,-0.3967537714516678,97.0,138.0,0.08458755264636093
240869,crash,1,0,True,0.06901393254549851,137,,,,0.07156148677864062
240870,crash,1,0,True,0.09748630081213679,114,-0.3247511386356693,73.0,56.0,0.05052522712811809
240871,crash,1,0,True,0.11599915236742246,110,-0.3990385414150174,96.0,138.0,0.12987991017750783
240872,crash,1,0,True,0.25840480003075716,101,-0.6304672379251004,116.0,109.0,0.11242463834344893
240873,crash,1,0,True,0.038992405990396856,109,,,,0.07930283887887246
240874,crash,1,0,True,0.08694737777447953,107,-0.5590754552552486,101.0,128.0,0.08205822062316126
240875,crash,1,0,True,0.15136263141620682,138,-0.5050617584368432,47.0,14.0,0.15165665624055047
240876,crash,1,0,True,0.08197709036128766,124,-0.5106418938842945,111.0,32.0,0.15808433575903394
240877,crash,1,0,True,0.09254089757405022,137,,,,0.11430601530789737
240878,crash,1,0,True,0.16519109340785088,146,-0.595415380995689,46.0,29.0,0.15329363694600756
240879,crash,1,0,True,0.07358032854098388,111,-0.5630650427416559,65.0,57.0,0.1109800765558952
240880,crash,1,0,True,0.05142620852348289,126,,,,0.1988172282540002
240881,crash,1,0,True,0.02290032014802118,121,-0.5436430605442181,58.0,54.0,0.052182775176338944
240882,crash,1,0,True,0.09724665374074619,128,-0.529620765380808,117.0,95.0,0.09446758042128192
240883,crash,3,1,True,0.13610214732924839,114,-0.5331817974930936,34.0,18.0,0.13681699104617429
240884,crash,1,0,True,0.09437472330971176,106,,,,0.05047290562079913
240885,crash,1,0,True,0.13514752233410263,139,-0.4710702897493503,49.0,47.0,0.102571529761248
240886,crash,1,0,True,0.025793685959872473,105,,,,0.05947254581496415
240887,crash,1,0,True,0.24640885205048887,121,-0.5468326666023399,104.0,88.0,0.12955143382178314
240888,crash,1,0,True,0.05265166648610821,121,-0.5781573574857369,66.0,25.0,0.1339395811763049
240889,crash,1,0,True,0.03365464156922904,110,-0.40484559245969787,105.0,104.0,0.11300165155097674
240890,crash,1,0,True,0.06525517995658447,124,,,,0.10679780200450201
240891,crash,1,0,True,0.037162031595624506,95,-0.6899001314218194,57.0,31.0,0.19076093216621523
240892,crash,1,0,True,0.1264238856531435,129,-0.4662611910310174,16.0,22.0,0.1282836033496448
240893,crash,1,0,True,0.10397979594369494,149,-0.5609592530031888,67.0,65.0,0.1236407368202957
240894,crash,1,0,True,0.18400870266942387,103,-0.5058122420157729,35.0,31.0,0.09978875245673863
240895,crash,1,0,True,0.11526827696331625,92,-0.5248362682881176,60.0,38.0,0.13168339034002102
240896,crash,1,0,True,0.11294366724815084,131,-0.5348312965298183,41.0,42.0,0.11223636504471042
240897,crash,1,0,True,0.07102664391945376,110,-0.6086450892816055,51.0,72.0,0.15117934640224065
240898,crash,1,0,True,0.11452713857641594,133,-0.5229335514422836,114.0,81.0,0.11969758577699209
240899,crash,1,0,True,0.058956274370990804,118,-0.5074403901271337,94.0,95.0,0.05693361894838207
240900,crash,1,0,True,0.03479658884588126,119,-0.5789516784026972,80.0,17.0,0.09476931632544203
240901,crash,1,0,True,0.06342971973144637,95,-0.3950515711595567,27.0,27.0,0.08978783582370327
240902,crash,1,0,True,0.08030762875724284,104,,,,0.07042048522741216
240903,crash,1,0,True,0.07854524916208871,114,-0.8542740868028226,58.0,5.0,0.24920955807394973
240904,crash,1,0,True,0.0813960072880954,97,,,,0.0611042815766369
240905,crash,1,0,True,0.1829547544515756,102,,,,0.14363038052863947
240906,crash,1,0,True,0.06997038867922849,128,-0.6280216011170507,20.0,23.0,0.11357433860473577
240907,crash,1,0,True,0.10042508235018692,121,-0.35394158471207404,88.0,64.0,0.09367098343025998
240908,crash,1,0,True,0.15580125444201465,114,-0.5070571212990564,88.0,81.0,0.08300660514236537
240909,crash,1,0,True,0.03954089430719755,105,-0.5252986743027566,98.0,39.0,0.12525761097573318
240910,crash,1,0,True,0.08045917748464809,148,-0.3565288110967544,3.0,17.0,0.09502886010910322
240911,crash,1,0,True,0.09125638199784676,96,-0.3645095075602589,89.0,86.0,0.11860708699462343
240912,crash,1,0,True,0.035345824637826435,91,-0.3631586250029796,39.0,41.0,0.0543590047325483
240913,crash,1,0,True,0.17633208113865662,105,-0.5198246454267574,82.0,63.0,0.10773474380244001
240914,crash,1,0,True,0.11483747912218101,127,-0.6173332789822598,68.0,61.0,0.21147950016117004
240915,crash,1,0,True,0.11787409487106275,132,-0.5549145861856544,89.0,76.0,0.12357258657302017
240916,crash,1,0,True,0.13324819227012766,131,-0.5101474649353408,34.0,28.0,0.09771691567167143
240917,crash,1,0,True,0.10713315019166225,97,-0.4850211388975698,57.0,37.0,0.12883517478711237
240918,crash,1,0,True,0.09398929839939367,105,-0.6498963451881734,83.0,66.0,0.17303512007125207
240919,crash,1,0,True,0.09186560583676034,150,-0.5636134245450792,51.0,41.0,0.14302200400255946
240920,crash,1,0,True,0.020261147027716097,129,-0.4997914418659416,70.0,76.0,0.10483169342480213
240921,crash,1,0,True,0.15666927297022676,125,-0.6221700410432527,48.0,64.0,0.12558222055575502
240922,crash,1,0,True,0.016601677431767325,147,-0.5570461722864761,71.0,54.0,0.12832569060107268
240923,crash,1,0,True,0.12727730856201028,93,,,,0.08555797124994008
240924,crash,1,0,True,0.12670601928891875,94,-0.3960116587189586,61.0,57.0,0.05923120064234701
240925,crash,1,0,True,0.06104739540339896,149,-0.4685076349333025,40.0,20.0,0.09343001589043999
240926,crash,1,0,True,0.11759178927388421,150,,,,0.12554858497813587
240927,crash,1,0,True,0.0950515047677437,109,-0.6228571215746472,47.0,15.0,0.2189348026882984
240928,crash,1,0,True,0.08026508309981942,134,-0.6409034791225994,107.0,131.0,0.15909384798960532
240929,crash,1,0,True,0.010294882778052019,132,,,,0.10176812244767697
240930,crash,1,0,True,0.04840982143682627,150,-0.6137521768187181,107.0,107.0,0.10962074294005184
240931,crash,1,0,True,0.0660271243907685,90,-0.4456285825228219,90.0,32.0,0.11378526907068726
240932,crash,1,0,True,0.07027236001729434,131,-0.5456995784662262,82.0,40.0,0.1113380006192884
240933,crash,1,0,True,0.05076076695316534,126,-0.45351291753919787,72.0,19.0,0.10188441888465533
240934,crash,1,0,True,0.07249463156351064,120,-0.5203075023873348,33.0,79.0,0.08574482813612648
240935,crash,1,0,True,0.11110028424228799,106,-0.46376286170516645,96.0,83.0,0.10338993651358443
240936,crash,1,0,True,0.11677682834957827,121,-0.52271663945755,66.0,64.0,0.1368233382458276
240937,crash,1,0,True,0.05318347709334172,135,,,,0.06628962696025818
240938,crash,1,0,True,0.13982416268974143,130,,,,0.057195289446114954
240939,crash,1,0,True,0.07021287107163418,144,,,,0.08619611812198924
240940,crash,1,0,True,0.05812773856646654,113,,,,0.1138090479274232
240941,crash,1,0,True,0.09254353677010499,92,-0.47729703244626887,56.0,53.0,0.07527713913142296
240942,crash,1,0,True,0.13088188726760086,130,-0.5227584147511048,57.0,46.0,0.11872021007687814
240943,crash,1,0,True,0.258162415409391,118,-0.5360729827086521,32.0,25.0,0.10449181131391466
240944,crash,1,0,True,0.05719136089393312,147,-0.5156015325522394,73.0,62.0,0.11716238702073768
240945,crash,1,0,True,0.09335704274634651,136,,,,0.13382375043490816
240946,crash,1,0,True,0.1353024679904804,115,-0.4186668216466024,107.0,122.0,0.11228994528820371
240947,crash,1,0,True,0.07604125048206443,147,-0.59482850879919,116.0,44.0,0.17020080020181372
240948,crash,1,0,True,0.04741096800101192,96,,,,0.14898513490560533
240949,crash,1,0,True,0.06971091826620815,142,-0.5222833350632219,85.0,40.0,0.04954312231015618
240950,crash,1,0,True,0.08255788831022186,101,,,,0.13883673998348917
240951,crash,1,0,True,0.05541752243689237,134,-0.5124629064862838,95.0,59.0,0.11427783294091547
240952,crash,1,0,True,0.0574194290416552,131,-0.4322155646820478,102.0,95.0,0.06458100092135206
240953,crash,1,0,True,0.13487514088791303,113,-0.5322123058956518,17.0,20.0,0.08996769559224733
240954,crash,1,0,True,0.040914730100584266,101,,,,0.09340427992511632
240955,crash,2,1,True,0.03610655792556364,104,-0.5261412355028514,78.0,96.0,0.0900770757223019
240956,crash,1,0,True,0.10655959835236989,133,-0.5461008209430755,28.0,22.0,0.08758404481523524
240957,crash,1,0,True,0.0946972187053796,108,-0.6546637000314186,115.0,11.0,0.165055509324602
240958,crash,1,0,True,0.09183658032382506,108,-0.452591692682789,115.0,64.0,0.14223494118956442
240959,crash,1,0,True,0.05211020097243405,136,-0.5397966384777724,108.0,81.0,0.10895599416019054
240960,crash,1,0,True,0.06435759924059298,94,,,,0.094976971991013
240961,crash,1,0,True,0.10766199460738606,127,-0.6048368925913576,119.0,42.0,0.11498134378318509
240962,crash,1,0,True,0.048597900011835185,135,-0.39799729758921776,102.0,50.0,0.08857254149574216
240963,crash,1,0,True,0.0213167664610476,110,-0.3896558340341709,102.0,20.0,0.06176759380438674
240964,crash,1,0,True,0.09651496820248055,98,-0.5258501356972758,61.0,42.0,0.09694259620288516
240965,crash,1,0,True,0.08909641287752501,92,-0.8026546333912136,43.0,9.0,0.23300752429851046
240966,crash,1,0,True,0.02879672521140009,104,-0.5946555673508344,120.0,114.0,0.11050932829421262
240967,crash,1,0,True,0.047778896648900525,100,,,,0.08019013175625583
240968,crash,1,0,True,0.05232299565020478,121,-0.4294202264924879,119.0,125.0,0.08299302957687094
240969,crash,1,0,True,0.04415822844867448,107,,,,0.17084737041019724
240970,crash,1,0,True,0.07694353891495744,118,-0.5363168418768025,96.0,36.0,0.10558374085611957
240971,crash,1,0,True,0.06794138561911765,100,,,,0.16954262994372424
240972,crash,1,0,True,0.07352651080216799,134,-0.5138491657194626,98.0,80.0,0.10328467392284002
240973,crash,1,0,True,0.13200866439982692,134,,,,0.08623011340886429
240974,crash,1,0,True,0.12630317586976206,91,-0.601124130638474,81.0,53.0,0.13493653197835065
240975,crash,1,0,True,0.03349088571454675,146,-0.5144966690700676,100.0,147.0,0.07324955498593386
240976,crash,1,0,True,0.08447429751933572,141,-0.47275356944924163,78.0,88.0,0.06946993040710282
240977,crash,1,0,True,0.05348591260300702,141,-0.5501721280498311,95.0,56.0,0.14480061488342588
240978,crash,1,0,True,0.20828164405944213,132,-0.5996264154832904,94.0,71.0,0.09953906890461887
240979,crash,1,0,True,0.031746306282827055,142,-0.3950173069528563,54.0,0.0,0.09581802282085146
240980,crash,1,0,True,0.22464305932574677,90,-0.5485419242923134,54.0,49.0,0.13755741837933885
240981,crash,1,0,True,0.15345296062861838,103,,,,0.1190589552110881
240982,crash,1,0,True,0.15132508323425733,93,-0.42276880521722404,88.0,72.0,0.09072041159217344
240983,crash,1,0,True,0.048221496222454995,103,-0.42032857783495237,87.0,85.0,0.10650280385826173
240984,crash,1,0,True,0.09904284781907628,142,-0.6214179154111263,92.0,71.0,0.1327987454713125
240985,crash,1,0,True,0.11469198216804644,103,,,,0.08779694118723934
240986,crash,1,0,True,0.0570569528667063,108,,,,0.0870310567163598
240987,crash,1,0,True,0.0866568659196016,91,,,,0.13470232074668934
240988,crash,1,0,True,0.06619184915382481,143,-0.5403717668856202,49.0,2.0,0.17659111216376383
240989,crash,1,0,True,0.07479349567712446,108,,,,0.06068076005449551
240990,crash,1,0,True,0.06565769757318567,147,-0.5814540260062908,71.0,65.0,0.1371250102232525
240991,crash,1,0,True,0.08894300486731102,109,,,,0.08959871514211687
240992,crash,1,0,True,0.11230434305503591,105,-0.5684434467643006,108.0,64.0,0.04805013746945132
240993,crash,1,0,True,0.05004751044520809,127,-0.443833324012435,20.0,49.0,0.09312040426787882
240994,crash,1,0,True,0.10620531489343703,113,-0.46323479781068067,103.0,63.0,0.09716783301384027
240995,crash,1,0,True,0.06865209354166266,104,-0.4954949425114539,107.0,145.0,0.06716088156318452
240996,crash,1,0,True,0.0540036209494755,92,-0.4521487136018203,42.0,40.0,0.08427634739107367
240997,crash,1,0,True,0.15265290808035015,109,-0.4831076969617165,115.0,99.0,0.18556431376783106
240998,crash,1,0,True,0.13306626839063607,106,-0.5073137371711126,122.0,54.0,0.084766166362585
240999,crash,1,0,True,0.06667480392597416,100,,,,0.077591300568667
