seed,attempts,rejected,det_len,panic_len,front_load,delta,D_V,delta_end,setup_len,mode,trunc,rv_calm,depth,duration,ep_peak_rel_event,rise,onset_lag_before_event,realised_det_len,decay_half_life,stress_spell
220000,1,0,26,32,0.5,0.7,0.1931938858276247,0.7415398054773107,93,v2,,0.0003733153965543534,,,,,,,,
220001,1,0,29,47,0.5,0.7,0.2471211196934952,0.8895871573578132,76,v2,,0.0003904318832825187,-0.5493523420367328,54.0,-4.0,44.0,-7.0,11.0,7.0,26.0
220002,1,0,21,57,0.5,0.7,0.2106188578928655,0.9492792985652849,81,v2,,0.0005669597337100714,-0.6150382751602728,79.0,-5.0,91.0,0.0,5.0,5.0,59.0
220003,1,0,16,24,0.5,0.7,0.25811051050639644,0.8200638865977788,56,v2,,0.0002698665606559772,-0.5604811531272842,43.0,-11.0,43.0,-1.0,12.0,11.0,114.0
220004,1,0,38,28,0.5,0.7,0.13122962188280435,0.9128459922520749,82,v2,,0.0004561273553194273,-0.5416551370873223,66.0,0.0,46.0,-10.0,10.0,9.0,23.0
220005,1,0,32,23,0.5,0.7,0.1586397248109429,0.8728276221881095,81,v2,,0.00041851901516734336,-0.44076546274772865,43.0,15.0,32.0,-19.0,4.0,14.0,79.0
220006,1,0,17,17,0.5,0.7,0.2558150254490492,0.7845062636418376,107,v2,,0.00027697243108468667,-0.5886372985449443,102.0,-75.0,121.0,68.0,7.0,17.0,43.0
220007,1,0,33,15,0.5,0.7,0.11896563092265598,0.9680926579047835,58,v2,,0.0014146067806371843,,,,,,,,
220008,1,0,29,17,0.5,0.7,0.27376897066312694,0.7261545611317013,103,v2,,0.0009607809436219831,-0.5848588437921622,54.0,-12.0,52.0,7.0,5.0,11.0,22.0
220009,1,0,21,65,0.5,0.7,0.2692590522245396,0.7592183647081456,84,v2,,0.0003732063823614619,-0.6517885681531401,91.0,-25.0,92.0,8.0,17.0,17.0,36.0
220010,1,0,33,34,0.5,0.7,0.10374571100244004,0.8900723379036698,107,v2,,0.0004837796024999147,-0.5662386812562679,25.0,17.0,17.0,-20.0,3.0,1.0,43.0
220011,1,0,15,39,0.5,0.7,0.27724970304492835,0.7632518928434946,100,v2,,0.0004743560964557854,-0.6096101822951148,64.0,-12.0,46.0,0.0,12.0,19.0,36.0
220012,1,0,32,54,0.5,0.7,0.18592517414422938,0.7175911599619064,104,v2,panic_len,0.00048795481929660443,,,,,,,,
220013,1,0,24,65,0.5,0.7,0.13363544393783608,0.8768037337787686,79,v2,,0.0003520616207101818,,,,,,,,
220014,1,0,17,16,0.5,0.7,0.23177134145707617,0.7976731030613292,92,v2,,0.0003400841288784807,,,,,,,,
220015,1,0,27,36,0.5,0.7,0.22069766646147645,0.9417799253498479,50,v2,,0.0003236023567266387,-0.6865904622055783,102.0,-43.0,71.0,16.0,27.0,19.0,120.0
220016,1,0,16,18,0.5,0.7,0.21670836955202508,0.8304164022898158,69,v2,,0.0003273054659029245,-0.37988214827730793,54.0,-24.0,32.0,-2.0,26.0,12.0,21.0
220017,1,0,24,16,0.5,0.7,0.24346935671600337,0.7291489732021886,79,v2,,0.0005161731824815095,-0.571569701295205,78.0,-40.0,63.0,24.0,16.0,20.0,24.0
220018,1,0,22,62,0.5,0.7,0.24561214396841777,0.7599845278349483,50,v2,,0.00028442141700742586,-0.4954340399109912,78.0,-42.0,70.0,27.0,15.0,15.0,46.0
220019,1,0,27,34,0.5,0.7,0.16349597756191211,0.8377239639176284,110,v2,,0.0005419904940935464,-0.49680902671173965,53.0,0.0,43.0,-4.0,4.0,18.0,40.0
220020,1,0,21,68,0.5,0.7,0.1669404428885661,0.9900107513278551,71,v2,,0.0003029696037166524,-0.6713133290037665,100.0,-33.0,95.0,9.0,24.0,9.0,53.0
220021,1,0,17,57,0.5,0.7,0.14881835786476688,0.7229512217485313,59,v2,,0.00024467203331142955,-0.5705582735652519,101.0,-60.0,71.0,32.0,28.0,21.0,49.0
220022,1,0,32,18,0.5,0.7,0.1878119973348223,0.9294849405934789,95,v2,,0.00039060385042735376,-0.44382760313436576,74.0,-41.0,83.0,31.0,10.0,5.0,21.0
220023,1,0,35,60,0.5,0.7,0.28958884564974036,0.8807658175739757,77,v2,,0.0003334051152405101,,,,,,,,
220024,1,0,27,42,0.5,0.7,0.17181477279960736,0.7117159093775751,85,v2,,0.0003319824819629946,-0.5754335391641812,25.0,10.0,29.0,-18.0,8.0,21.0,32.0
220025,1,0,15,44,0.5,0.7,0.18488105632702698,0.8724617809836266,79,v2,,0.0003459572688762708,-0.538965466132582,104.0,-53.0,45.0,7.0,46.0,31.0,39.0
220026,1,0,17,65,0.5,0.7,0.24862084235895102,0.7977353225796983,72,v2,,0.0005923782683479672,-0.5194245111023339,41.0,-1.0,32.0,-7.0,8.0,16.0,67.0
220027,1,0,34,39,0.5,0.7,0.11215765528079405,0.7051403038905902,72,v2,,0.0002946070943791003,-0.3449575282919589,118.0,-47.0,88.0,27.0,20.0,33.0,43.0
220028,1,0,28,34,0.5,0.7,0.11526867708344848,0.8364982626315538,60,v2,,0.000289062044352815,-0.4109154082329106,63.0,0.0,30.0,-19.0,19.0,20.0,22.0
220029,1,0,32,21,0.5,0.7,0.27421421643404453,0.7142671789223614,80,v2,,0.00037928078865328137,,,,,,,,
220030,1,0,25,24,0.5,0.7,0.20829008751060646,0.7531194158222815,101,v2,,0.00042800091028010183,,,,,,,,
220031,1,0,25,55,0.5,0.7,0.2977762375006937,0.8885929200154378,110,v2,panic_len,0.00033946133903080185,-0.574931379899005,77.0,-10.0,52.0,-7.0,17.0,13.0,28.0
220032,1,0,32,17,0.5,0.7,0.16102180833296736,0.9733979061902858,88,v2,,0.000282765326584694,-0.42471968115441117,126.0,-71.0,121.0,66.0,5.0,8.0,20.0
220033,1,0,35,42,0.5,0.7,0.17598526184704336,0.8057344006094592,89,v2,,0.00035772634423966455,-0.6130716831565541,76.0,-1.0,62.0,-12.0,13.0,21.0,40.0
220034,1,0,25,36,0.5,0.7,0.19595162510339226,0.7668432397483821,73,v2,,0.00022137073701851052,-0.532422555745235,76.0,-33.0,70.0,24.0,9.0,14.0,86.0
220035,1,0,23,64,0.5,0.7,0.2939212926289434,0.9206232372517438,103,v2,panic_len,0.00027939518647349386,,,,,,,,
220036,1,0,27,31,0.5,0.7,0.2867936889054743,0.882171388701866,67,v2,,0.00034416305884743434,,,,,,,,
220037,1,0,17,40,0.5,0.7,0.17891415954912135,0.9281658813930291,53,v2,,0.00044105947942554526,-0.4244808157372445,66.0,-11.0,71.0,-1.0,12.0,5.0,39.0
220038,1,0,17,56,0.5,0.7,0.12293664344059,0.7714564477794036,98,v2,,0.00035523732784539547,,,,,,,,
220039,1,0,40,24,0.5,0.7,0.2174856869047465,0.9950260198262467,55,v2,,0.0008397568896100589,-0.6270359719245946,42.0,18.0,42.0,-26.0,8.0,14.0,29.0
220040,1,0,40,68,0.5,0.7,0.14283516562104603,0.9080454010186694,82,v2,panic_len,0.000405388681467975,-0.6157740592642893,88.0,17.0,78.0,-28.0,11.0,,56.0
220041,1,0,39,22,0.5,0.7,0.15385531959989643,0.7213533804314666,69,v2,,0.0004611116199420732,-0.6586103071376843,109.0,-19.0,61.0,0.0,19.0,16.0,70.0
220042,1,0,24,42,0.5,0.7,0.14363093726466986,0.7926324118656505,98,v2,,0.0003495786149371398,-0.5288460355371938,44.0,-4.0,45.0,-6.0,10.0,12.0,45.0
220043,1,0,19,68,0.5,0.7,0.256798508466616,0.902012156248206,80,v2,,0.00043107881044209255,-0.48671330563361825,80.0,-3.0,60.0,-10.0,13.0,19.0,90.0
220044,1,0,38,51,0.5,0.7,0.13065871035619697,0.7078565895988415,101,v2,panic_len,0.00037112119565942104,-0.5295047125656875,72.0,-21.0,55.0,-3.0,24.0,14.0,21.0
220045,1,0,36,53,0.5,0.7,0.2526194408798679,0.9972803644273647,58,v2,,0.00042577247163638553,-0.36384892843267336,113.0,-59.0,114.0,34.0,25.0,6.0,21.0
220046,1,0,30,18,0.5,0.7,0.1715981921175767,0.923046899817811,50,v2,,0.0005364591290132859,-0.45171293943800495,29.0,18.0,14.0,-24.0,6.0,13.0,27.0
220047,1,0,29,33,0.5,0.7,0.1919253914225278,0.7570745305415952,74,v2,,0.00028697522618334183,-0.5127535464439164,115.0,-65.0,96.0,48.0,17.0,12.0,40.0
220048,1,0,28,17,0.5,0.7,0.20994417550451472,0.859881888263899,69,v2,,0.0003110128167278128,-0.48389783625289273,40.0,-5.0,37.0,-7.0,12.0,13.0,21.0
220049,1,0,18,61,0.5,0.7,0.15681460426191826,0.816064956282252,100,v2,,0.0003299356954479026,,,,,,,,
220050,1,0,24,16,0.5,0.7,0.1699203001568982,0.8943346216620107,86,v2,,0.00047891957885938963,-0.41151872359094543,34.0,2.0,30.0,-14.0,12.0,15.0,76.0
220051,1,0,34,15,0.5,0.7,0.2904538961352551,0.7857146527327611,107,v2,,0.000623883003043505,-0.6069840054734083,89.0,-27.0,61.0,6.0,21.0,17.0,25.0
220052,1,0,39,37,0.5,0.7,0.11135190932189597,0.9168585208277863,110,v2,,0.000378917027868106,,,,,,,,
220053,1,0,27,27,0.5,0.7,0.2491676506354012,0.8528826836475256,55,v2,,0.00047849012666351484,-0.5425289479204536,52.0,-16.0,53.0,5.0,11.0,10.0,22.0
220054,1,0,15,39,0.5,0.7,0.23163553870113382,0.9862028655695492,107,v2,,0.0005120574143818123,,,,,,,,
220055,1,0,25,41,0.5,0.7,0.25980384286116986,0.8962187271877149,96,v2,,0.00033785718309741803,-0.6720311390507437,17.0,49.0,2.0,-50.0,1.0,17.0,19.0
220056,1,0,20,40,0.5,0.7,0.14256884198411318,0.8389757327966426,104,v2,,0.00031764001404835113,-0.4459587148046862,78.0,0.0,42.0,-6.0,6.0,15.0,23.0
220057,1,0,17,37,0.5,0.7,0.15761828472429779,0.9338510112775402,83,v2,,0.0009183815121984646,-0.7085018947195701,80.0,-61.0,88.0,51.0,10.0,26.0,37.0
220058,1,0,30,70,0.5,0.7,0.17039515118963935,0.8645351737430302,63,v2,,0.00030246291851103056,,,,,,,,
220059,1,0,28,60,0.5,0.7,0.15342894585021719,0.7765637757193014,87,v2,,0.000286283584391201,,,,,,,,
220060,1,0,23,60,0.5,0.7,0.20068805797734376,0.8223312061000085,64,v2,,0.00026674168915117235,,,,,,,,
220061,1,0,30,53,0.5,0.7,0.12177472526142552,0.9356117904229281,85,v2,,0.0003284436767895694,-0.5286560364631111,81.0,-13.0,62.0,-2.0,15.0,21.0,39.0
220062,1,0,30,57,0.5,0.7,0.21313975394322257,0.8255737768749651,93,v2,,0.0005510355578159018,-0.7067636432503541,89.0,-41.0,119.0,39.0,2.0,16.0,47.0
220063,1,0,23,48,0.5,0.7,0.18418333752124613,0.9858045704057992,79,v2,,0.00030903621100283185,-0.5202659180816366,75.0,-3.0,58.0,-8.0,11.0,10.0,23.0
220064,1,0,40,60,0.5,0.7,0.20607605589220912,0.9017989762601518,79,v2,,0.0003171336708023974,-0.5804209505472062,90.0,11.0,76.0,-19.0,8.0,13.0,55.0
220065,1,0,16,48,0.5,0.7,0.1516648442568095,0.805315771456124,101,v2,,0.00028145232157200526,,,,,,,,
220066,1,0,18,51,0.5,0.7,0.23345840545211283,0.8792153655123615,58,v2,,0.0003971003468112703,-0.5004186298384568,72.0,-1.0,37.0,-3.0,4.0,8.0,108.0
220067,1,0,18,24,0.5,0.7,0.2546099797452932,0.8322031550474109,69,v2,,0.00022486137178801414,-0.6013713071754712,68.0,-27.0,44.0,-6.0,33.0,12.0,24.0
220068,1,0,34,47,0.5,0.7,0.26167181845378706,0.790668274765477,104,v2,,0.0004518088773929906,-0.6932773565892354,106.0,-31.0,87.0,13.0,18.0,10.0,39.0
220069,1,0,27,54,0.5,0.7,0.11466470632073476,0.9647722365119555,104,v2,,0.0005839545173443813,-0.40183118532160533,50.0,34.0,26.0,-36.0,2.0,28.0,48.0
220070,1,0,28,55,0.5,0.7,0.2971942554817868,0.7918625287391253,84,v2,,0.00029512459846885527,-0.624082116096945,108.0,-28.0,79.0,-3.0,31.0,15.0,68.0
220071,1,0,40,63,0.5,0.7,0.17930467235207503,0.9550076889489618,81,v2,,0.0005330074883445268,-0.49441379498880245,68.0,-13.0,60.0,-6.0,19.0,29.0,40.0
220072,1,0,18,56,0.5,0.7,0.1783767087422041,0.7123303054514366,106,v2,,0.0010485824181580496,-0.4802619508135829,66.0,4.0,26.0,-12.0,8.0,13.0,47.0
220073,1,0,26,42,0.5,0.7,0.21596670261188877,0.7229049956939123,104,v2,,0.00025305840844338725,-0.5593125520280937,86.0,-36.0,61.0,-6.0,42.0,9.0,26.0
220074,1,0,19,18,0.5,0.7,0.2580494381973968,0.7647533690253991,77,v2,,0.00028079539065111066,,,,,,,,
220075,1,0,20,70,0.5,0.7,0.29992780391094614,0.9429197608163254,77,v2,,0.0002908303706136742,-0.4833633595622574,43.0,-13.0,83.0,-4.0,17.0,12.0,52.0
220076,1,0,29,58,0.5,0.7,0.23228199855683754,0.9129537765809808,58,v2,,0.00047120447865925337,-0.6702729524907984,123.0,-38.0,110.0,22.0,16.0,17.0,21.0
220077,1,0,33,46,0.5,0.7,0.19048492714579296,0.7965981289698916,99,v2,,0.0008366188849245384,,,,,,,,
220078,1,0,28,37,0.5,0.7,0.12007451486151809,0.7679566211683442,56,v2,,0.00020271713738163237,-0.4219992460428922,109.0,3.0,127.0,-15.0,12.0,,95.0
220079,1,0,17,20,0.5,0.7,0.28252092041724985,0.7542974203684074,62,v2,,0.0006890683479713179,-0.6179508999582022,37.0,-3.0,37.0,0.0,3.0,17.0,106.0
220080,1,0,26,32,0.5,0.7,0.11219934715423603,0.8901784270221095,105,v2,,0.00029411395527133895,-0.41668451163990317,90.0,-38.0,76.0,22.0,16.0,13.0,46.0
220081,1,0,29,15,0.5,0.7,0.2530912308475324,0.7586967123282299,52,v2,,0.00016992703515695076,-0.4860167158145192,100.0,-27.0,41.0,-2.0,29.0,17.0,112.0
220082,1,0,22,28,0.5,0.7,0.2321732128503287,0.8289564990663779,75,v2,,0.0007084171371648317,-0.6259211278123964,42.0,2.0,35.0,-7.0,5.0,18.0,96.0
220083,1,0,35,27,0.5,0.7,0.1027969491051201,0.9762908634440224,52,v2,,0.0003055460177089892,-0.36164905292367544,84.0,-28.0,61.0,4.0,24.0,20.0,82.0
220084,1,0,27,43,0.5,0.7,0.269692183113073,0.8673228163042743,88,v2,,0.00028975999725160877,,,,,,,,
220085,1,0,33,61,0.5,0.7,0.10261183188208212,0.7624490848167896,73,v2,,0.00040892132457037256,,,,,,,,
220086,1,0,28,49,0.5,0.7,0.27420579612284823,0.7990973928522589,110,v2,,0.00035624930391569014,,,,,,,,
220087,1,0,35,15,0.5,0.7,0.21662487386790924,0.9384847851245112,105,v2,,0.0003781250902086517,-0.5372539582342499,61.0,-9.0,52.0,-5.0,14.0,21.0,81.0
220088,1,0,26,70,0.5,0.7,0.15643068317534947,0.882726606786238,59,v2,,0.0005130221032624101,,,,,,,,
220089,1,0,34,35,0.5,0.7,0.2798121414794269,0.7633300202368516,103,v2,,0.0003951616848127943,-0.596916361084454,77.0,-10.0,61.0,-5.0,15.0,16.0,23.0
220090,1,0,37,62,0.5,0.7,0.27144887686483943,0.7211895640822276,88,v2,,0.0003898676080686583,-0.691758069619558,82.0,-26.0,82.0,19.0,7.0,22.0,59.0
220091,1,0,23,58,0.5,0.7,0.23819789093654611,0.873347561394522,109,v2,panic_len,0.0003958265412193443,-0.6784529903972623,70.0,-17.0,62.0,14.0,3.0,4.0,30.0
220092,1,0,36,31,0.5,0.7,0.12494248559774457,0.887117855867137,94,v2,,0.00035856549451104987,-0.42925154303465385,104.0,-53.0,134.0,41.0,12.0,4.0,30.0
220093,1,0,36,32,0.5,0.7,0.2650351010869644,0.9817507736888694,68,v2,,0.0002737978535724765,-0.603354070131892,62.0,-3.0,63.0,-2.0,5.0,16.0,27.0
220094,1,0,25,33,0.5,0.7,0.20585650028308555,0.9427431267394631,68,v2,,0.0006372288611072626,-0.6158801926342812,47.0,-2.0,48.0,-13.0,15.0,5.0,24.0
220095,1,0,23,47,0.5,0.7,0.1324500520916742,0.9286438611647254,72,v2,,0.0007438442374985783,-0.4854653127218389,47.0,10.0,44.0,-22.0,12.0,11.0,95.0
220096,1,0,23,55,0.5,0.7,0.10874758194819495,0.7515073337689602,103,v2,,0.0004487367206225694,,,,,,,,
220097,1,0,39,20,0.5,0.7,0.28695681584520494,0.909108853359522,82,v2,,0.00040674547930068033,,,,,,,,
220098,1,0,37,19,0.5,0.7,0.28647228597827057,0.9337543958230787,78,v2,,0.00029467259476580003,-0.6132279365475348,107.0,-55.0,103.0,46.0,9.0,16.0,69.0
220099,1,0,18,15,0.5,0.7,0.27280385180854083,0.9338793953273852,56,v2,,0.0006205745512001332,-0.611693832630082,45.0,-13.0,47.0,6.0,7.0,5.0,76.0
220100,1,0,23,20,0.5,0.7,0.11291026389697773,0.7208795441961151,91,v2,,0.00033944729316776864,-0.5645892565321838,62.0,-24.0,55.0,10.0,14.0,6.0,26.0
220101,1,0,20,20,0.5,0.7,0.1761592437890157,0.8433717625328991,75,v2,,0.0004606067785588237,-0.598691773193128,98.0,-40.0,75.0,32.0,8.0,10.0,21.0
220102,1,0,16,62,0.5,0.7,0.10716931207423588,0.9619767143260407,105,v2,,0.00033195853562548346,-0.4296962106840492,54.0,-3.0,52.0,-11.0,14.0,20.0,48.0
220103,1,0,31,33,0.5,0.7,0.21218585804496712,0.8066816294682687,72,v2,,0.00022938376937022527,-0.6134736760851806,100.0,-37.0,86.0,3.0,34.0,12.0,59.0
220104,1,0,38,68,0.5,0.7,0.19730765911469694,0.750626978312419,84,v2,panic_len,0.00031649323050159664,-0.5587124188896364,106.0,-11.0,83.0,-15.0,26.0,,48.0
220105,1,0,30,22,0.5,0.7,0.11581405879974545,0.8347993637919489,82,v2,,0.00032006414817515997,,,,,,,,
220106,1,0,20,53,0.5,0.7,0.15543211063681509,0.8042379817552912,106,v2,,0.00046828303320325503,-0.5626117494774723,89.0,-34.0,99.0,27.0,7.0,10.0,28.0
220107,1,0,29,49,0.5,0.7,0.19932186853026934,0.810305574850686,60,v2,,0.0004405596523673101,-0.5745885015344019,110.0,-38.0,92.0,26.0,12.0,19.0,39.0
220108,1,0,40,64,0.5,0.7,0.2959929434638464,0.7543418899684775,86,v2,panic_len,0.0002206509110645459,-0.5655288292318371,74.0,-1.0,70.0,-2.0,3.0,19.0,39.0
220109,1,0,36,31,0.5,0.7,0.27554113774843747,0.786027009702004,82,v2,,0.000546462768959479,-0.572772834592632,108.0,-55.0,95.0,38.0,17.0,26.0,39.0
220110,1,0,17,28,0.5,0.7,0.13485079768604824,0.9982442612101727,62,v2,,0.00042476323951605774,-0.6447415439896163,89.0,-47.0,75.0,27.0,20.0,8.0,27.0
220111,1,0,26,67,0.5,0.7,0.14261032512953503,0.9076037339772446,66,v2,,0.00039616597336333777,-0.5238001380204249,72.0,9.0,33.0,-16.0,7.0,7.0,53.0
220112,1,0,18,26,0.5,0.7,0.241804058338562,0.7177229096225864,104,v2,,0.00030697875139514257,-0.5440438411536412,37.0,-12.0,37.0,-4.0,16.0,6.0,22.0
220113,1,0,25,25,0.5,0.7,0.23044845484384766,0.8467354893435861,108,v2,,0.000619833467985441,-0.7074207365206712,106.0,-65.0,111.0,62.0,3.0,12.0,51.0
220114,1,0,30,20,0.5,0.7,0.16778608073218243,0.9253629373348647,84,v2,,0.000365295583490106,-0.3421339420001789,31.0,6.0,34.0,-19.0,13.0,10.0,23.0
220115,1,0,20,27,0.5,0.7,0.1362531321810087,0.7582412771124045,89,v2,,0.0009148021742547819,-0.5016494913251143,62.0,-30.0,9.0,16.0,14.0,12.0,69.0
220116,1,0,28,28,0.5,0.7,0.2123783042317619,0.911924420282925,61,v2,,0.0004797068556854792,-0.5316742305633153,88.0,-43.0,134.0,32.0,11.0,,101.0
220117,1,0,27,47,0.5,0.7,0.22700400717199845,0.7020986384670632,105,v2,,0.00027252721205363296,,,,,,,,
220118,1,0,17,49,0.5,0.7,0.27247261478317497,0.7078293325144983,109,v2,,0.00039742157978164713,-0.4967657147774017,82.0,-19.0,46.0,10.0,9.0,11.0,52.0
220119,1,0,38,21,0.5,0.7,0.2322903838857382,0.9864866301220085,81,v2,,0.00048411977087492106,-0.488203283173838,55.0,1.0,67.0,-20.0,19.0,17.0,46.0
220120,1,0,21,16,0.5,0.7,0.18907086991316513,0.9836745655847401,94,v2,,0.001523853596496007,-0.6543660715990697,115.0,-89.0,126.0,86.0,3.0,15.0,47.0
220121,1,0,24,39,0.5,0.7,0.24005399637401825,0.8740724616888162,56,v2,,0.0001566273538872342,-0.5156317990521597,102.0,-49.0,90.0,25.0,24.0,9.0,77.0
220122,1,0,18,70,0.5,0.7,0.23422799342490708,0.8821473434187118,64,v2,,0.0010375699036451204,,,,,,,,
220123,1,0,15,66,0.5,0.7,0.20017429763881367,0.8280687762053887,86,v2,,0.00041428501049042246,-0.5506864442972557,89.0,-6.0,81.0,-13.0,19.0,13.0,21.0
220124,1,0,34,60,0.5,0.7,0.27536644411855027,0.7334380688737642,96,v2,panic_len,0.0004515983900898964,,,,,,,,
220125,1,0,30,59,0.5,0.7,0.13181091685823845,0.9011753151926186,101,v2,panic_len,0.0004891717543927315,-0.30000572294592376,32.0,15.0,36.0,-24.0,9.0,21.0,43.0
220126,1,0,30,17,0.5,0.7,0.2082389836448763,0.8940381538509021,63,v2,,0.0003082760622625998,,,,,,,,
220127,1,0,32,21,0.5,0.7,0.29553003011565226,0.7729194995455773,60,v2,,0.0003079731444521406,,,,,,,,
220128,1,0,31,46,0.5,0.7,0.28206044029917177,0.9006060854404383,76,v2,,0.0002782968386223085,-0.5823718423568885,79.0,-5.0,54.0,-1.0,6.0,25.0,72.0
220129,1,0,37,53,0.5,0.7,0.1471986450965142,0.9888589655123772,69,v2,,0.0003355385063639202,-0.38064057381621175,99.0,-15.0,45.0,-11.0,26.0,16.0,83.0
220130,1,0,32,45,0.5,0.7,0.17849701527008194,0.7362389876240075,93,v2,,0.0004079109764166866,-0.5471122484076963,76.0,-1.0,60.0,-10.0,11.0,20.0,42.0
220131,1,0,26,47,0.5,0.7,0.22952462105158136,0.8257761324809049,71,v2,,0.0005546046233777519,-0.662064843603893,96.0,1.0,108.0,-7.0,6.0,2.0,52.0
220132,1,0,18,43,0.5,0.7,0.15683741850757565,0.9806746087038454,97,v2,,0.0005227265222781907,-0.5333621946584461,120.0,-95.0,109.0,68.0,27.0,6.0,22.0
220133,1,0,19,16,0.5,0.7,0.1547278316306484,0.94532513177536,80,v2,,0.00018887907370623538,-0.4114348086434869,119.0,-6.0,55.0,-12.0,18.0,17.0,98.0
220134,1,0,16,65,0.5,0.7,0.2769696018471087,0.7959913911647993,98,v2,,0.0006205516834638895,-0.5695305317285384,71.0,-7.0,76.0,-3.0,10.0,,71.0
220135,1,0,40,45,0.5,0.7,0.21850714012836864,0.9297279350754322,89,v2,,0.00034914704415917356,,,,,,,,
220136,1,0,19,70,0.5,0.7,0.21622704064476667,0.8017424051706719,99,v2,,0.000430308209010187,,,,,,,,
220137,1,0,27,18,0.5,0.7,0.12395789417228656,0.9004824944624235,104,v2,,0.00032310472107494634,-0.5302470962262128,85.0,-42.0,67.0,20.0,22.0,16.0,21.0
220138,1,0,23,47,0.5,0.7,0.1357162189039394,0.7903658389964726,87,v2,,0.00037826267820338996,-0.5697335747858033,81.0,-32.0,88.0,24.0,8.0,18.0,47.0
220139,1,0,19,40,0.5,0.7,0.14592753378168685,0.8942375029728935,101,v2,,0.0006618565157239189,-0.44056881585343355,54.0,-1.0,52.0,-6.0,7.0,21.0,40.0
220140,1,0,27,50,0.5,0.7,0.26188958900707227,0.820383811442642,66,v2,,0.00024705976140695565,-0.5824373959854406,107.0,-8.0,50.0,-1.0,9.0,16.0,71.0
220141,1,0,26,27,0.5,0.7,0.293593527593172,0.7940514644569296,110,v2,,0.0008519626029557724,,,,,,,,
220142,1,0,19,50,0.5,0.7,0.25835874668994135,0.7925819313517481,104,v2,,0.00027999338272684867,-0.4906342451295346,119.0,-52.0,108.0,40.0,12.0,12.0,38.0
220143,1,0,19,51,0.5,0.7,0.27142899627713857,0.7586251145770363,79,v2,,0.0008992462557558612,-0.6868455118556602,110.0,-66.0,97.0,52.0,14.0,16.0,30.0
220144,1,0,15,16,0.5,0.7,0.15964810937145538,0.8857061859626622,53,v2,,0.000710613432085834,,,,,,,,
220145,1,0,29,16,0.5,0.7,0.2963220403063019,0.7846202593435917,105,v2,,0.0004427103441077845,-0.5734988099393377,82.0,-39.0,69.0,23.0,16.0,9.0,21.0
220146,1,0,38,43,0.5,0.7,0.2407794472344437,0.7418071067344509,99,v2,,0.0003225850887635213,,,,,,,,
220147,1,0,32,19,0.5,0.7,0.21385310388394074,0.7197941803297536,74,v2,,0.0003788650857347541,-0.42503284654260953,90.0,5.0,88.0,-26.0,21.0,6.0,41.0
220148,1,0,22,22,0.5,0.7,0.2108918792017712,0.8633293180396269,90,v2,,0.00034981699689959014,-0.5810586809796987,120.0,-72.0,162.0,64.0,8.0,9.0,82.0
220149,1,0,20,31,0.5,0.7,0.11600439055930048,0.7797494399062225,57,v2,,0.0003274281970489236,-0.4957858856814926,77.0,-34.0,97.0,17.0,17.0,13.0,64.0
220150,1,0,23,48,0.5,0.7,0.12046438940422322,0.8019369285700602,79,v2,,0.00048405535526194757,-0.6165417047774723,103.0,-35.0,57.0,13.0,22.0,21.0,32.0
220151,1,0,16,29,0.5,0.7,0.13814751280321264,0.8208163394387202,102,v2,,0.0005435013432857222,,,,,,,,
220152,1,0,16,23,0.5,0.7,0.25064852078331457,0.7107779642338851,62,v2,,0.0004384953317454457,-0.6028035282018418,123.0,0.0,25.0,-5.0,5.0,21.0,40.0
220153,1,0,32,68,0.5,0.7,0.2724231691283785,0.7585496924457831,88,v2,,0.0005195429058830565,,,,,,,,
220154,1,0,25,64,0.5,0.7,0.16365144699156414,0.852416547389344,50,v2,,0.00031771952500533266,-0.5161963194325732,117.0,-43.0,96.0,38.0,5.0,19.0,38.0
220155,1,0,23,46,0.5,0.7,0.21806157613274596,0.7728061811741107,51,v2,,0.00031026931126015167,,,,,,,,
220156,1,0,20,50,0.5,0.7,0.1312664786921084,0.7770226528392463,60,v2,,0.0003023426238887037,-0.54929066681934,94.0,-41.0,80.0,25.0,16.0,13.0,35.0
220157,1,0,22,63,0.5,0.7,0.16275202155040494,0.7905691229835687,68,v2,,0.0003874591981796598,-0.4579498593787982,64.0,-10.0,77.0,-1.0,11.0,12.0,28.0
220158,1,0,37,41,0.5,0.7,0.20448793820887573,0.7880136217943228,87,v2,,0.0002454847085735049,,,,,,,,
220159,1,0,33,28,0.5,0.7,0.21250008458181663,0.7148291553914236,70,v2,,0.00022597754587905938,,,,,,,,
220160,1,0,37,59,0.5,0.7,0.27560766337480613,0.9098675657804502,65,v2,,0.00060711825461315,,,,,,,,
220161,1,0,20,23,0.5,0.7,0.2957511461100014,0.7486627740111608,102,v2,,0.00026856930165953077,-0.602075278174653,92.0,-65.0,89.0,48.0,17.0,7.0,26.0
220162,1,0,40,39,0.5,0.7,0.15897611584683743,0.8966773778413704,74,v2,,0.0002568320314258771,-0.586846330959397,86.0,-34.0,69.0,7.0,27.0,11.0,73.0
220163,1,0,30,17,0.5,0.7,0.28747226997727826,0.738768193121825,99,v2,,0.0005821208302474743,,,,,,,,
220164,1,0,37,28,0.5,0.7,0.12326532481444519,0.9590364998255927,105,v2,,0.0006886263392485794,-0.5486112237774696,91.0,-45.0,95.0,32.0,13.0,15.0,28.0
220165,1,0,24,42,0.5,0.7,0.22085019331365097,0.7696246482369615,62,v2,,0.0003945436345399467,-0.5543766060748175,73.0,-15.0,61.0,0.0,15.0,32.0,41.0
220166,1,0,16,43,0.5,0.7,0.16840500762299906,0.7020059096728039,62,v2,,0.0003265885581381205,,,,,,,,
220167,1,0,23,54,0.5,0.7,0.1520005515824044,0.7401157164935396,62,v2,,0.00035308114089564616,-0.5483748531480082,25.0,-2.0,22.0,-15.0,17.0,1.0,21.0
220168,1,0,26,31,0.5,0.7,0.12495083059688342,0.7853642221231072,69,v2,,0.0003718896582635385,-0.36924824110013166,117.0,-8.0,30.0,-17.0,25.0,16.0,93.0
220169,1,0,17,55,0.5,0.7,0.15646542588203488,0.9149611546924331,96,v2,,0.0004023619451296806,,,,,,,,
220170,1,0,29,22,0.5,0.7,0.1189668696895536,0.9807116923638213,70,v2,,0.00042759215904569997,-0.433805218939155,63.0,-18.0,95.0,-4.0,22.0,,42.0
220171,1,0,35,43,0.5,0.7,0.24152756339252685,0.9334316381963625,70,v2,,0.00036958182363466916,-0.5513460697156641,82.0,-5.0,64.0,-3.0,8.0,20.0,63.0
220172,1,0,23,56,0.5,0.7,0.17238294455900915,0.9137103085262817,99,v2,,0.00045162713615195984,-0.5770387697583848,99.0,-30.0,64.0,21.0,9.0,10.0,32.0
220173,1,0,21,68,0.5,0.7,0.20485895973301904,0.9905598138385187,72,v2,,0.0006208971986423358,-0.6723383883466096,104.0,-37.0,88.0,11.0,26.0,12.0,85.0
220174,1,0,30,56,0.5,0.7,0.260111407892897,0.7100393237667603,94,v2,,0.0007021704360900133,-0.4758835303031692,25.0,42.0,35.0,-43.0,1.0,4.0,23.0
220175,1,0,27,69,0.5,0.7,0.27938702105830976,0.8862878130581413,94,v2,,0.00037009730575500465,-0.5137031260834428,123.0,-37.0,124.0,32.0,5.0,,19.0
220176,1,0,40,26,0.5,0.7,0.1607860954922588,0.882915076226057,103,v2,,0.0006332373611177618,-0.4403299966197619,59.0,-19.0,71.0,12.0,7.0,13.0,25.0
220177,1,0,33,51,0.5,0.7,0.18360437378779426,0.9190344982984657,105,v2,,0.00034767232515740376,-0.5681656774195609,65.0,-3.0,59.0,-11.0,14.0,14.0,31.0
220178,1,0,29,48,0.5,0.7,0.2992667915630686,0.9734522080104127,95,v2,,0.0003239705526070096,,,,,,,,
220179,1,0,32,20,0.5,0.7,0.2706213657411275,0.924865370573347,68,v2,,0.0003580943632304391,-0.5466975389115896,64.0,-14.0,42.0,-8.0,22.0,7.0,97.0
220180,1,0,17,59,0.5,0.7,0.18532164449112093,0.8952895765155896,83,v2,,0.0003775644538966459,-0.47087844388302436,108.0,-44.0,72.0,37.0,7.0,13.0,65.0
220181,1,0,30,42,0.5,0.7,0.2901716626855131,0.7377869885660515,81,v2,,0.0004044951976397847,,,,,,,,
220182,1,0,16,28,0.5,0.7,0.27324076326120306,0.7610293281160548,58,v2,,0.0008572000821427438,-0.578366292658625,119.0,-15.0,47.0,2.0,13.0,13.0,17.0
220183,1,0,32,53,0.5,0.7,0.1854440698144817,0.9042010744323326,57,v2,,0.0007214097761676121,-0.3666202889534853,84.0,-1.0,50.0,-4.0,5.0,10.0,21.0
220184,1,0,35,17,0.5,0.7,0.27943644801690315,0.7292551823018316,104,v2,,0.00047831163165724163,,,,,,,,
220185,1,0,18,48,0.5,0.7,0.1035955911713815,0.9176503062715253,75,v2,,0.000360959591224752,-0.4161249582239106,38.0,-4.0,38.0,-8.0,12.0,15.0,33.0
220186,1,0,32,44,0.5,0.7,0.1900369561309821,0.979540736521356,86,v2,,0.0003521732816298651,-0.4633312002095915,77.0,-2.0,76.0,-3.0,5.0,12.0,41.0
220187,1,0,24,28,0.5,0.7,0.2908765484073268,0.729797281520868,96,v2,,0.00028275720797710187,-0.5321679588193753,125.0,-24.0,32.0,-4.0,28.0,15.0,21.0
220188,1,0,33,25,0.5,0.7,0.2860945378698956,0.8217918285035476,103,v2,,0.0004696504218321721,,,,,,,,
220189,1,0,38,58,0.5,0.7,0.19901989470183695,0.9336214678713908,52,v2,,0.00036880769452123194,,,,,,,,
220190,1,0,31,57,0.5,0.7,0.2969923189075123,0.9473767925650076,61,v2,,0.0004619563337572005,-0.6154481091091086,114.0,-27.0,93.0,15.0,12.0,16.0,43.0
220191,1,0,36,20,0.5,0.7,0.290808895007754,0.7494817419473747,73,v2,,0.00036624934917377336,-0.640054480180092,88.0,-11.0,83.0,-1.0,12.0,39.0,69.0
220192,1,0,21,60,0.5,0.7,0.24134119817978322,0.7482646175340222,50,v2,,0.00027528428751117474,,,,,,,,
220193,1,0,36,37,0.5,0.7,0.10025083024338262,0.9114173746619104,95,v2,,0.00028263054180973073,-0.4965431979880558,92.0,-16.0,88.0,-3.0,19.0,1.0,36.0
220194,1,0,36,54,0.5,0.7,0.23950064280079747,0.7060047404050153,100,v2,panic_len,0.00043003208569924583,-0.5537798100949053,71.0,-1.0,74.0,-8.0,9.0,15.0,45.0
220195,1,0,37,63,0.5,0.7,0.2933107569834835,0.9280994669779341,71,v2,,0.00027781793804967036,-0.4425747102330748,107.0,-39.0,111.0,21.0,18.0,11.0,36.0
220196,1,0,21,53,0.5,0.7,0.18653070925660317,0.830882212103624,85,v2,,0.000237910428993494,,,,,,,,
220197,1,0,19,27,0.5,0.7,0.101489841661689,0.7221618194750935,82,v2,,0.0004704679323608881,-0.4274501054886144,38.0,4.0,31.0,-17.0,13.0,16.0,32.0
220198,1,0,30,53,0.5,0.7,0.1358838577677332,0.9490029437062457,91,v2,,0.0005785004331264737,,,,,,,,
220199,1,0,17,17,0.5,0.7,0.13457337960219146,0.7618781064552794,106,v2,,0.00031216031358632354,-0.5372838315148327,93.0,-21.0,28.0,-8.0,29.0,11.0,68.0
220200,1,0,37,38,0.5,0.7,0.134999742492175,0.7898526357068606,58,v2,,0.0003487438445636048,,,,,,,,
220201,1,0,22,31,0.5,0.7,0.20044727124020179,0.8987194868896956,62,v2,,0.001073496122639993,-0.43526061383961556,98.0,-60.0,20.0,54.0,6.0,1.0,179.0
220202,1,0,35,38,0.5,0.7,0.18525789091206818,0.9531238950137204,78,v2,,0.0006170035705624778,-0.40421296194713374,57.0,-3.0,58.0,-2.0,5.0,21.0,27.0
220203,1,0,17,70,0.5,0.7,0.2764934707092741,0.9707024776323795,59,v2,,0.00023374685772259532,-0.5892645981799476,86.0,-42.0,98.0,15.0,27.0,15.0,25.0
220204,1,0,16,54,0.5,0.7,0.25716435162913115,0.8386901615172652,71,v2,,0.00029569967256491377,-0.527769590471901,98.0,-31.0,44.0,12.0,19.0,20.0,44.0
220205,1,0,18,70,0.5,0.7,0.18199414117763896,0.7712803298528906,78,v2,,0.00037679405314513533,,,,,,,,
220206,1,0,27,39,0.5,0.7,0.2594528110151558,0.7366409638321072,97,v2,,0.0013311761785865402,-0.5884174299964678,70.0,-2.0,50.0,-2.0,4.0,17.0,21.0
220207,1,0,25,48,0.5,0.7,0.24574922884580921,0.9218588332511082,95,v2,,0.00040317955849573353,,,,,,,,
220208,1,0,22,63,0.5,0.7,0.14915225875692925,0.8982466538899638,101,v2,,0.0002839241024485529,-0.46683388643419665,123.0,-51.0,122.0,36.0,15.0,7.0,25.0
220209,1,0,20,26,0.5,0.7,0.16081981492493155,0.9571499719393362,101,v2,,0.00034272390318560884,-0.3932784752816011,93.0,-49.0,74.0,28.0,21.0,9.0,25.0
220210,1,0,30,20,0.5,0.7,0.27697977111551597,0.70111703260503,90,v2,,0.00029438577706908506,,,,,,,,
220211,1,0,39,41,0.5,0.7,0.12849487824987474,0.9619450112597808,96,v2,,0.00031026674358828916,,,,,,,,
220212,1,0,40,42,0.5,0.7,0.16188383343834117,0.7277446933633562,81,v2,,0.0002423391822410288,,,,,,,,
220213,1,0,15,56,0.5,0.7,0.17084773243027337,0.8745052282876274,52,v2,,0.0004264333056830283,-0.47241563967114786,73.0,-5.0,68.0,-3.0,8.0,6.0,45.0
220214,1,0,19,39,0.5,0.7,0.24744355299977455,0.8061657169949369,89,v2,,0.0003320130455194244,-0.4158300211532835,26.0,1.0,46.0,-11.0,10.0,13.0,42.0
220215,1,0,15,26,0.5,0.7,0.26088351775856256,0.884016179483864,106,v2,,0.0002912664965654683,-0.628677014811967,125.0,-86.0,98.0,61.0,25.0,6.0,24.0
220216,1,0,16,48,0.5,0.7,0.2708839363424109,0.9524073002727875,74,v2,,0.0002993776845046884,-0.5543701184641263,111.0,-57.0,110.0,41.0,16.0,10.0,52.0
220217,1,0,18,36,0.5,0.7,0.14046514017466574,0.9559624135511617,101,v2,,0.0004396502262004274,,,,,,,,
220218,1,0,16,47,0.5,0.7,0.1630095830871261,0.9388240485613546,68,v2,,0.002063066649486421,-0.6812319760950962,91.0,-25.0,52.0,14.0,11.0,15.0,40.0
220219,1,0,29,18,0.5,0.7,0.28027773605535833,0.8031910875995141,74,v2,,0.00035561829533842124,,,,,,,,
220220,1,0,21,61,0.5,0.7,0.13297230774933863,0.8267478854837409,67,v2,,0.00028342648560912554,-0.5502042162827214,54.0,24.0,62.0,-25.0,1.0,10.0,72.0
220221,1,0,20,35,0.5,0.7,0.2347439608291916,0.7494983375627631,65,v2,,0.0003194999243926564,,,,,,,,
220222,1,0,38,25,0.5,0.7,0.2674423443939812,0.8615961614618595,51,v2,,0.00020355805386508205,-0.5826067194577971,49.0,6.0,88.0,-20.0,14.0,13.0,101.0
220223,1,0,29,41,0.5,0.7,0.24726436229580714,0.8771481647153914,91,v2,,0.0004480862318033343,-0.5351605124035634,67.0,-25.0,94.0,20.0,5.0,7.0,38.0
220224,1,0,15,50,0.5,0.7,0.2292625712912109,0.8126256578512666,80,v2,,0.00047534926706521865,-0.5159231334684211,119.0,-1.0,53.0,-7.0,8.0,14.0,34.0
220225,1,0,31,35,0.5,0.7,0.25407118371137805,0.9594690573430574,103,v2,,0.00035429469831631017,-0.5303349945499765,111.0,-45.0,71.0,22.0,23.0,13.0,62.0
220226,1,0,28,31,0.5,0.7,0.14060946617306386,0.8469776420626564,54,v2,,0.00029605482920347836,-0.4963336912239581,21.0,31.0,28.0,-34.0,3.0,5.0,85.0
220227,1,0,26,63,0.5,0.7,0.29609762710038623,0.9491502032075501,80,v2,,0.0003823155074089902,-0.6946988336611213,118.0,-66.0,113.0,45.0,21.0,19.0,55.0
220228,1,0,23,57,0.5,0.7,0.2860310287500204,0.8673807204734552,56,v2,,0.00024339001433326145,-0.6732977040583948,112.0,-31.0,116.0,21.0,10.0,19.0,57.0
220229,1,0,34,57,0.5,0.7,0.17809139994292733,0.7088003619446163,69,v2,,0.0002940573980283088,-0.4927138077142226,118.0,-3.0,62.0,-14.0,17.0,9.0,75.0
220230,1,0,32,47,0.5,0.7,0.11713904314978284,0.8769719240620912,73,v2,,0.0002768725861175981,-0.46082799590576595,92.0,-25.0,96.0,16.0,9.0,16.0,28.0
220231,1,0,20,27,0.5,0.7,0.18625711544540474,0.717355245415852,73,v2,,0.0003809784778202414,,,,,,,,
220232,1,0,26,59,0.5,0.7,0.1454341208085249,0.9669636511458386,105,v2,panic_len,0.0003680062401688301,,,,,,,,
220233,1,0,18,44,0.5,0.7,0.25706867763536007,0.7046164776435898,54,v2,,0.0002255539124976715,-0.6187229899232793,66.0,-1.0,62.0,-11.0,12.0,18.0,50.0
220234,1,0,40,57,0.5,0.7,0.13473466872388845,0.7022732312221981,58,v2,,0.0001957528389428973,-0.3948186220435871,30.0,104.0,0.0,-107.0,3.0,6.0,6.0
220235,1,0,36,22,0.5,0.7,0.10328141351186548,0.9890245279297187,89,v2,,0.0004094086026536492,-0.37415224095117705,94.0,-51.0,118.0,28.0,23.0,8.0,21.0
220236,1,0,26,55,0.5,0.7,0.29440583049520785,0.924602221795283,87,v2,,0.0005660074421760998,-0.49097606375531533,46.0,-16.0,58.0,8.0,8.0,15.0,34.0
220237,1,0,33,35,0.5,0.7,0.2901235963323494,0.9077388671147215,99,v2,,0.00043159286406464656,-0.6989000289584508,102.0,-51.0,80.0,24.0,27.0,17.0,31.0
220238,1,0,23,61,0.5,0.7,0.21816030051838928,0.830060257864381,105,v2,,0.00043477135300242723,-0.6672452223757965,92.0,-41.0,101.0,36.0,5.0,20.0,30.0
220239,1,0,37,55,0.5,0.7,0.167906432643905,0.8384062314412334,85,v2,,0.0002511673583844748,,,,,,,,
220240,1,0,21,61,0.5,0.7,0.18006549720990744,0.9280310135521113,80,v2,,0.0008443615851720436,-0.8575781603753729,71.0,-13.0,83.0,11.0,2.0,7.0,21.0
220241,1,0,23,15,0.5,0.7,0.1267751501632453,0.9844744112242982,67,v2,,0.00047824525982427334,-0.42305707132198034,64.0,-37.0,70.0,29.0,8.0,11.0,23.0
220242,1,0,16,16,0.5,0.7,0.13229408906510748,0.8295045969326111,71,v2,,0.0003896282083535519,-0.3565488247743389,18.0,3.0,31.0,-7.0,4.0,8.0,104.0
220243,1,0,32,39,0.5,0.7,0.2584197893611556,0.7243618193665929,74,v2,,0.0018615819358438529,,,,,,,,
220244,1,0,30,65,0.5,0.7,0.2979848334823117,0.9259106350388484,74,v2,,0.00037400314209630204,-0.6063660561679205,120.0,-75.0,158.0,60.0,15.0,13.0,67.0
220245,1,0,24,19,0.5,0.7,0.16106445064955782,0.7418916092811858,78,v2,,0.00028505332879599554,,,,,,,,
220246,1,0,37,59,0.5,0.7,0.1949685187193746,0.7322923289635078,94,v2,panic_len,0.0006098282113605086,-0.5337277219851799,107.0,-29.0,85.0,28.0,1.0,9.0,60.0
220247,1,0,23,38,0.5,0.7,0.21751878315000578,0.8191547721715868,67,v2,,0.00024082021971618845,-0.5524663976609057,107.0,-49.0,87.0,42.0,7.0,23.0,51.0
220248,1,0,36,52,0.5,0.7,0.21607504248649628,0.7695415749976164,88,v2,,0.0003973940554132642,-0.4741262990328623,83.0,-6.0,54.0,-9.0,15.0,7.0,54.0
220249,1,0,35,34,0.5,0.7,0.2532876990646323,0.8809804551340507,65,v2,,0.00045727875416778853,-0.524517950318791,56.0,5.0,62.0,-13.0,8.0,8.0,21.0
220250,1,0,16,17,0.5,0.7,0.16720513579914914,0.9323137343756415,69,v2,,0.0002600995806690204,-0.5113045729229737,40.0,-16.0,28.0,-8.0,24.0,6.0,21.0
220251,1,0,40,32,0.5,0.7,0.23025270356767216,0.8697854224731385,90,v2,,0.0004038922131300388,-0.5048098126229046,57.0,3.0,43.0,-16.0,13.0,7.0,24.0
220252,1,0,29,60,0.5,0.7,0.26201248867006455,0.7815978142342679,67,v2,,0.0005508273310874067,,,,,,,,
220253,1,0,27,53,0.5,0.7,0.28643652373102757,0.9535773650841319,110,v2,panic_len,0.00043742592252842834,,,,,,,,
220254,1,0,38,31,0.5,0.7,0.11605685813987934,0.9938636388038996,99,v2,,0.0004199772626977222,,,,,,,,
220255,1,0,18,66,0.5,0.7,0.24642310970103698,0.8711298862594955,92,v2,,0.0003091029567279158,,,,,,,,
220256,1,0,25,55,0.5,0.7,0.275566085845228,0.9450900685909261,86,v2,,0.0002529206575504526,-0.6356563651080502,92.0,-21.0,63.0,10.0,11.0,23.0,41.0
220257,1,0,16,57,0.5,0.7,0.2869540978877553,0.9326851810344757,98,v2,,0.00046940343882262116,-0.47389374012192265,25.0,22.0,39.0,-24.0,2.0,14.0,46.0
220258,1,0,25,58,0.5,0.7,0.14114445109516888,0.8727183200845703,92,v2,,0.0003237793598064925,-0.7687538708844102,78.0,-9.0,76.0,-5.0,14.0,14.0,34.0
220259,1,0,24,52,0.5,0.7,0.21584692342533435,0.7897766890988819,103,v2,,0.0007215690722917429,,,,,,,,
220260,1,0,27,37,0.5,0.7,0.25732607553604075,0.9685085447577211,104,v2,,0.0004038473085117067,-0.5328314764520534,86.0,-38.0,47.0,-13.0,51.0,10.0,22.0
220261,1,0,28,65,0.5,0.7,0.27013704949570355,0.9789886948075918,74,v2,,0.0002083467458269174,-0.5525401893173774,105.0,-27.0,86.0,13.0,14.0,21.0,33.0
220262,1,0,20,64,0.5,0.7,0.12811933305199258,0.9267707069126687,98,v2,,0.0002501729022425633,-0.7301948584226503,77.0,-2.0,81.0,-4.0,6.0,11.0,26.0
220263,1,0,37,55,0.5,0.7,0.2941835876077999,0.989569636259541,56,v2,,0.0003965327304958276,-0.6034722752230752,122.0,-30.0,103.0,21.0,9.0,26.0,45.0
220264,1,0,21,18,0.5,0.7,0.2260981080937636,0.7087908368232173,94,v2,,0.0005263547701947924,-0.4577827368883276,36.0,0.0,41.0,-6.0,6.0,11.0,21.0
220265,1,0,20,34,0.5,0.7,0.20761219439977135,0.7859014654119808,80,v2,,0.000458940995908601,-0.46723440290511975,58.0,-34.0,60.0,27.0,7.0,13.0,22.0
220266,1,0,37,35,0.5,0.7,0.17133635083570037,0.93713005180129,77,v2,,0.0002900411486738007,-0.48720854098786825,88.0,-43.0,94.0,35.0,8.0,15.0,25.0
220267,1,0,17,65,0.5,0.7,0.15201117582379317,0.7986898982408386,62,v2,,0.0006979151029592133,-0.5365158598960644,11.0,19.0,18.0,-21.0,2.0,32.0,43.0
220268,1,0,20,52,0.5,0.7,0.2913909950462134,0.9506351275521296,86,v2,,0.00031765944718798876,-0.5938417619450421,113.0,-42.0,41.0,-2.0,44.0,42.0,56.0
220269,1,0,33,16,0.5,0.7,0.1032085058106554,0.86587574319704,90,v2,,0.000427435007817248,,,,,,,,
220270,1,0,23,55,0.5,0.7,0.2754348749689647,0.9867510945403553,71,v2,,0.00042580890135757816,-0.49652920537339806,54.0,-1.0,71.0,-6.0,7.0,7.0,41.0
220271,1,0,40,63,0.5,0.7,0.23383920535108382,0.8897402052693146,52,v2,,0.00021642897067514208,,,,,,,,
220272,1,0,15,45,0.5,0.7,0.26705949232488846,0.7822446722005705,74,v2,,0.0005693462832385529,,,,,,,,
220273,1,0,21,46,0.5,0.7,0.16733313255537513,0.8626903230284246,69,v2,,0.0005260774855842328,-0.42677305889407624,46.0,5.0,32.0,-14.0,9.0,13.0,29.0
220274,1,0,23,59,0.5,0.7,0.12205647054277378,0.8166537761770076,66,v2,,0.00042533689249823705,-0.42543443598601904,91.0,10.0,84.0,-17.0,7.0,21.0,21.0
220275,1,0,19,19,0.5,0.7,0.19902996241198118,0.8094266094302149,102,v2,,0.0017497290249341802,-0.6769221118631116,65.0,-33.0,65.0,30.0,3.0,9.0,21.0
220276,1,0,36,70,0.5,0.7,0.16227665428907617,0.9657941722846506,78,v2,,0.00040131346697555933,,,,,,,,
220277,1,0,37,66,0.5,0.7,0.11917251825850667,0.7711684274407994,68,v2,,0.00029725462937112596,,,,,,,,
220278,1,0,21,59,0.5,0.7,0.1564968006746777,0.7604918481530433,106,v2,,0.00026594728926830483,-0.49818676749425306,29.0,39.0,17.0,-40.0,1.0,4.0,21.0
220279,1,0,38,55,0.5,0.7,0.23588067419877082,0.7248517815570127,79,v2,,0.0006882675303754915,-0.5109529605505787,81.0,-1.0,50.0,-3.0,4.0,10.0,48.0
220280,1,0,21,52,0.5,0.7,0.16984543652685846,0.7865498667200719,87,v2,,0.00043194112655387993,-0.6859443515496937,73.0,-36.0,54.0,7.0,29.0,12.0,21.0
220281,1,0,36,18,0.5,0.7,0.14823346438532772,0.988845218517167,102,v2,,0.0005001016018064046,-0.5216817579402795,119.0,-67.0,110.0,58.0,9.0,9.0,21.0
220282,1,0,22,45,0.5,0.7,0.18053552497160325,0.873944952464287,52,v2,,0.00026069928202001295,-0.5278645696579228,97.0,-28.0,137.0,9.0,19.0,,61.0
220283,1,0,19,15,0.5,0.7,0.15947718230396773,0.92648773505171,63,v2,,0.0002833769050382837,-0.6096160478406871,64.0,-16.0,71.0,3.0,13.0,21.0,87.0
220284,1,0,25,58,0.5,0.7,0.283049218310576,0.9968475544016768,73,v2,,0.00040321936752237594,-0.7331602514707536,111.0,-55.0,103.0,43.0,12.0,17.0,40.0
220285,1,0,29,66,0.5,0.7,0.1213808374928776,0.7716080310154615,55,v2,,0.000436475856326573,-0.45806315879489823,99.0,-48.0,110.0,23.0,25.0,17.0,54.0
220286,1,0,25,66,0.5,0.7,0.26836969093298674,0.8797588124737918,99,v2,panic_len,0.0002940362491074745,,,,,,,,
220287,1,0,38,47,0.5,0.7,0.2760195547972232,0.8362066442793072,101,v2,,0.0004380541039270585,-0.590073518288605,73.0,6.0,65.0,-18.0,12.0,,46.0
220288,1,0,32,49,0.5,0.7,0.1076191004238915,0.8724264396981734,63,v2,,0.00038375087611286995,-0.5391814502342333,72.0,-11.0,77.0,1.0,10.0,15.0,40.0
220289,1,0,36,18,0.5,0.7,0.24216573078318163,0.7149949024591206,96,v2,,0.0010977302103085122,-0.5580419950063548,45.0,5.0,41.0,-16.0,11.0,14.0,21.0
220290,1,0,38,25,0.5,0.7,0.28278580208888726,0.8888534015990612,71,v2,,0.0004008997521531962,-0.39884014788639366,48.0,39.0,18.0,-40.0,1.0,8.0,26.0
220291,1,0,26,44,0.5,0.7,0.2700461984319015,0.7017603234767018,90,v2,,0.0005926148600391233,-0.6379308917113483,81.0,-13.0,83.0,9.0,4.0,15.0,21.0
220292,1,0,16,50,0.5,0.7,0.19103823159062067,0.990438965652366,87,v2,,0.0026734391756173307,-0.6026487017513936,85.0,-34.0,65.0,29.0,5.0,2.0,15.0
220293,1,0,19,21,0.5,0.7,0.12215989369302556,0.7937663958768632,74,v2,,0.0007361210640985033,,,,,,,,
220294,1,0,18,66,0.5,0.7,0.2517944203727131,0.7951079263692018,77,v2,,0.0002285087090403992,-0.6169144648156075,64.0,-5.0,73.0,-4.0,9.0,13.0,44.0
220295,1,0,35,57,0.5,0.7,0.1625037328442736,0.7804816283276781,52,v2,,0.0003728096912892311,-0.4873503597266555,75.0,-5.0,85.0,-4.0,9.0,11.0,53.0
220296,1,0,23,52,0.5,0.7,0.29042398205419806,0.8259357526411415,66,v2,,0.00037171724115869943,-0.6014357615528886,75.0,-1.0,102.0,-8.0,9.0,,76.0
220297,1,0,27,48,0.5,0.7,0.2356327048676628,0.982857236756102,62,v2,,0.00041642157961084515,-0.5221821239639162,59.0,1.0,51.0,-4.0,3.0,11.0,24.0
220298,1,0,20,69,0.5,0.7,0.2401545853680143,0.9479990812814424,86,v2,,0.0006446104255426744,-0.5696605040354958,88.0,-19.0,61.0,14.0,5.0,11.0,39.0
220299,1,0,33,50,0.5,0.7,0.22078172949286495,0.9065370443947707,100,v2,,0.00019436819816606287,-0.6544756346130339,88.0,-14.0,83.0,-2.0,16.0,,54.0
220300,1,0,18,22,0.5,0.7,0.24362448763450922,0.9032201656632517,108,v2,,0.0002708449078162674,,,,,,,,
220301,1,0,38,41,0.5,0.7,0.20500145416619064,0.8116849677295452,73,v2,,0.00031204784462750707,,,,,,,,
220302,1,0,22,41,0.5,0.7,0.2907647013300194,0.8876587103874299,65,v2,,0.00022623841902111622,-0.5764934225285352,101.0,-40.0,120.0,1.0,39.0,,72.0
220303,1,0,36,59,0.5,0.7,0.1576222448529186,0.7177586449560007,63,v2,,0.0004564412985634272,-0.7389050212397641,9.0,77.0,15.0,-78.0,1.0,14.0,29.0
220304,1,0,30,23,0.5,0.7,0.10186686189286104,0.8799874782588326,66,v2,,0.0003525705325964192,,,,,,,,
220305,1,0,17,55,0.5,0.7,0.26482574144290416,0.9351323994943523,96,v2,,0.0004636393909629643,,,,,,,,
220306,1,0,28,20,0.5,0.7,0.17402598120061902,0.9821242751227577,76,v2,,0.00028808258333946657,-0.4480520367773161,78.0,-28.0,71.0,23.0,5.0,10.0,92.0
220307,1,0,17,64,0.5,0.7,0.13998623330449575,0.9559776641770011,62,v2,,0.0003099586607924596,-0.47798101526567527,124.0,-55.0,123.0,44.0,11.0,17.0,37.0
220308,1,0,17,28,0.5,0.7,0.26418093030104683,0.7587896834791665,64,v2,,0.0008908562476934069,,,,,,,,
220309,1,0,31,33,0.5,0.7,0.13535722441934195,0.9318816539330005,102,v2,,0.0006254596239238295,-0.49859558281142335,106.0,-67.0,109.0,58.0,9.0,9.0,21.0
220310,1,0,27,53,0.5,0.7,0.14743520854934106,0.8331563554959952,68,v2,,0.0004301764687098926,-0.4351341635880559,77.0,-5.0,65.0,-2.0,7.0,4.0,32.0
220311,1,0,22,49,0.5,0.7,0.10325936578372925,0.7308935473229737,70,v2,,0.0003215025555068622,-0.4143030882901042,111.0,2.0,96.0,-8.0,6.0,,86.0
220312,1,0,27,54,0.5,0.7,0.2431128358295608,0.7058623637899787,61,v2,,0.0003230974950598915,-0.4148617025226361,73.0,-28.0,60.0,12.0,16.0,21.0,24.0
220313,1,0,23,54,0.5,0.7,0.12877873908896828,0.9452663475495495,96,v2,,0.0004867839771702941,,,,,,,,
220314,1,0,37,57,0.5,0.7,0.29864016641772156,0.9890817298010574,55,v2,,0.0009609099233502617,-0.6853684157822143,92.0,-11.0,85.0,1.0,10.0,6.0,32.0
220315,1,0,17,16,0.5,0.7,0.1472928928475888,0.826408329268764,58,v2,,0.0004714992920643362,-0.5195640931504878,63.0,-38.0,56.0,16.0,22.0,18.0,105.0
220316,1,0,36,24,0.5,0.7,0.23784034930845677,0.8681076876502811,95,v2,,0.00026954200701034554,,,,,,,,
220317,1,0,17,66,0.5,0.7,0.15686893760981607,0.9979930147490836,51,v2,,0.0008418468310377781,,,,,,,,
220318,1,0,15,23,0.5,0.7,0.2300622681006295,0.7292241463353494,69,v2,,0.00028647751549873315,-0.5651389774794223,123.0,-2.0,37.0,-6.0,8.0,12.0,67.0
220319,1,0,31,61,0.5,0.7,0.19067931284578427,0.8409801190895214,93,v2,,0.00031081803387000113,-0.4329277363292088,88.0,-1.0,78.0,-7.0,8.0,18.0,38.0
220320,1,0,25,67,0.5,0.7,0.28775465736354205,0.9341830685796215,83,v2,,0.00041043748804557974,-0.5689441834440887,98.0,-36.0,79.0,31.0,5.0,2.0,67.0
220321,1,0,29,35,0.5,0.7,0.2309933378317657,0.9205703837539594,65,v2,,0.00033023279476008366,-0.4811601814799007,66.0,-21.0,58.0,5.0,16.0,13.0,79.0
220322,1,0,35,28,0.5,0.7,0.23315797109223654,0.9518609550145013,55,v2,,0.0003441910697566338,-0.46881951119951626,71.0,-13.0,54.0,-6.0,19.0,14.0,25.0
220323,1,0,40,40,0.5,0.7,0.11850300322009077,0.7424547600928508,86,v2,,0.00028581519708253803,-0.39321529610454653,95.0,-39.0,86.0,26.0,13.0,9.0,27.0
220324,1,0,22,35,0.5,0.7,0.28944689729656614,0.8998373793295739,55,v2,,0.0002611627469740756,-0.7479588148477225,68.0,-21.0,60.0,4.0,17.0,16.0,22.0
220325,1,0,20,34,0.5,0.7,0.1223044121772883,0.8111617212882006,53,v2,,0.00042400534621484843,-0.45204969158098174,104.0,-51.0,80.0,28.0,23.0,18.0,115.0
220326,1,0,26,38,0.5,0.7,0.14959793197325286,0.9469759449194189,80,v2,,0.0007019534297548189,-0.3721084274739428,33.0,28.0,17.0,-29.0,1.0,18.0,27.0
220327,1,0,15,67,0.5,0.7,0.21234393145604363,0.7537430786026214,104,v2,,0.00041710543139300506,-0.5340649634556749,109.0,-62.0,125.0,52.0,10.0,9.0,34.0
220328,1,0,29,26,0.5,0.7,0.11687169028388276,0.9901534153921638,54,v2,,0.0004241585266035971,-0.5272540177694431,88.0,-35.0,118.0,27.0,8.0,11.0,53.0
220329,1,0,16,42,0.5,0.7,0.1008469872946807,0.8006750147476696,102,v2,,0.00029473406312474886,-0.3152254704579758,13.0,27.0,11.0,-29.0,2.0,6.0,31.0
220330,1,0,37,50,0.5,0.7,0.2136168791786047,0.7751445169171352,50,v2,,0.00021108881245298557,-0.39012901480716233,85.0,-26.0,77.0,9.0,17.0,20.0,92.0
220331,1,0,37,37,0.5,0.7,0.1799378195481374,0.9881483585764212,76,v2,,0.0003411700555686062,,,,,,,,
220332,1,0,16,18,0.5,0.7,0.22741804098684001,0.8921734456721668,106,v2,,0.0004523427467969231,,,,,,,,
220333,1,0,20,21,0.5,0.7,0.21688673596936742,0.8716635016890586,71,v2,,0.00019083377201871494,-0.5352818144738991,104.0,-68.0,101.0,50.0,18.0,6.0,25.0
220334,1,0,18,31,0.5,0.7,0.29709013985954436,0.9636439072708323,109,v2,,0.00048116784558786585,-0.7079904566783297,63.0,-23.0,65.0,18.0,5.0,9.0,55.0
220335,1,0,25,31,0.5,0.7,0.2565525490453476,0.9080745799002197,102,v2,,0.0003542059347142164,,,,,,,,
220336,1,0,22,35,0.5,0.7,0.29670554587181763,0.8041044714322799,83,v2,,0.0009849600924700965,-0.6728295690530588,81.0,-28.0,65.0,22.0,6.0,19.0,30.0
220337,1,0,21,24,0.5,0.7,0.2565819723828875,0.9883000373757761,59,v2,,0.0002687330714870126,-0.5385410518095932,50.0,-14.0,38.0,-7.0,21.0,12.0,60.0
220338,1,0,28,51,0.5,0.7,0.2799242425570937,0.9284227431191423,70,v2,,0.000564573422625143,,,,,,,,
220339,1,0,34,58,0.5,0.7,0.29946335382853195,0.8365092566550971,98,v2,,0.0002905493353662302,-0.5797153952553775,111.0,-57.0,124.0,51.0,6.0,27.0,47.0
220340,1,0,29,18,0.5,0.7,0.28245835827262317,0.7462225982909585,68,v2,,0.00021731789644988665,-0.578018745851068,78.0,-34.0,73.0,21.0,13.0,13.0,25.0
220341,1,0,18,62,0.5,0.7,0.26041959974783335,0.9853303604792882,86,v2,,0.00035881455893790377,-0.5942832287053663,114.0,-77.0,121.0,61.0,16.0,19.0,36.0
220342,1,0,38,47,0.5,0.7,0.18510475900549866,0.8729187421568151,59,v2,,0.0004457102384281945,-0.5767313618199996,81.0,3.0,78.0,-11.0,8.0,46.0,69.0
220343,1,0,31,21,0.5,0.7,0.10169040207802443,0.8649310988110859,62,v2,,0.0003809753753814973,-0.43358257853212634,108.0,-59.0,106.0,50.0,9.0,15.0,27.0
220344,1,0,37,15,0.5,0.7,0.2677892709155534,0.7181187906880658,96,v2,,0.0002550303865476142,,,,,,,,
220345,1,0,34,29,0.5,0.7,0.16110698110939425,0.8869392356944801,88,v2,,0.00026612101782894657,-0.5414832977474584,55.0,-6.0,47.0,-8.0,14.0,19.0,67.0
220346,1,0,18,55,0.5,0.7,0.15251923384374427,0.7643231142689594,61,v2,,0.0003750452655000944,-0.39762664689369454,101.0,-41.0,99.0,28.0,13.0,20.0,71.0
220347,1,0,30,66,0.5,0.7,0.20081887728937273,0.9414125196948556,50,v2,,0.0004329322374367429,-0.4683460245966018,106.0,-49.0,78.0,20.0,29.0,24.0,104.0
220348,1,0,36,23,0.5,0.7,0.10614748326826665,0.7930031276623223,91,v2,,0.0002440281879314002,-0.599008003936037,89.0,-37.0,79.0,18.0,19.0,9.0,21.0
220349,1,0,23,66,0.5,0.7,0.2874178844549867,0.8455414104296355,87,v2,,0.0007245023140028464,-0.6611641385910696,112.0,-39.0,110.0,34.0,5.0,18.0,31.0
220350,1,0,17,30,0.5,0.7,0.27581555152055653,0.7524454260711366,63,v2,,0.00032019328632875625,,,,,,,,
220351,1,0,28,27,0.5,0.7,0.21779780484599295,0.7206526407156338,94,v2,,0.00038327738439198993,-0.6171459768219203,92.0,-38.0,91.0,32.0,6.0,18.0,38.0
220352,1,0,34,51,0.5,0.7,0.11546950662270686,0.8705133334738561,61,v2,,0.00032913656487149225,-0.4112545699618382,72.0,11.0,101.0,-29.0,18.0,,87.0
220353,1,0,26,50,0.5,0.7,0.18667865109763004,0.9336935216920258,80,v2,,0.0002801645187678624,,,,,,,,
220354,1,0,19,55,0.5,0.7,0.11108227699588272,0.8266102443066724,95,v2,,0.00029950168332722475,-0.4527882987801568,89.0,-50.0,84.0,29.0,21.0,17.0,30.0
220355,1,0,16,26,0.5,0.7,0.1620727614644209,0.7847588774613731,110,v2,,0.0003436393902702734,-0.4822251063680846,79.0,-18.0,56.0,14.0,4.0,13.0,25.0
220356,1,0,35,34,0.5,0.7,0.1295149530993655,0.7229251295568375,94,v2,,0.0002994710572921307,,,,,,,,
220357,1,0,23,26,0.5,0.7,0.25357231715778783,0.752878335860812,69,v2,,0.0002865738527293919,-0.6186081627944255,82.0,-37.0,75.0,24.0,13.0,13.0,25.0
220358,1,0,40,69,0.5,0.7,0.2692203153483983,0.9524862668200207,55,v2,,0.0006270901095180131,-0.7216343798886071,110.0,-29.0,108.0,17.0,12.0,12.0,27.0
220359,1,0,23,20,0.5,0.7,0.19120494502905183,0.9150559113307258,51,v2,,0.0002106891158233672,-0.3895163137914467,85.0,-46.0,66.0,23.0,23.0,9.0,122.0
220360,1,0,15,61,0.5,0.7,0.1636499560095285,0.7830004281930562,73,v2,,0.00025743597020439683,-0.47995361679540605,60.0,6.0,62.0,-12.0,6.0,14.0,24.0
220361,1,0,15,67,0.5,0.7,0.20098925130078016,0.7792873533590418,77,v2,,0.0003212589317390997,,,,,,,,
220362,1,0,24,16,0.5,0.7,0.12658986970990038,0.7107844132160598,75,v2,,0.0005145515121197243,-0.5210454380904439,84.0,-23.0,55.0,11.0,12.0,12.0,21.0
220363,1,0,39,53,0.5,0.7,0.133009595761431,0.844745839568467,98,v2,panic_len,0.0004706553143991027,-0.43501766557216826,94.0,-11.0,88.0,1.0,10.0,,41.0
220364,1,0,15,50,0.5,0.7,0.2501174563967332,0.8161305956738895,106,v2,,0.00027434100710900126,-0.45140553955643237,62.0,-23.0,58.0,-3.0,26.0,17.0,48.0
220365,1,0,22,62,0.5,0.7,0.12360169978366271,0.8765456190459643,57,v2,,0.0008346549633736035,-0.5021417174183177,88.0,-25.0,64.0,14.0,11.0,20.0,36.0
220366,1,0,19,54,0.5,0.7,0.21142475711478192,0.8144180522989695,71,v2,,0.00082487696628144,,,,,,,,
220367,1,0,36,52,0.5,0.7,0.14834363553221436,0.8029105730953086,102,v2,panic_len,0.0004870626103832081,,,,,,,,
220368,1,0,30,57,0.5,0.7,0.20036252334513746,0.7363156059680843,103,v2,panic_len,0.0003831568092417253,,,,,,,,
220369,1,0,33,17,0.5,0.7,0.1304695522967426,0.73232420891689,60,v2,,0.0004709654873761485,-0.5462181939162929,88.0,-52.0,97.0,44.0,8.0,9.0,23.0
220370,1,0,27,44,0.5,0.7,0.27138605558885665,0.8697328864151705,64,v2,,0.001065114473291317,-0.7073015213770026,112.0,-65.0,111.0,60.0,5.0,18.0,23.0
220371,1,0,26,44,0.5,0.7,0.1874291483505317,0.8401255509960097,85,v2,,0.00021226048975010072,-0.6359716430872953,50.0,-4.0,40.0,-6.0,10.0,19.0,32.0
220372,1,0,34,15,0.5,0.7,0.19180184732476097,0.8376995100046363,62,v2,,0.0002514654002031317,-0.452719414407743,99.0,-49.0,97.0,43.0,6.0,5.0,21.0
220373,1,0,39,49,0.5,0.7,0.17329949862695795,0.875881957179656,102,v2,panic_len,0.00047448231022435806,,,,,,,,
220374,1,0,31,23,0.5,0.7,0.2370981113627414,0.8213459514977606,105,v2,,0.0005606036491694537,,,,,,,,
220375,1,0,30,70,0.5,0.7,0.24656286041645195,0.8929485360998232,73,v2,,0.0005155579222698618,,,,,,,,
220376,1,0,36,55,0.5,0.7,0.14896858482986078,0.8352367056525478,72,v2,,0.0002842461294063013,-0.5293715914173646,119.0,-33.0,82.0,18.0,15.0,37.0,49.0
220377,1,0,29,29,0.5,0.7,0.24028303601362083,0.8583796180885501,61,v2,,0.0003130310312730829,-0.5325317094982692,102.0,-52.0,91.0,41.0,11.0,7.0,49.0
220378,1,0,18,38,0.5,0.7,0.24043239046646286,0.7827268970110641,100,v2,,0.0003520167315120856,,,,,,,,
220379,1,0,35,62,0.5,0.7,0.1343323353162713,0.8130435239302725,63,v2,,0.0003082497834277389,-0.3833721604003286,73.0,35.0,18.0,-36.0,1.0,3.0,21.0
220380,1,0,30,28,0.5,0.7,0.29812055213766736,0.9599215229083173,62,v2,,0.0003474871587075379,-0.6742583773140866,113.0,-57.0,99.0,47.0,10.0,16.0,104.0
220381,1,0,35,16,0.5,0.7,0.20398380679420341,0.7352052274136732,91,v2,,0.0014051605346855733,-0.7738824525862139,72.0,-26.0,84.0,19.0,7.0,2.0,21.0
220382,1,0,37,51,0.5,0.7,0.17643200882174653,0.8506484732572542,63,v2,,0.00047300427736762975,-0.5338156878091865,95.0,-22.0,98.0,13.0,9.0,20.0,57.0
220383,1,0,40,44,0.5,0.7,0.22123571654747493,0.7962140735810026,106,v2,panic_len,0.00033466295196705185,-0.5698083492269201,97.0,-36.0,96.0,21.0,15.0,8.0,22.0
220384,1,0,27,55,0.5,0.7,0.10613775434288152,0.9463822780037596,63,v2,,0.00031507347601967867,,,,,,,,
220385,1,0,28,44,0.5,0.7,0.2586990732756071,0.8369006586015648,102,v2,,0.0010466774814358365,-0.7236749902842998,93.0,-28.0,76.0,24.0,4.0,25.0,47.0
220386,1,0,23,46,0.5,0.7,0.28706300606589036,0.7063892327488449,94,v2,,0.00036896375660180886,,,,,,,,
220387,1,0,26,21,0.5,0.7,0.26440965853949105,0.9932660885395558,55,v2,,0.0009097202515398673,-0.530805561894242,82.0,-36.0,78.0,32.0,4.0,21.0,103.0
220388,1,0,29,48,0.5,0.7,0.16771655214791378,0.7538284532395085,85,v2,,0.00048426849475975714,,,,,,,,
220389,1,0,23,29,0.5,0.7,0.27905754753157863,0.8469103900834253,89,v2,,0.0010356612284913665,-0.46158260089425374,83.0,-10.0,46.0,3.0,7.0,18.0,24.0
220390,1,0,16,58,0.5,0.7,0.2537970214856268,0.9967559093475296,69,v2,,0.0002736589796994088,-0.5549273851203524,87.0,-20.0,39.0,6.0,14.0,14.0,65.0
220391,1,0,27,70,0.5,0.7,0.1453862963301566,0.9094759379820893,58,v2,,0.0003365254021640048,,,,,,,,
220392,1,0,29,16,0.5,0.7,0.2950663790536945,0.8246804223017468,56,v2,,0.0003942476198070972,,,,,,,,
220393,1,0,31,22,0.5,0.7,0.2936249060185677,0.7032066374691275,94,v2,,0.0003104279957859985,,,,,,,,
220394,1,0,37,53,0.5,0.7,0.10602553880651544,0.832460885569635,100,v2,panic_len,0.0003829527636408793,-0.38329523424493694,30.0,19.0,31.0,-27.0,8.0,6.0,56.0
220395,1,0,27,43,0.5,0.7,0.1272613679968298,0.8368556639909643,75,v2,,0.0003258247504972504,-0.599963125648052,116.0,-53.0,89.0,23.0,30.0,16.0,40.0
220396,1,0,17,60,0.5,0.7,0.19149045140109838,0.8670900465773742,96,v2,,0.0004914616916045445,,,,,,,,
220397,1,0,27,46,0.5,0.7,0.259095049739,0.9678483389239319,97,v2,,0.0004082969164615083,-0.673637651082835,123.0,-62.0,136.0,59.0,3.0,6.0,21.0
220398,1,0,28,15,0.5,0.7,0.22290934148324842,0.9845461816122123,54,v2,,0.0004576966743263062,-0.5383381946079965,69.0,-26.0,65.0,20.0,6.0,10.0,21.0
220399,1,0,26,64,0.5,0.7,0.18059964909916476,0.7414386382633144,76,v2,,0.0004367172346981914,-0.4577174079449974,57.0,-10.0,84.0,3.0,7.0,10.0,44.0
220400,1,0,31,53,0.5,0.7,0.14562081353483183,0.948874985517341,96,v2,,0.00033677399158672864,,,,,,,,
220401,1,0,31,49,0.5,0.7,0.17014645832055605,0.7049370550182721,84,v2,,0.00035685025160621126,,,,,,,,
220402,1,0,26,15,0.5,0.7,0.1581920082567681,0.9338462940809187,52,v2,,0.0004288086295940696,-0.5403885738697067,81.0,-49.0,89.0,33.0,16.0,13.0,98.0
220403,1,0,17,39,0.5,0.7,0.22520416965107912,0.8811858533663873,101,v2,,0.00042178524308631756,-0.5725937858043475,51.0,-2.0,48.0,-5.0,7.0,14.0,44.0
220404,1,0,39,28,0.5,0.7,0.17283314641676004,0.7855400061910363,52,v2,,0.0004901844505892139,-0.583126185762538,108.0,-53.0,114.0,47.0,6.0,10.0,21.0
220405,1,0,19,18,0.5,0.7,0.28305449130637805,0.7451903286060143,75,v2,,0.0007174337908614874,-0.6309603411431938,102.0,-61.0,123.0,53.0,8.0,14.0,85.0
220406,1,0,28,55,0.5,0.7,0.27642403807203175,0.8679511887322626,93,v2,,0.00036351523626994135,,,,,,,,
220407,1,0,35,68,0.5,0.7,0.2908221556933588,0.8463953154656247,64,v2,,0.0002589967846785719,,,,,,,,
220408,1,0,18,55,0.5,0.7,0.27283506952194186,0.9607600827855136,91,v2,,0.00029334776442823036,-0.5010677253960397,76.0,-2.0,80.0,-2.0,4.0,17.0,48.0
220409,1,0,36,28,0.5,0.7,0.14774393650359965,0.7741810460993839,73,v2,,0.0005210668601512668,,,,,,,,
220410,1,0,19,61,0.5,0.7,0.17048311275206846,0.8132080223421183,65,v2,,0.00029698657858708043,-0.5434079323499976,89.0,-8.0,35.0,-9.0,17.0,16.0,49.0
220411,1,0,25,32,0.5,0.7,0.2513698953054814,0.9059679325549297,81,v2,,0.0007434931239234773,,,,,,,,
220412,1,0,30,25,0.5,0.7,0.1860296328012566,0.8616479269366082,110,v2,,0.00036157389890336165,,,,,,,,
220413,1,0,20,25,0.5,0.7,0.28815177113793866,0.7385944361334014,56,v2,,0.0005972389734002855,-0.6084276383788486,91.0,-57.0,91.0,45.0,12.0,5.0,85.0
220414,1,0,18,27,0.5,0.7,0.1302781656264774,0.9763254174552414,54,v2,,0.000265271549944499,-0.5047575800468262,33.0,2.0,29.0,-10.0,8.0,20.0,86.0
220415,1,0,32,31,0.5,0.7,0.26368628619040974,0.9744579742939479,110,v2,,0.0006646384489115397,-0.45447811082358835,80.0,-27.0,71.0,14.0,13.0,19.0,30.0
220416,1,0,32,17,0.5,0.7,0.11848755247014747,0.8139830954514093,98,v2,,0.0002748133110771802,-0.47133008235724616,47.0,2.0,27.0,-26.0,24.0,10.0,23.0
220417,1,0,22,35,0.5,0.7,0.2340958676130663,0.7477740569279889,104,v2,,0.00046421197442601044,,,,,,,,
220418,1,0,15,66,0.5,0.7,0.23779404890751796,0.9879941715725029,96,v2,,0.0003633837404375254,-0.5528732900978992,100.0,-29.0,99.0,20.0,9.0,13.0,21.0
220419,1,0,16,69,0.5,0.7,0.13104356485186028,0.9178468004400903,105,v2,panic_len,0.00037038511620193743,,,,,,,,
220420,1,0,27,62,0.5,0.7,0.15421607768496787,0.933043287926533,58,v2,,0.0010675315134169754,-0.5339697317170726,86.0,-5.0,61.0,-2.0,7.0,21.0,40.0
220421,1,0,27,26,0.5,0.7,0.11972134744151958,0.7024884526743724,108,v2,,0.00047146218576816286,-0.40821375088031975,108.0,-56.0,96.0,47.0,9.0,13.0,24.0
220422,1,0,29,28,0.5,0.7,0.13612612818888276,0.9514384085599974,55,v2,,0.00039976225069517714,-0.3666920286265053,47.0,92.0,2.0,-97.0,5.0,7.0,9.0
220423,1,0,28,59,0.5,0.7,0.24581983414446637,0.9008639029606229,63,v2,,0.0002569874986314372,-0.6349978216217067,119.0,-52.0,70.0,-16.0,68.0,17.0,58.0
220424,1,0,25,38,0.5,0.7,0.22096714376244642,0.811309423102798,87,v2,,0.0007441394933860019,-0.5387277707950804,98.0,-41.0,66.0,4.0,37.0,14.0,24.0
220425,1,0,32,44,0.5,0.7,0.2604501124125611,0.7963126775727585,97,v2,,0.0012825919946194103,-0.5211103680040474,85.0,-32.0,78.0,22.0,10.0,13.0,21.0
220426,1,0,15,63,0.5,0.7,0.28066774307991804,0.8722031844701827,77,v2,,0.00037015523683646656,-0.5002179337479705,59.0,-4.0,20.0,-7.0,11.0,47.0,53.0
220427,1,0,35,19,0.5,0.7,0.166599256584938,0.9618861926339108,80,v2,,0.00018992892791007987,-0.607260870884891,114.0,-49.0,88.0,36.0,13.0,11.0,44.0
220428,1,0,37,36,0.5,0.7,0.22606950458868383,0.9991077131876577,85,v2,,0.00037410588674670244,-0.6004088315869625,88.0,-19.0,66.0,-11.0,30.0,4.0,25.0
220429,1,0,22,66,0.5,0.7,0.21066253224136205,0.826946818388971,52,v2,,0.0003102023730895918,-0.6800024946243641,109.0,-53.0,116.0,41.0,12.0,12.0,34.0
220430,1,0,21,59,0.5,0.7,0.10834952459341807,0.9580385192569177,110,v2,panic_len,0.0004702566017757648,,,,,,,,
220431,1,0,36,50,0.5,0.7,0.10887727102583365,0.976498002497529,99,v2,,0.0005082905957481922,-0.3789816112374399,66.0,22.0,20.0,-23.0,1.0,1.0,76.0
220432,1,0,21,28,0.5,0.7,0.10994369040137407,0.7745783852381487,104,v2,,0.00029596795410499483,-0.4249807441560548,80.0,-26.0,59.0,10.0,16.0,19.0,36.0
220433,1,0,38,54,0.5,0.7,0.2963355711300424,0.8541387892409888,71,v2,,0.0003538906808091427,-0.35624021069386025,82.0,-42.0,123.0,38.0,4.0,18.0,23.0
220434,1,0,15,41,0.5,0.7,0.13557424150725578,0.9850886037563766,85,v2,,0.00040884957055330846,-0.3746197996026337,62.0,-2.0,34.0,-6.0,8.0,8.0,89.0
220435,1,0,37,34,0.5,0.7,0.12038483635135139,0.8133332738420767,67,v2,,0.0004857575034902153,-0.47924387450544803,83.0,-28.0,91.0,21.0,7.0,19.0,33.0
220436,1,0,33,44,0.5,0.7,0.10163173897390032,0.9783056731405502,85,v2,,0.000501492705329439,-0.4037008002649205,25.0,42.0,18.0,-43.0,1.0,10.0,30.0
220437,1,0,26,50,0.5,0.7,0.18454656300538602,0.7489624246655305,108,v2,,0.0002980376791688086,,,,,,,,
220438,1,0,16,18,0.5,0.7,0.17598588889836436,0.750168308569383,110,v2,,0.0005359742749483009,,,,,,,,
220439,1,0,16,30,0.5,0.7,0.1836386027084423,0.8948562697588905,86,v2,,0.0005347053418149803,,,,,,,,
220440,1,0,29,23,0.5,0.7,0.140625118893799,0.9650803983195125,94,v2,,0.0003806489164347264,-0.42882534539487793,43.0,1.0,40.0,-11.0,10.0,21.0,61.0
220441,1,0,22,35,0.5,0.7,0.13256020354233683,0.9611822015669405,108,v2,,0.00031895098530743777,-0.618922383642311,116.0,-74.0,99.0,40.0,34.0,6.0,22.0
220442,1,0,35,34,0.5,0.7,0.23033015767384238,0.8077403632531287,108,v2,,0.00036470168978230017,,,,,,,,
220443,1,0,20,59,0.5,0.7,0.21102197988072466,0.8385811894093638,89,v2,,0.0008923574694021414,-0.4799439460560644,82.0,-37.0,59.0,-1.0,38.0,7.0,22.0
220444,1,0,21,54,0.5,0.7,0.13739590886786107,0.9254446178812468,68,v2,,0.0003078967852054186,-0.3960170504315814,74.0,-4.0,40.0,-8.0,12.0,14.0,58.0
220445,1,0,39,34,0.5,0.7,0.27824115330154076,0.715649472527306,66,v2,,0.0003190770962280595,-0.586684680914154,67.0,15.0,39.0,-30.0,15.0,34.0,78.0
220446,1,0,33,59,0.5,0.7,0.2591712808826947,0.9133892673582982,90,v2,,0.0009311714673186859,-0.47207119653762775,92.0,-26.0,114.0,20.0,6.0,9.0,50.0
220447,1,0,34,58,0.5,0.7,0.12008913387200562,0.823511701972728,78,v2,,0.00041711211631431015,,,,,,,,
220448,1,0,16,22,0.5,0.7,0.1502268230079702,0.9514162948787503,94,v2,,0.0003109851439422846,-0.5009147856757865,104.0,-21.0,87.0,7.0,14.0,,74.0
220449,1,0,24,24,0.5,0.7,0.23556105715042813,0.9877591080125274,99,v2,,0.000313165706715953,-0.5228396687674901,110.0,-56.0,87.0,43.0,13.0,17.0,58.0
220450,1,0,20,18,0.5,0.7,0.11299351397549576,0.915207081136008,86,v2,,0.0002873984600572975,-0.4761502560111327,35.0,3.0,14.0,-9.0,6.0,1.0,43.0
220451,1,0,31,56,0.5,0.7,0.11212916981590629,0.7674888756588726,92,v2,,0.0003886827562368906,,,,,,,,
220452,1,0,27,63,0.5,0.7,0.1923182106373716,0.7817940095950595,50,v2,,0.00024536589812678864,-0.587403050308818,102.0,-51.0,96.0,27.0,24.0,29.0,56.0
220453,1,0,35,40,0.5,0.7,0.23281789857962681,0.7904217787083107,70,v2,,0.0005979839459465742,,,,,,,,
220454,1,0,27,53,0.5,0.7,0.2408401974828531,0.7378674828381256,97,v2,,0.00031775168490804474,,,,,,,,
220455,1,0,26,61,0.5,0.7,0.28749897295293647,0.7709669092324878,53,v2,,0.0007542907787089953,-0.6845433932451913,101.0,-14.0,52.0,10.0,4.0,6.0,63.0
220456,1,0,17,24,0.5,0.7,0.11843601483261759,0.9573745176983623,107,v2,,0.00030259249746806703,-0.38155589532403067,79.0,-1.0,74.0,-8.0,9.0,,15.0
220457,1,0,23,46,0.5,0.7,0.10025028213442902,0.8688571660262465,97,v2,,0.0008220987940342449,-0.6067445452527525,126.0,-79.0,122.0,60.0,19.0,19.0,53.0
220458,1,0,16,53,0.5,0.7,0.10346425194552622,0.9786520636550867,74,v2,,0.0002590983248450137,-0.30783234707110874,49.0,22.0,14.0,-26.0,4.0,10.0,99.0
220459,1,0,37,33,0.5,0.7,0.14642204956114052,0.7684174575166585,99,v2,,0.0006657877705130835,,,,,,,,
220460,1,0,29,26,0.5,0.7,0.1291552111415499,0.7367219990064965,94,v2,,0.00035039219234056366,-0.5957486086686565,45.0,33.0,47.0,-37.0,4.0,10.0,21.0
220461,1,0,37,37,0.5,0.7,0.25489079429779626,0.9953394742760644,85,v2,,0.00030354429980324657,-0.6120981238331282,78.0,-16.0,68.0,-7.0,23.0,14.0,38.0
220462,1,0,19,47,0.5,0.7,0.20667993961559228,0.9649370071681682,70,v2,,0.00031420847868812734,-0.4423523330778366,116.0,-52.0,87.0,42.0,10.0,16.0,49.0
220463,1,0,22,37,0.5,0.7,0.25311207102267574,0.9152985610373239,88,v2,,0.0008834492441084746,-0.5650340024825105,111.0,-56.0,107.0,52.0,4.0,11.0,21.0
220464,1,0,37,67,0.5,0.7,0.15999778225879827,0.9054503880405645,64,v2,,0.00038526387327295845,-0.4881988038287979,75.0,-23.0,71.0,6.0,17.0,12.0,53.0
220465,1,0,33,37,0.5,0.7,0.2835647217666943,0.7556447857836415,53,v2,,0.00017287335277227646,-0.5450571078357842,70.0,-19.0,76.0,8.0,11.0,13.0,21.0
220466,1,0,21,56,0.5,0.7,0.10884147632134622,0.7279083156614384,62,v2,,0.0004590242307815109,,,,,,,,
220467,1,0,15,31,0.5,0.7,0.23334699826904862,0.848606931546851,109,v2,,0.0003240864872320138,-0.5095749312606952,50.0,-5.0,33.0,-4.0,9.0,21.0,41.0
220468,1,0,16,59,0.5,0.7,0.18593244648455662,0.7302060373712126,56,v2,,0.000258380735489707,-0.42760771646721474,122.0,-56.0,107.0,44.0,12.0,11.0,41.0
220469,1,0,15,25,0.5,0.7,0.298729005316443,0.7789449877986906,102,v2,,0.00037250764962376743,-0.4428476206596399,40.0,-7.0,53.0,-6.0,13.0,14.0,49.0
220470,1,0,35,63,0.5,0.7,0.20965073438197313,0.7376069581582018,92,v2,panic_len,0.00045797103805099665,-0.5878998095801294,64.0,-1.0,65.0,-7.0,8.0,17.0,27.0
220471,1,0,39,66,0.5,0.7,0.1652621532955478,0.8581470853102862,50,v2,,0.0004693259894797362,-0.5895192752592999,111.0,-49.0,104.0,40.0,9.0,34.0,45.0
220472,1,0,18,22,0.5,0.7,0.18423043093800623,0.7966299844664411,110,v2,,0.00028784551769073116,,,,,,,,
220473,1,0,26,28,0.5,0.7,0.17148774751018458,0.8753006482388486,54,v2,,0.00040166099975943195,,,,,,,,
220474,1,0,37,23,0.5,0.7,0.24076739854115495,0.8336963642502496,68,v2,,0.0005196599338764854,-0.5130446865463478,55.0,-2.0,54.0,-2.0,4.0,16.0,84.0
220475,1,0,34,15,0.5,0.7,0.27960072238314043,0.9281964852798064,89,v2,,0.0003028906433995984,-0.8090191902582985,119.0,-78.0,107.0,52.0,26.0,10.0,69.0
220476,1,0,40,16,0.5,0.7,0.1818583868966443,0.720240609976112,52,v2,,0.0002632977296426474,-0.39160765143867593,73.0,-1.0,111.0,-8.0,9.0,13.0,21.0
220477,1,0,33,21,0.5,0.7,0.16959151634405073,0.9811587002126647,83,v2,,0.0004334792101490885,-0.341208598642584,19.0,34.0,17.0,-36.0,2.0,15.0,31.0
220478,1,0,30,36,0.5,0.7,0.29051452927967625,0.7596372592071307,77,v2,,0.00024597308127888865,-0.5741228702000498,53.0,6.0,34.0,-12.0,6.0,16.0,41.0
220479,1,0,35,52,0.5,0.7,0.29875030159239846,0.799094810570297,53,v2,,0.0009433180701459922,-0.740773085572471,86.0,3.0,78.0,-6.0,3.0,13.0,28.0
220480,1,0,20,41,0.5,0.7,0.1682618193652165,0.7980372444252908,105,v2,,0.0003469093413860644,-0.5579290242986286,126.0,-77.0,88.0,46.0,31.0,22.0,33.0
220481,1,0,17,56,0.5,0.7,0.20584517318008022,0.8556041568532253,65,v2,,0.00036360052501703945,-0.5929737301776924,117.0,-55.0,98.0,44.0,11.0,17.0,28.0
220482,1,0,28,37,0.5,0.7,0.11274845694337571,0.8781673895070793,70,v2,,0.0007777950625563857,-0.5596948675819275,9.0,39.0,15.0,-41.0,2.0,9.0,23.0
220483,1,0,19,51,0.5,0.7,0.1156850369764923,0.9459592168151124,78,v2,,0.00037499273436831517,-0.39963410575946057,97.0,-63.0,100.0,51.0,12.0,11.0,26.0
220484,1,0,31,15,0.5,0.7,0.23144466236645544,0.8917138222960284,79,v2,,0.0003309736420968037,-0.5760336646830659,88.0,-42.0,72.0,20.0,22.0,12.0,21.0
220485,1,0,24,38,0.5,0.7,0.21575481361459453,0.9274712342886221,108,v2,,0.0004826459684186184,-0.6812128211854085,85.0,-21.0,65.0,5.0,16.0,13.0,31.0
220486,1,0,38,63,0.5,0.7,0.22369176126100476,0.963334817687278,87,v2,,0.0006092800263752124,,,,,,,,
220487,1,0,40,16,0.5,0.7,0.10326280855607749,0.7571743081468767,53,v2,,0.00028989029277480793,-0.3936350868050704,77.0,38.0,79.0,-41.0,3.0,19.0,90.0
220488,1,0,15,28,0.5,0.7,0.2829391986711727,0.7665663619217038,80,v2,,0.0009019330042554071,-0.6163710620475611,58.0,-17.0,36.0,1.0,16.0,15.0,21.0
220489,1,0,17,18,0.5,0.7,0.25010843340829464,0.7646586481982409,103,v2,,0.0020563391578584576,-0.5686723408172343,72.0,-39.0,12.0,34.0,5.0,3.0,15.0
220490,1,0,17,60,0.5,0.7,0.19673453360084944,0.8038940955004358,80,v2,,0.0003532268508682495,,,,,,,,
220491,1,0,16,29,0.5,0.7,0.12018914147983305,0.9521406077155616,104,v2,,0.00046563117872022947,-0.5391920491289385,126.0,-92.0,171.0,81.0,11.0,,62.0
220492,1,0,32,18,0.5,0.7,0.15314430031952322,0.931842347681434,66,v2,,0.00032701426049851234,-0.39134066772791976,62.0,-21.0,40.0,-6.0,27.0,14.0,21.0
220493,1,0,36,56,0.5,0.7,0.21388269634179752,0.8882983940408388,98,v2,panic_len,0.00024734710754610546,-0.5238232298463357,117.0,-45.0,74.0,-3.0,48.0,14.0,38.0
220494,1,0,36,43,0.5,0.7,0.2975361448494133,0.8211701209507427,86,v2,,0.0002640070382727491,-0.5565383722904791,78.0,-18.0,70.0,-7.0,25.0,13.0,32.0
220495,1,0,24,19,0.5,0.7,0.24202746506022857,0.9078738670236688,85,v2,,0.0002763488392568554,-0.47866773120707207,44.0,1.0,40.0,-9.0,8.0,18.0,82.0
220496,1,0,30,63,0.5,0.7,0.21561489225786384,0.8630413073732337,97,v2,panic_len,0.0004275298982116046,-0.6429440525690362,111.0,-20.0,105.0,11.0,9.0,,67.0
220497,1,0,35,38,0.5,0.7,0.17620148899601054,0.9481458751263866,100,v2,,0.0004767215326160541,-0.4904570166773572,47.0,0.0,48.0,-8.0,8.0,9.0,44.0
220498,1,0,21,58,0.5,0.7,0.12480466142492613,0.7942697321769311,91,v2,,0.00047626206553427606,,,,,,,,
220499,1,0,28,47,0.5,0.7,0.2310372575269877,0.9042126539356601,108,v2,,0.0016566944885493193,-0.5461401327790407,123.0,-76.0,134.0,68.0,8.0,15.0,149.0
