seed,topped,top_day,top_day_realised,top_day_offset,attempts,rejected,mania_days,max_x,peak_pv,cap_hits,cap_binding_share,post_top_drop,topped_panel_rule
230000,True,179.0,178.0,-1.0,1,0,109,0.34109440309810407,1.4064860112320037,61,0.5596330275229358,-0.447047204754777,True
230001,False,,,,1,0,130,0.4415761046855578,1.55515637719197,77,0.5923076923076923,,
230002,False,,,,3,1,138,0.4865137084277804,1.6266353979293606,59,0.427536231884058,,
230003,False,,,,1,0,149,0.3505078885659112,1.419788459831234,91,0.610738255033557,,
230004,False,,,,1,0,114,0.3759693132549994,1.456402440835029,55,0.4824561403508772,,
230005,False,,,,2,1,134,0.5084638458922535,1.662735014882095,78,0.582089552238806,,
230006,False,,,,1,0,98,0.4017779911195568,1.4944795081209634,32,0.32653061224489793,,
230007,False,,,,1,0,143,0.39676411991976707,1.487005133789743,86,0.6013986013986014,,
230008,False,,,,1,0,116,0.38953870537964685,1.4762996277092841,60,0.5172413793103449,,
230009,False,,,,1,0,90,0.3142395543303835,1.3692176992924627,26,0.28888888888888886,,
230010,True,191.0,191.0,0.0,1,0,89,0.36783075345477806,1.4445975251425356,13,0.14606741573033707,-0.23573370399497962,False
230011,True,170.0,171.0,1.0,1,0,118,0.3493730484325141,1.4181781408062346,50,0.423728813559322,-0.43119409098271233,True
230012,True,152.0,133.0,-19.0,1,0,88,0.38845572260606315,1.4747016860716395,42,0.4772727272727273,-0.46681729696694274,True
230013,False,,,,1,0,126,0.3938448526085339,1.4826704983691361,43,0.3412698412698413,,
230014,True,154.0,147.0,-7.0,1,0,74,0.32682770872245603,1.3865625639640216,24,0.32432432432432434,-0.39636775222467335,False
230015,False,,,,2,1,145,0.4534520037880204,1.573735360119601,77,0.5310344827586206,,
230016,False,,,,1,0,134,0.3250066334475886,1.384039826905953,45,0.3358208955223881,,
230017,False,,,,1,0,121,0.43916492703191096,1.551411135922886,71,0.5867768595041323,,
230018,False,,,,1,0,98,0.498367904135929,1.6460325942189222,44,0.4489795918367347,,
230019,False,,,,1,0,133,0.5128455839841105,1.6700366695201811,82,0.6165413533834586,,
230020,False,,,,2,1,108,0.5032002778880442,1.6540060888591523,59,0.5462962962962963,,
230021,False,,,,2,1,133,0.4355225527984399,1.5457705946929348,45,0.3383458646616541,,
230022,False,,,,1,0,118,0.560180147400663,1.75098790780551,28,0.23728813559322035,,
230023,True,188.0,145.0,-43.0,1,0,130,0.4431801969894724,1.5576529934341177,55,0.4230769230769231,-0.22478154910229642,False
230024,False,,,,1,0,110,0.36997172779365195,1.447693684590156,24,0.21818181818181817,,
230025,False,,,,2,1,148,0.5148988223423271,1.6734691755402877,100,0.6756756756756757,,
230026,False,,,,2,1,102,0.4821088756034842,1.619486098229944,50,0.49019607843137253,,
230027,False,,,,1,0,92,0.38119192591300893,1.4640285634660146,46,0.5,,
230028,False,,,,1,0,123,0.43731396934912775,1.548542195524423,49,0.3983739837398374,,
230029,False,,,,1,0,145,0.46216824326496164,1.5875123690230866,90,0.6206896551724138,,
230030,False,,,,1,0,108,0.4075798779448569,1.5031755113093317,54,0.5,,
230031,True,154.0,153.0,-1.0,2,1,82,0.34470325758618636,1.4115709845316025,13,0.15853658536585366,-0.40406584250922095,True
230032,False,,,,1,0,103,0.3627381923521435,1.437259524444241,44,0.42718446601941745,,
230033,False,,,,1,0,140,0.37997208085644885,1.462243764270764,70,0.5,,
230034,False,,,,1,0,103,0.42648866491123405,1.5318691629714623,57,0.5533980582524272,,
230035,False,,,,1,0,114,0.3411486084732955,1.406562252400266,55,0.4824561403508772,,
230036,False,,,,2,1,148,0.4736241635936147,1.6058033542389583,92,0.6216216216216216,,
230037,False,,,,1,0,91,0.38114600892543077,1.4639613412279853,23,0.25274725274725274,,
230038,False,,,,1,0,145,0.513696800835565,1.6714588380768727,78,0.5379310344827586,,
230039,False,,,,1,0,134,0.43732596630955856,1.548560773435307,81,0.6044776119402985,,
230040,False,,,,1,0,131,0.5820596797780438,1.789720889029289,84,0.6412213740458015,,
230041,False,,,,1,0,144,0.43084777998365786,1.5385613322998635,59,0.4097222222222222,,
230042,False,,,,1,0,112,0.329855348092928,1.3907669368230497,26,0.23214285714285715,,
230043,False,,,,1,0,97,0.491566325922406,1.634874962553559,46,0.4742268041237113,,
230044,False,,,,1,0,97,0.3940072443299401,1.4829112913345077,46,0.4742268041237113,,
230045,False,,,,1,0,110,0.34305643129655194,1.4092482853905317,61,0.5545454545454546,,
230046,False,,,,1,0,101,0.38326005834468024,1.4670595015293453,32,0.31683168316831684,,
230047,False,,,,1,0,135,0.38832692155988974,1.474511755183591,83,0.6148148148148148,,
230048,False,,,,1,0,97,0.39164550544287235,1.4794131745169368,44,0.4536082474226804,,
230049,False,,,,1,0,119,0.3949121864712908,1.484253847630185,67,0.5630252100840336,,
230050,True,195.0,163.0,-32.0,1,0,136,0.3829471842021482,1.466600568343668,79,0.5808823529411765,-0.3884762839274788,False
230051,False,,,,1,0,127,0.41226233779154536,1.51023057491916,74,0.5826771653543307,,
230052,False,,,,1,0,125,0.4318412318546266,1.5400905784244754,55,0.44,,
230053,False,,,,1,0,133,0.34194387687695726,1.4076812918267543,47,0.3533834586466165,,
230054,False,,,,1,0,90,0.39252868151320786,1.4807203339718193,6,0.06666666666666667,,
230055,False,,,,1,0,126,0.42941584711637365,1.5363597923646826,69,0.5476190476190477,,
230056,False,,,,1,0,94,0.33973172413072134,1.4045707275813268,37,0.39361702127659576,,
230057,True,198.0,199.0,1.0,1,0,115,0.4286855446861139,1.535238194677173,45,0.391304347826087,-0.06705902387146945,False
230058,True,148.0,145.0,-3.0,1,0,80,0.40742050799854324,1.502935969397192,22,0.275,-0.4948415475523342,True
230059,False,,,,1,0,147,0.39851640773895347,1.4896130790407878,89,0.6054421768707483,,
230060,False,,,,1,0,100,0.3530773071870656,1.423441181413872,52,0.52,,
230061,False,,,,1,0,125,0.44123172589066356,1.5546209065205847,74,0.592,,
230062,True,151.0,149.0,-2.0,1,0,74,0.33057455204402514,1.3917675416754194,27,0.36486486486486486,-0.507304981692478,True
230063,True,182.0,180.0,-2.0,1,0,78,0.6615876564371693,1.9378665596673421,21,0.2692307692307692,-0.32255449388327184,False
230064,False,,,,1,0,137,0.5122210241304613,1.668993957314263,70,0.5109489051094891,,
230065,False,,,,1,0,120,0.5491429152803428,1.731768109627463,69,0.575,,
230066,False,,,,1,0,100,0.3738869220424942,1.4533727967372867,47,0.47,,
230067,False,,,,1,0,133,0.5137161385916702,1.6714911606527452,66,0.49624060150375937,,
230068,False,,,,1,0,136,0.48436193745490863,1.6231390141542652,75,0.5514705882352942,,
230069,True,151.0,152.0,1.0,1,0,101,0.40406881508221826,1.4979070220064141,45,0.44554455445544555,-0.3864845866437743,False
230070,False,,,,1,0,112,0.4007760700867203,1.4929829075316343,42,0.375,,
230071,False,,,,1,0,97,0.3538715254866688,1.424572153508477,46,0.4742268041237113,,
230072,False,,,,1,0,149,0.4355173129964548,1.5457624951823243,85,0.5704697986577181,,
230073,True,151.0,152.0,1.0,1,0,80,0.5869986781107019,1.7985821824595596,23,0.2875,-0.542621819563673,True
230074,False,,,,2,1,127,0.36253420561227584,1.4369663724600812,65,0.5118110236220472,,
230075,False,,,,1,0,144,0.41602900124903425,1.5159298320916506,72,0.5,,
230076,False,,,,1,0,138,0.38432015802873504,1.4686155554838334,56,0.4057971014492754,,
230077,False,,,,1,0,140,0.4513473086093332,1.5704266100711735,80,0.5714285714285714,,
230078,False,,,,1,0,133,0.39584927787697777,1.4856453810498311,75,0.5639097744360902,,
230079,False,,,,2,1,113,0.44265086492300054,1.5568286959390523,63,0.5575221238938053,,
230080,False,,,,1,0,113,0.38293513026303133,1.4665828901362548,47,0.415929203539823,,
230081,False,,,,2,1,139,0.37368464916933253,1.4530788485757873,60,0.4316546762589928,,
230082,False,,,,2,1,137,0.4400794668862134,1.5528306122219844,80,0.583941605839416,,
230083,True,153.0,149.0,-4.0,2,1,102,0.30007436461855846,1.3499591930438535,56,0.5490196078431373,-0.31994007749991227,False
230084,False,,,,1,0,132,0.37399489691382504,1.4535297329504413,66,0.5,,
230085,False,,,,1,0,100,0.38582531920692575,1.4708277230203415,46,0.46,,
230086,True,166.0,167.0,1.0,1,0,61,0.30732976672951534,1.3597893074169547,9,0.14754098360655737,-0.41081655326819877,True
230087,False,,,,1,0,130,0.4008248303264389,1.4930557075109592,65,0.5,,
230088,False,,,,1,0,99,0.44156920104972297,1.555145640995735,36,0.36363636363636365,,
230089,False,,,,2,1,106,0.3576448991929111,1.4299577511612918,47,0.44339622641509435,,
230090,False,,,,1,0,130,0.48294235177654465,1.6208364639760855,68,0.5230769230769231,,
230091,False,,,,2,1,124,0.3418650429034866,1.40757032309125,77,0.6209677419354839,,
230092,False,,,,1,0,93,0.41768635547917227,1.5184443479576362,32,0.34408602150537637,,
230093,False,,,,1,0,144,0.34673609013818746,1.4144433905494835,56,0.3888888888888889,,
230094,False,,,,1,0,130,0.47141055867994575,1.6022526713979965,68,0.5230769230769231,,
230095,False,,,,1,0,94,0.37921584290858995,1.46113837806738,35,0.3723404255319149,,
230096,False,,,,1,0,129,0.4573827692842296,1.5799335185463645,72,0.5581395348837209,,
230097,False,,,,1,0,104,0.32903353490432274,1.389624455729408,30,0.28846153846153844,,
230098,False,,,,1,0,137,0.3110489371570495,1.3648560117248743,82,0.5985401459854015,,
230099,False,,,,1,0,108,0.3967917919701452,1.4870462828400544,62,0.5740740740740741,,
230100,False,,,,1,0,148,0.3629170992853516,1.4375166831410344,67,0.4527027027027027,,
230101,False,,,,1,0,139,0.4388432059134613,1.550912094477452,65,0.4676258992805755,,
230102,False,,,,1,0,130,0.3890524004252321,1.4755818704247357,67,0.5153846153846153,,
230103,True,160.0,118.0,-42.0,1,0,109,0.4020370441231095,1.4948667076767286,53,0.48623853211009177,-0.4589240888687529,True
230104,True,162.0,157.0,-5.0,1,0,97,0.46148046628443845,1.5864208899494932,20,0.20618556701030927,-0.4390946211904434,True
230105,False,,,,1,0,103,0.3012461427008131,1.3515419727904037,21,0.20388349514563106,,
230106,False,,,,1,0,141,0.40691965554192244,1.5021834087014443,80,0.5673758865248227,,
230107,True,133.0,134.0,1.0,1,0,70,0.39692634010743777,1.487246375608231,23,0.32857142857142857,-0.41830513838457617,True
230108,False,,,,1,0,144,0.44753341720608636,1.564448580547548,90,0.625,,
230109,False,,,,1,0,145,0.6244061173077579,1.8671367678900883,66,0.45517241379310347,,
230110,False,,,,1,0,109,0.4214519374066108,1.5241729535498572,55,0.5045871559633027,,
230111,True,192.0,192.0,0.0,1,0,102,0.3632043463267118,1.4379296648662223,35,0.3431372549019608,-0.20412322047190423,False
230112,False,,,,1,0,133,0.4879669105838595,1.6290009463905517,87,0.6541353383458647,,
230113,False,,,,1,0,135,0.4138459460501055,1.5126240832194813,80,0.5925925925925926,,
230114,False,,,,1,0,96,0.34722915595637893,1.4151409762008171,51,0.53125,,
230115,False,,,,1,0,138,0.3722008792627774,1.4509244126472793,82,0.5942028985507246,,
230116,False,,,,1,0,137,0.3507259140495263,1.420098043644174,59,0.4306569343065693,,
230117,True,163.0,142.0,-21.0,1,0,111,0.4129972929530262,1.5113409346575526,52,0.46846846846846846,-0.5028666567763906,True
230118,False,,,,1,0,121,0.41006463008942606,1.5069151740281475,74,0.6115702479338843,,
230119,False,,,,1,0,111,0.36546351058891213,1.4411818564108843,36,0.32432432432432434,,
230120,False,,,,1,0,138,0.4071394874339723,1.5025136728223483,87,0.6304347826086957,,
230121,False,,,,1,0,128,0.3985649574055109,1.4896854010146645,80,0.625,,
230122,False,,,,1,0,143,0.5042746637547557,1.655784084580185,84,0.5874125874125874,,
230123,False,,,,1,0,103,0.3762372448664162,1.4567927093681772,44,0.42718446601941745,,
230124,True,192.0,164.0,-28.0,2,1,133,0.3737484109546043,1.4531715024311695,65,0.48872180451127817,-0.3925700198834501,False
230125,False,,,,2,1,135,0.3797623145688036,1.4619370669931997,76,0.562962962962963,,
230126,True,174.0,175.0,1.0,1,0,121,0.49750040579936233,1.6446052828661257,69,0.5702479338842975,-0.4309729228281385,True
230127,True,192.0,188.0,-4.0,1,0,101,0.524633202150774,1.6898389054131249,50,0.49504950495049505,-0.28480083812037116,False
230128,False,,,,1,0,92,0.3527302845349167,1.42294730077876,41,0.44565217391304346,,
230129,False,,,,2,1,123,0.36500858758514704,1.4405263787390343,51,0.4146341463414634,,
230130,True,164.0,134.0,-30.0,1,0,98,0.3227929460993857,1.3809793841332312,29,0.29591836734693877,-0.4005674083582563,True
230131,False,,,,1,0,105,0.4227312557656779,1.5261241037967799,41,0.3904761904761905,,
230132,False,,,,2,1,130,0.3737210616097721,1.4531317596861206,57,0.43846153846153846,,
230133,False,,,,1,0,90,0.3604181921304782,1.4339289469930276,39,0.43333333333333335,,
230134,True,174.0,163.0,-11.0,1,0,120,0.3961619258992955,1.4861099377576656,46,0.38333333333333336,-0.5649234934497249,True
230135,False,,,,1,0,146,0.465980265427368,1.593575550505725,99,0.678082191780822,,
230136,False,,,,1,0,112,0.41945351349937926,1.5211300513976342,66,0.5892857142857143,,
230137,False,,,,1,0,92,0.3310713777472305,1.3924591793604733,31,0.33695652173913043,,
230138,False,,,,1,0,129,0.39118864238682727,1.4787374396637722,54,0.4186046511627907,,
230139,False,,,,1,0,112,0.34548522666392906,1.412675221075693,53,0.4732142857142857,,
230140,False,,,,1,0,117,0.35059637915600883,1.419914103308909,47,0.4017094017094017,,
230141,False,,,,2,1,93,0.38477337018034,1.4692813007501413,21,0.22580645161290322,,
230142,False,,,,1,0,129,0.4805235374380754,1.6169206991598994,58,0.4496124031007752,,
230143,False,,,,1,0,96,0.3954697159317533,1.485081593601985,45,0.46875,,
230144,True,192.0,184.0,-8.0,3,1,85,0.3327493565528827,1.3947976577610854,32,0.3764705882352941,-0.36981129759003917,False
230145,False,,,,1,0,137,0.46435227187357864,1.5909833304133525,68,0.49635036496350365,,
230146,False,,,,1,0,134,0.4326092952743836,1.5412739200434074,62,0.4626865671641791,,
230147,True,186.0,106.0,-80.0,1,0,135,0.3962721967596465,1.4862738214147082,46,0.34074074074074073,-0.43617880191715797,True
230148,True,199.0,164.0,-35.0,1,0,120,0.40026664251958594,1.492222534575194,59,0.49166666666666664,-0.2087661198342604,False
230149,False,,,,1,0,120,0.4338618753533207,1.5432056986529676,47,0.39166666666666666,,
230150,False,,,,1,0,123,0.44154474218598305,1.5551076043655743,50,0.4065040650406504,,
230151,False,,,,2,1,103,0.3067171102079647,1.3589564787748305,17,0.1650485436893204,,
230152,False,,,,2,1,111,0.3994518322906705,1.4910071516106824,57,0.5135135135135135,,
230153,True,193.0,172.0,-21.0,2,1,141,0.4460767257165084,1.5621713206496246,76,0.5390070921985816,-0.36705259139935686,False
230154,False,,,,1,0,98,0.3228938657716743,1.3811187591528375,42,0.42857142857142855,,
230155,False,,,,1,0,118,0.36592886452118767,1.4418526721261489,61,0.5169491525423728,,
230156,False,,,,1,0,107,0.3090983017488926,1.3621962701977224,39,0.3644859813084112,,
230157,False,,,,1,0,114,0.35884784263972275,1.4316789445088403,38,0.3333333333333333,,
230158,False,,,,1,0,126,0.42735961700380926,1.533203928798674,70,0.5555555555555556,,
230159,False,,,,1,0,135,0.44826522679242187,1.5655938780348486,82,0.6074074074074074,,
230160,False,,,,1,0,138,0.40333377998764797,1.496806412319761,72,0.5217391304347826,,
230161,False,,,,1,0,141,0.4814418604282118,1.618406236608363,92,0.6524822695035462,,
230162,False,,,,2,1,93,0.36575130836690467,1.4415966850373576,44,0.4731182795698925,,
230163,False,,,,1,0,102,0.34049106615984487,1.4056376822081342,54,0.5294117647058824,,
230164,True,152.0,149.0,-3.0,1,0,99,0.4655825229373944,1.5929418438326952,52,0.5252525252525253,-0.44020747192041854,True
230165,False,,,,1,0,129,0.387457664469807,1.473230582300965,65,0.5038759689922481,,
230166,True,198.0,191.0,-7.0,1,0,135,0.4804741377175577,1.6168408257021412,89,0.6592592592592592,-0.16554384911994002,False
230167,False,,,,1,0,92,0.3429513906978277,1.4091002648811009,26,0.2826086956521739,,
230168,False,,,,1,0,97,0.4152815305525336,1.514797142343146,47,0.4845360824742268,,
230169,True,167.0,167.0,0.0,2,1,116,0.7333769676648099,2.082099933135022,65,0.5603448275862069,-0.5128279553141872,True
230170,False,,,,1,0,109,0.42892038492597895,1.535598772720521,47,0.43119266055045874,,
230171,False,,,,1,0,97,0.30915330008972775,1.3622711907927105,31,0.31958762886597936,,
230172,False,,,,1,0,116,0.4325768178016251,1.5412238641745042,35,0.3017241379310345,,
230173,False,,,,1,0,129,0.38679397961424195,1.4722531458654946,55,0.4263565891472868,,
230174,False,,,,1,0,144,0.5213309001193993,1.6842677508434873,70,0.4861111111111111,,
230175,False,,,,1,0,145,0.3816504973956366,1.4647000791721816,69,0.47586206896551725,,
230176,True,178.0,175.0,-3.0,1,0,99,0.39345412184080314,1.4820912865523246,22,0.2222222222222222,-0.3382066821060772,False
230177,False,,,,1,0,94,0.4634714191598941,1.5895825254713223,20,0.2127659574468085,,
230178,False,,,,1,0,147,0.44719602351431026,1.5639208344994633,57,0.3877551020408163,,
230179,True,80.0,72.0,-8.0,1,0,15,0.3983667683837107,1.489390190976908,0,0.0,-0.4786381438444164,True
230180,False,,,,1,0,95,0.32112652038448225,1.3786800009834752,31,0.3263157894736842,,
230181,True,158.0,152.0,-6.0,3,1,70,0.38729325292037975,1.4729883860887383,15,0.21428571428571427,-0.4918666996028721,True
230182,True,177.0,169.0,-8.0,1,0,102,0.35046973166105244,1.4197342861316098,34,0.3333333333333333,-0.4906005882801251,True
230183,False,,,,1,0,94,0.35874963524414416,1.431538349952221,13,0.13829787234042554,,
230184,False,,,,3,1,92,0.32574505270081616,1.3850622059871176,31,0.33695652173913043,,
230185,False,,,,2,1,142,0.37602578895461153,1.4564846945044372,89,0.6267605633802817,,
230186,False,,,,1,0,119,0.4654141924712095,1.5926737257563708,56,0.47058823529411764,,
230187,True,136.0,137.0,1.0,1,0,66,0.3812207217313284,1.4640707219735343,13,0.19696969696969696,-0.4034573091591698,True
230188,False,,,,1,0,120,0.4013473911251413,1.4938361237836992,40,0.3333333333333333,,
230189,True,181.0,180.0,-1.0,1,0,125,0.39426773778944235,1.4832976303441303,73,0.584,-0.38313395171416886,False
230190,False,,,,1,0,121,0.3901948065414448,1.477268547430106,60,0.49586776859504134,,
230191,True,174.0,148.0,-26.0,1,0,120,0.40805278829899033,1.5038865466874543,69,0.575,-0.5014640614916985,True
230192,True,195.0,194.0,-1.0,1,0,122,0.5069155538974933,1.6601626075019056,64,0.5245901639344263,-0.25329294273843095,False
230193,False,,,,2,1,142,0.4536529013931734,1.57405155154458,94,0.6619718309859155,,
230194,False,,,,2,1,108,0.3037578668334914,1.354940940227119,22,0.2037037037037037,,
230195,False,,,,1,0,131,0.3930251002008703,1.4814555736950752,79,0.6030534351145038,,
230196,False,,,,1,0,136,0.42105013141866016,1.5235606547513483,55,0.40441176470588236,,
230197,False,,,,1,0,111,0.33454356659615275,1.3973024641293872,48,0.43243243243243246,,
230198,False,,,,1,0,141,0.444326377721367,1.5594393688411377,78,0.5531914893617021,,
230199,False,,,,1,0,150,0.33401699472484764,1.3965668776426448,83,0.5533333333333333,,
230200,False,,,,1,0,114,0.4733198493237572,1.6053147597105923,69,0.6052631578947368,,
230201,False,,,,1,0,94,0.6137188632947643,1.847288453879633,43,0.4574468085106383,,
230202,False,,,,2,1,121,0.40234141058614864,1.4953217642177212,36,0.2975206611570248,,
230203,True,200.0,190.0,-10.0,1,0,111,0.4395338522846771,1.5519835962593946,45,0.40540540540540543,-0.10636302398468922,False
230204,False,,,,2,1,106,0.4654400483857409,1.5927149063244788,56,0.5283018867924528,,
230205,False,,,,1,0,105,0.3802879640862255,1.4627057355143855,39,0.37142857142857144,,
230206,False,,,,2,1,126,0.45138575202521647,1.5704869837949376,76,0.6031746031746031,,
230207,True,193.0,173.0,-20.0,1,0,110,0.3607403058033118,1.4343909095109533,31,0.2818181818181818,-0.1923306057944807,False
230208,False,,,,1,0,124,0.42484567440819826,1.5293543829303726,38,0.3064516129032258,,
230209,False,,,,1,0,132,0.5162254254610361,1.6756906781679828,85,0.6439393939393939,,
230210,False,,,,1,0,94,0.3107363792051577,1.3644294817863567,35,0.3723404255319149,,
230211,False,,,,1,0,142,0.4537918123289238,1.5742702197058722,90,0.6338028169014085,,
230212,False,,,,1,0,99,0.3404952550629112,1.4056435703004637,20,0.20202020202020202,,
230213,False,,,,2,1,132,0.44603189390165204,1.5621012872440774,86,0.6515151515151515,,
230214,False,,,,1,0,121,0.34738042734265495,1.4153550627302383,65,0.5371900826446281,,
230215,False,,,,1,0,94,0.3963294660611275,1.486358941715637,30,0.3191489361702128,,
230216,False,,,,1,0,135,0.36081298129494627,1.4344951583636203,53,0.3925925925925926,,
230217,False,,,,1,0,111,0.3908501868643074,1.4782370374976763,32,0.2882882882882883,,
230218,False,,,,2,1,113,0.4958294908483351,1.6418595818656958,62,0.5486725663716814,,
230219,False,,,,1,0,149,0.5073905599032664,1.6609513820325175,92,0.6174496644295302,,
230220,False,,,,2,1,106,0.32358738976669094,1.3820769303712386,28,0.2641509433962264,,
230221,False,,,,1,0,113,0.3753325751854906,1.4554753891323013,57,0.504424778761062,,
230222,False,,,,1,0,113,0.37272066418564614,1.4516787773179023,59,0.5221238938053098,,
230223,False,,,,1,0,124,0.39338128194342825,1.481983335106746,70,0.5645161290322581,,
230224,False,,,,1,0,133,0.5181298155140246,1.678884887372119,72,0.5413533834586466,,
230225,False,,,,1,0,135,0.47959417582244507,1.615418693188039,78,0.5777777777777777,,
230226,False,,,,1,0,143,0.4616026156093593,1.5866146820257854,75,0.5244755244755245,,
230227,False,,,,1,0,116,0.4249125694292777,1.5294566925460205,62,0.5344827586206896,,
230228,True,152.0,145.0,-7.0,1,0,99,0.44459000353976935,1.559850531515164,47,0.47474747474747475,-0.5378718976145014,True
230229,False,,,,1,0,96,0.32941294738684296,1.3901517966274608,28,0.2916666666666667,,
230230,True,180.0,150.0,-30.0,2,1,85,0.34377539328081064,1.410261845646096,29,0.3411764705882353,-0.40295520464178103,True
230231,False,,,,3,1,142,0.45160348371257963,1.57082896580471,62,0.43661971830985913,,
230232,False,,,,1,0,147,0.43465768232753366,1.5444342813030822,60,0.40816326530612246,,
230233,False,,,,1,0,113,0.5350163307961326,1.7074761264710479,64,0.5663716814159292,,
230234,False,,,,1,0,122,0.4562617650148515,1.5781633986680794,76,0.6229508196721312,,
230235,False,,,,2,1,149,0.4515296815497177,1.5707130395074058,95,0.6375838926174496,,
230236,False,,,,2,1,112,0.36040517744127176,1.4339102849748788,54,0.48214285714285715,,
230237,True,200.0,145.0,-55.0,1,0,119,0.36454614855378425,1.439860377120238,70,0.5882352941176471,-0.28704770469896856,False
230238,False,,,,1,0,148,0.3807167992966947,1.4633331297510843,58,0.3918918918918919,,
230239,False,,,,1,0,92,0.39653839779543026,1.486669521711005,38,0.41304347826086957,,
230240,False,,,,1,0,145,0.4329295052743325,1.5417675303905327,67,0.46206896551724136,,
230241,False,,,,1,0,91,0.39456181459459594,1.4837338979172967,23,0.25274725274725274,,
230242,False,,,,1,0,137,0.4714005594297049,1.6022366501526863,85,0.6204379562043796,,
230243,False,,,,1,0,110,0.3446959911379403,1.4115607274613637,59,0.5363636363636364,,
230244,False,,,,1,0,149,0.46751410136330396,1.596021709475406,97,0.6510067114093959,,
230245,False,,,,1,0,102,0.4940660150668844,1.6389667537224057,30,0.29411764705882354,,
230246,False,,,,1,0,95,0.3498571031438094,1.4188647827894842,42,0.4421052631578947,,
230247,True,164.0,163.0,-1.0,1,0,79,0.3740142599079731,1.4535578779106388,18,0.22784810126582278,-0.47361972624054915,True
230248,True,199.0,187.0,-12.0,1,0,110,0.393585064591032,1.4822853683680024,49,0.44545454545454544,-0.07022066552353434,False
230249,False,,,,1,0,111,0.3718281573271462,1.4503837220616231,51,0.4594594594594595,,
230250,False,,,,1,0,113,0.3277083400587839,1.3877841522131271,59,0.5221238938053098,,
230251,False,,,,1,0,144,0.35520701974473173,1.4264759323996166,91,0.6319444444444444,,
230252,False,,,,1,0,132,0.42885791239173615,1.5355028429701274,78,0.5909090909090909,,
230253,False,,,,1,0,148,0.5060822719142971,1.658779800126148,80,0.5405405405405406,,
230254,False,,,,1,0,112,0.5093273416482541,1.664171399577593,59,0.5267857142857143,,
230255,True,194.0,166.0,-28.0,1,0,141,0.35369468566308887,1.424320254693701,62,0.4397163120567376,-0.2239339377419377,False
230256,False,,,,1,0,149,0.4268273905945362,1.5323881342899144,62,0.4161073825503356,,
230257,False,,,,1,0,98,0.48764269632839546,1.628472886668438,49,0.5,,
230258,False,,,,1,0,137,0.37133548829723856,1.4496693389119577,50,0.36496350364963503,,
230259,False,,,,1,0,145,0.4147487332253423,1.5139902774412872,59,0.4068965517241379,,
230260,False,,,,2,1,103,0.3747175647405929,1.4545805317672122,33,0.32038834951456313,,
230261,True,196.0,161.0,-35.0,1,0,133,0.4393455267811136,1.5516913456870887,88,0.6616541353383458,-0.17527949173027668,False
230262,True,131.0,132.0,1.0,1,0,71,0.302379521191417,1.353074649779012,13,0.18309859154929578,-0.4415369100550831,True
230263,False,,,,1,0,113,0.4291950163215813,1.5360205542691352,57,0.504424778761062,,
230264,False,,,,1,0,143,0.379725169410337,1.4618827641177288,74,0.5174825174825175,,
230265,False,,,,1,0,103,0.44671377410062163,1.5631668164209718,50,0.4854368932038835,,
230266,False,,,,1,0,139,0.349137216477395,1.417843728516683,61,0.43884892086330934,,
230267,True,189.0,182.0,-7.0,1,0,110,0.3697660427830904,1.4473959463205504,55,0.5,-0.4384347082571598,True
230268,True,171.0,172.0,1.0,1,0,93,0.45125588081103196,1.5702830359872524,9,0.0967741935483871,-0.47131406505291584,True
230269,False,,,,3,1,138,0.41310656938547086,1.5115060976271453,66,0.4782608695652174,,
230270,False,,,,1,0,119,0.35420725970972894,1.4250505114296974,42,0.35294117647058826,,
230271,False,,,,1,0,124,0.39316409862427215,1.4816615079960986,36,0.2903225806451613,,
230272,False,,,,1,0,104,0.45283189296546944,1.572759772308502,22,0.21153846153846154,,
230273,False,,,,1,0,128,0.4660180375431991,1.5936357443628217,83,0.6484375,,
230274,False,,,,2,1,142,0.33707875673365945,1.4008493857161468,71,0.5,,
230275,False,,,,1,0,112,0.3369644085016597,1.400689210223659,48,0.42857142857142855,,
230276,False,,,,1,0,113,0.34905334807044774,1.417724821208225,67,0.5929203539823009,,
230277,False,,,,1,0,91,0.38353170802634196,1.4674580819105805,41,0.45054945054945056,,
230278,False,,,,1,0,99,0.3273331594963285,1.3872635802346833,19,0.1919191919191919,,
230279,False,,,,2,1,124,0.4194829922445831,1.521174893063776,63,0.5080645161290323,,
230280,False,,,,1,0,95,0.33850666550388564,1.402851099632093,34,0.35789473684210527,,
230281,False,,,,4,1,148,0.4619306216238807,1.5871351865438574,76,0.5135135135135135,,
230282,True,168.0,169.0,1.0,1,0,90,0.3547279633732268,1.4257927336738192,31,0.34444444444444444,-0.3421252134767859,False
230283,False,,,,1,0,125,0.4937441299159288,1.6384392795590772,72,0.576,,
230284,False,,,,1,0,133,0.41698283386861007,1.5173764652277462,68,0.5112781954887218,,
230285,False,,,,1,0,107,0.4502935023234626,1.5687725563171737,48,0.4485981308411215,,
230286,False,,,,2,1,114,0.42563899419064694,1.5305681313984045,66,0.5789473684210527,,
230287,False,,,,1,0,101,0.3360908591826381,1.3994661733871787,47,0.46534653465346537,,
230288,False,,,,1,0,112,0.517716751575101,1.6781915437750186,65,0.5803571428571429,,
230289,True,185.0,167.0,-18.0,2,1,121,0.46155515957545706,1.586539389372205,43,0.35537190082644626,-0.4112844834366419,True
230290,False,,,,1,0,116,0.5660442500777426,1.7612860458418638,59,0.5086206896551724,,
230291,False,,,,1,0,102,0.395892176152799,1.4857091140421679,39,0.38235294117647056,,
230292,True,194.0,192.0,-2.0,1,0,126,0.4200959833521132,1.5221076456015203,47,0.373015873015873,-0.11708934749042443,False
230293,True,173.0,171.0,-2.0,1,0,111,0.35028451643351943,1.4194713540730295,40,0.36036036036036034,-0.3065873865583002,False
230294,False,,,,1,0,129,0.3429208760541747,1.4090572673446773,40,0.31007751937984496,,
230295,False,,,,1,0,108,0.42395472919534993,1.5279924187719678,54,0.5,,
230296,True,176.0,170.0,-6.0,1,0,108,0.3580921617721916,1.4305974608017662,43,0.39814814814814814,-0.5651614584859326,True
230297,False,,,,1,0,139,0.4410778608291217,1.5543817230805879,73,0.5251798561151079,,
230298,False,,,,1,0,139,0.4790832616784744,1.6145935637323583,77,0.5539568345323741,,
230299,False,,,,1,0,142,0.40709135551011577,1.50244135568905,75,0.528169014084507,,
230300,True,167.0,169.0,2.0,1,0,89,0.3372361745155409,1.4010699216768816,32,0.3595505617977528,-0.30519709161508,False
230301,True,129.0,121.0,-8.0,1,0,74,0.47570002340356116,1.6091402391390535,8,0.10810810810810811,-0.5086670765044172,True
230302,False,,,,1,0,126,0.4617221304227512,1.5868043173153201,74,0.5873015873015873,,
230303,False,,,,1,0,103,0.42772835278188953,1.5337693801869872,27,0.2621359223300971,,
230304,False,,,,1,0,126,0.42800798646712296,1.5341983337432037,55,0.4365079365079365,,
230305,False,,,,1,0,135,0.4509311905240487,1.5697732631012835,54,0.4,,
230306,True,164.0,148.0,-16.0,1,0,103,0.3699093436479275,1.4476033742733674,41,0.39805825242718446,-0.4746649273807534,True
230307,False,,,,1,0,132,0.48042950166432885,1.616768657919637,52,0.3939393939393939,,
230308,False,,,,1,0,145,0.39147353672466667,1.479158783603885,93,0.6413793103448275,,
230309,True,189.0,189.0,0.0,1,0,81,0.33242234765910245,1.3943416210900612,12,0.14814814814814814,-0.2253900215270741,False
230310,False,,,,1,0,138,0.4330997045488205,1.5420299604377026,53,0.38405797101449274,,
230311,False,,,,1,0,112,0.4309551921322544,1.5387266013541065,45,0.4017857142857143,,
230312,False,,,,1,0,131,0.47145886412377586,1.6023300707938073,58,0.44274809160305345,,
230313,False,,,,1,0,106,0.33224303484356627,1.3940916201830176,45,0.42452830188679247,,
230314,False,,,,1,0,123,0.4751959597243209,1.6083293343806873,66,0.5365853658536586,,
230315,True,150.0,146.0,-4.0,1,0,92,0.34545376105897607,1.4126307710945862,45,0.4891304347826087,-0.42987888907543426,True
230316,False,,,,1,0,117,0.3939199247902492,1.4827818098563597,53,0.452991452991453,,
230317,True,169.0,168.0,-1.0,1,0,117,0.41543764992553756,1.5150336499844685,65,0.5555555555555556,-0.4276341597078068,True
230318,False,,,,1,0,137,0.40640852554256424,1.5014157938889097,76,0.5547445255474452,,
230319,False,,,,1,0,127,0.44262961480641116,1.5567956134992575,73,0.5748031496062992,,
230320,False,,,,1,0,110,0.34781296285135443,1.4159673864686202,60,0.5454545454545454,,
230321,False,,,,1,0,129,0.4150072624923277,1.5143817388378709,82,0.6356589147286822,,
230322,False,,,,1,0,125,0.4359223668441228,1.5463887390512605,50,0.4,,
230323,False,,,,1,0,115,0.3518764948041436,1.4217329214719836,33,0.28695652173913044,,
230324,True,179.0,173.0,-6.0,2,1,95,0.6041104527723001,1.8296239478750431,47,0.49473684210526314,-0.3868666073299656,False
230325,False,,,,1,0,96,0.38200601875752427,1.4652209039157609,45,0.46875,,
230326,False,,,,1,0,111,0.5267160476956301,1.69336224686305,28,0.25225225225225223,,
230327,False,,,,2,1,131,0.32312573651459564,1.381439037315718,61,0.46564885496183206,,
230328,False,,,,1,0,118,0.35039963659926177,1.4196347732568184,71,0.6016949152542372,,
230329,False,,,,1,0,121,0.4339195724648133,1.5432947397329007,70,0.5785123966942148,,
230330,False,,,,1,0,132,0.4522686243827726,1.5718741355897163,75,0.5681818181818182,,
230331,False,,,,1,0,129,0.39204556294772847,1.4800051432630599,75,0.5813953488372093,,
230332,False,,,,1,0,111,0.3464819963329951,1.4140840349031047,63,0.5675675675675675,,
230333,False,,,,2,1,95,0.30088306718050395,1.3510513500573549,10,0.10526315789473684,,
230334,False,,,,1,0,147,0.4182568375157321,1.5193108403173248,88,0.5986394557823129,,
230335,False,,,,1,0,148,0.4006249254162257,1.4927572681745442,86,0.581081081081081,,
230336,False,,,,1,0,131,0.3728356305595675,1.45184568115701,73,0.5572519083969466,,
230337,False,,,,1,0,109,0.44396558483102994,1.558876835689031,56,0.5137614678899083,,
230338,False,,,,2,1,110,0.36898403082005443,1.4462645078321548,59,0.5363636363636364,,
230339,True,193.0,194.0,1.0,1,0,102,0.3635728449885031,1.438459637664612,21,0.20588235294117646,-0.2273477684682289,False
230340,False,,,,1,0,142,0.4696059640515542,1.599363862182627,93,0.6549295774647887,,
230341,False,,,,2,1,114,0.34265107366992065,1.408677151614768,68,0.5964912280701754,,
230342,False,,,,1,0,94,0.39758547464356253,1.4882269942024087,21,0.22340425531914893,,
230343,False,,,,1,0,121,0.4262658145583265,1.531527823423118,66,0.5454545454545454,,
230344,False,,,,1,0,115,0.3174715445810231,1.3736501565184844,58,0.5043478260869565,,
230345,False,,,,1,0,98,0.4487720127993766,1.5663875001861256,37,0.37755102040816324,,
230346,False,,,,1,0,126,0.4105951546287972,1.5077148416096016,38,0.30158730158730157,,
230347,False,,,,1,0,127,0.3402937080442893,1.4053602955771716,76,0.5984251968503937,,
230348,False,,,,1,0,111,0.44182672553638164,1.5555461806507829,40,0.36036036036036034,,
230349,False,,,,1,0,143,0.4748160550130067,1.6077184385376633,97,0.6783216783216783,,
230350,False,,,,1,0,108,0.40864314508989696,1.5047746384427505,49,0.4537037037037037,,
230351,False,,,,1,0,148,0.4396891841328211,1.552224687463777,70,0.47297297297297297,,
230352,False,,,,1,0,149,0.5325287370235834,1.7032338981500574,63,0.4228187919463087,,
230353,False,,,,1,0,98,0.3191479245614507,1.375954847370056,50,0.5102040816326531,,
230354,False,,,,1,0,120,0.3902865556843655,1.4774040917711397,57,0.475,,
230355,False,,,,1,0,123,0.3272191113794732,1.3871053744574826,58,0.4715447154471545,,
230356,False,,,,1,0,149,0.3566499336445207,1.4285357000264902,85,0.5704697986577181,,
230357,False,,,,1,0,130,0.4425852529868855,1.556726552745055,62,0.47692307692307695,,
230358,False,,,,1,0,105,0.39800304186317914,1.4888485587739997,42,0.4,,
230359,False,,,,1,0,138,0.3527056856049327,1.4229122982282518,55,0.39855072463768115,,
230360,False,,,,1,0,113,0.45802559607047144,1.5809494686375487,56,0.49557522123893805,,
230361,False,,,,1,0,121,0.3817122527619638,1.4647905350551695,41,0.33884297520661155,,
230362,False,,,,2,1,105,0.48697625506928177,1.6273879667052824,59,0.5619047619047619,,
230363,False,,,,1,0,115,0.42013686044273113,1.52216986620537,66,0.5739130434782609,,
230364,False,,,,1,0,125,0.37356853632310405,1.4529101372498505,39,0.312,,
230365,False,,,,1,0,142,0.3891876274627766,1.47578142248184,80,0.5633802816901409,,
230366,False,,,,1,0,116,0.4082794890761751,1.5042275175841093,67,0.5775862068965517,,
230367,False,,,,2,1,124,0.5032818028958637,1.6541409372151616,78,0.6290322580645161,,
230368,False,,,,1,0,99,0.3950813835768436,1.4845050003316655,44,0.4444444444444444,,
230369,False,,,,1,0,140,0.3783972679643385,1.4599428161962644,71,0.5071428571428571,,
230370,False,,,,1,0,119,0.44732928287549717,1.5641292554775303,45,0.37815126050420167,,
230371,False,,,,1,0,114,0.3824342576251327,1.4658485028279826,60,0.5263157894736842,,
230372,False,,,,1,0,93,0.3011165093831104,1.3513667792761601,15,0.16129032258064516,,
230373,False,,,,1,0,140,0.45663416753994734,1.5787512201490657,89,0.6357142857142857,,
230374,False,,,,1,0,128,0.45908748062860955,1.5826291461194484,78,0.609375,,
230375,False,,,,1,0,132,0.4804447760394617,1.6167933532392234,80,0.6060606060606061,,
230376,False,,,,1,0,135,0.4748815748978403,1.6078237795155275,57,0.4222222222222222,,
230377,False,,,,1,0,111,0.3690553544609185,1.4463676643612118,63,0.5675675675675675,,
230378,True,193.0,190.0,-3.0,1,0,136,0.420805825372089,1.5231884851345694,71,0.5220588235294118,-0.16819144593606117,False
230379,False,,,,1,0,99,0.30236702555561557,1.3530577423566112,14,0.1414141414141414,,
230380,False,,,,2,1,99,0.3524953766044603,1.4226130784304627,28,0.2828282828282828,,
230381,False,,,,1,0,126,0.3484771131545899,1.4169081139953714,64,0.5079365079365079,,
230382,False,,,,1,0,95,0.39189801132946295,1.479786782219289,40,0.42105263157894735,,
230383,False,,,,1,0,121,0.4475400699114496,1.5644589883976308,64,0.5289256198347108,,
230384,True,171.0,151.0,-20.0,1,0,110,0.3847543119372338,1.4692532990967522,57,0.5181818181818182,-0.5089541539420925,True
230385,False,,,,1,0,93,0.4508790755691721,1.569691456570201,11,0.11827956989247312,,
230386,False,,,,1,0,120,0.36522501688970754,1.4408381846021316,57,0.475,,
230387,False,,,,1,0,144,0.4587278563212549,1.5820600965371399,96,0.6666666666666666,,
230388,False,,,,1,0,105,0.31076900841892874,1.364474002773932,38,0.3619047619047619,,
230389,True,155.0,153.0,-2.0,1,0,92,0.3039580386173752,1.355212188319383,42,0.45652173913043476,-0.47679551720122426,True
230390,False,,,,1,0,133,0.47611491928991495,1.609808003321566,79,0.5939849624060151,,
230391,True,174.0,173.0,-1.0,1,0,108,0.36691324566554756,1.4432727035209314,53,0.49074074074074076,-0.3426767669206725,False
230392,False,,,,1,0,97,0.38157826280066914,1.4645942809764045,34,0.35051546391752575,,
230393,False,,,,1,0,137,0.3168212807513369,1.3727572118633278,81,0.5912408759124088,,
230394,False,,,,1,0,111,0.4194377735989791,1.5211061091505544,44,0.3963963963963964,,
230395,True,182.0,162.0,-20.0,1,0,117,0.518919791157044,1.6802116895422745,60,0.5128205128205128,-0.5669542252991262,True
230396,False,,,,1,0,135,0.4735838271656901,1.6057385831740243,80,0.5925925925925926,,
230397,False,,,,1,0,107,0.4470466825939759,1.5636872945616778,56,0.5233644859813084,,
230398,True,171.0,159.0,-12.0,1,0,88,0.35381339117212696,1.4244893393900118,41,0.4659090909090909,-0.45233725688612136,True
230399,False,,,,2,1,122,0.3939265587451455,1.4827916465966358,60,0.4918032786885246,,
230400,False,,,,1,0,99,0.37860922731804414,1.4602522975296055,28,0.2828282828282828,,
230401,False,,,,1,0,134,0.4769527033821587,1.6111572399638963,71,0.5298507462686567,,
230402,False,,,,1,0,130,0.42562400193569366,1.5305451849027651,68,0.5230769230769231,,
230403,False,,,,1,0,91,0.3493837974501647,1.4181933849100312,40,0.43956043956043955,,
230404,False,,,,2,1,94,0.3713574704993843,1.4497012061866652,24,0.2553191489361702,,
230405,False,,,,1,0,146,0.39540682348084677,1.4849881961177962,76,0.5205479452054794,,
230406,False,,,,1,0,119,0.46560547232291366,1.592978401288663,73,0.6134453781512605,,
230407,False,,,,1,0,127,0.3692115063436066,1.446593535029667,68,0.5354330708661418,,
230408,True,185.0,182.0,-3.0,1,0,125,0.4636772695474707,1.5899097753313751,78,0.624,-0.38985782421314374,False
230409,False,,,,1,0,92,0.31479291022523165,1.3699755736454784,30,0.32608695652173914,,
230410,False,,,,1,0,131,0.3797552144678822,1.4619266871293324,49,0.37404580152671757,,
230411,False,,,,1,0,115,0.4407177000432312,1.553821996539455,62,0.5391304347826087,,
230412,False,,,,1,0,122,0.4596268509508481,1.583482999562878,73,0.5983606557377049,,
230413,False,,,,1,0,137,0.35704927619976057,1.429106289045846,74,0.5401459854014599,,
230414,True,191.0,187.0,-4.0,1,0,110,0.4411072226990872,1.5544273633046557,30,0.2727272727272727,-0.23507791313290138,False
230415,False,,,,1,0,137,0.4026716080125186,1.4958155971425544,72,0.5255474452554745,,
230416,True,162.0,141.0,-21.0,1,0,82,0.3402574163619098,1.4053092936131748,36,0.43902439024390244,-0.5414922172772781,True
230417,False,,,,1,0,94,0.4110953598466022,1.5084691970908823,38,0.40425531914893614,,
230418,True,196.0,194.0,-2.0,1,0,119,0.47295619573892245,1.604731087377136,48,0.40336134453781514,-0.1548848461075254,False
230419,True,179.0,174.0,-5.0,1,0,76,0.33618074656969416,1.3995919733986102,18,0.23684210526315788,-0.28506570042103263,False
230420,False,,,,1,0,107,0.374229619783058,1.4538709496639912,51,0.4766355140186916,,
230421,False,,,,1,0,132,0.37011618116099876,1.4479028239228584,76,0.5757575757575758,,
230422,False,,,,2,1,116,0.4676009740303664,1.5961603661606483,59,0.5086206896551724,,
230423,False,,,,1,0,118,0.606203429658106,1.8334573186865575,61,0.5169491525423728,,
230424,True,151.0,152.0,1.0,2,1,82,0.3808742357607749,1.4635635298810186,22,0.2682926829268293,-0.3973233860748566,False
230425,False,,,,2,1,141,0.409863763354553,1.506612515295463,95,0.6737588652482269,,
230426,False,,,,1,0,143,0.3691994840775973,1.446576143801923,79,0.5524475524475524,,
230427,False,,,,2,1,96,0.39883434030117654,1.4900867508375824,36,0.375,,
230428,False,,,,1,0,117,0.3331980180309606,1.3954235901452106,67,0.5726495726495726,,
230429,False,,,,1,0,118,0.3443092871612792,1.4110149768435238,57,0.4830508474576271,,
230430,False,,,,1,0,94,0.43115997770648007,1.5390417426318337,42,0.44680851063829785,,
230431,False,,,,2,1,99,0.49266334806483025,1.63666944069874,42,0.42424242424242425,,
230432,False,,,,2,1,95,0.4399585057100812,1.5526427913645406,47,0.49473684210526314,,
230433,True,151.0,149.0,-2.0,1,0,84,0.362039204482909,1.4362552485009528,25,0.2976190476190476,-0.49411253515079023,True
230434,False,,,,1,0,93,0.35955978027892005,1.4326985735497615,35,0.3763440860215054,,
230435,True,166.0,111.0,-55.0,1,0,110,0.34082131698542306,1.4061019718749503,39,0.35454545454545455,-0.48861557113292053,True
230436,False,,,,1,0,112,0.41028968475880045,1.5072543504896052,36,0.32142857142857145,,
230437,True,188.0,188.0,0.0,1,0,125,0.42169522585065966,1.524543812327186,46,0.368,-0.38519146380911884,False
230438,False,,,,1,0,124,0.3404371605381729,1.405561912477255,38,0.3064516129032258,,
230439,False,,,,1,0,140,0.4724753011468564,1.603959566400497,83,0.5928571428571429,,
230440,False,,,,1,0,115,0.3383678376725413,1.4026563583742981,54,0.46956521739130436,,
230441,True,161.0,158.0,-3.0,1,0,65,0.39650562846098286,1.4866208053384409,16,0.24615384615384617,-0.5011638730979995,True
230442,False,,,,3,1,99,0.3272916453994824,1.387205990435465,27,0.2727272727272727,,
230443,True,200.0,200.0,0.0,1,0,111,0.8147452259100059,2.2586001662387774,39,0.35135135135135137,,
230444,True,131.0,132.0,1.0,1,0,77,0.30132768017009015,1.3516521785953768,9,0.11688311688311688,-0.41434758656408177,True
230445,False,,,,1,0,122,0.5053640824393656,1.6575889096261682,73,0.5983606557377049,,
230446,True,174.0,171.0,-3.0,1,0,104,0.33571372686504575,1.398938488975494,50,0.4807692307692308,-0.4748499612831725,True
230447,True,189.0,190.0,1.0,1,0,85,0.3457442590568807,1.4130411971164503,26,0.3058823529411765,-0.17915444717938578,False
230448,True,158.0,116.0,-42.0,1,0,72,0.5677897517812109,1.764363058319189,16,0.2222222222222222,-0.5071179093174466,True
230449,True,142.0,141.0,-1.0,1,0,77,0.32932903350972886,1.3900351484946956,6,0.07792207792207792,-0.45887380536691325,True
230450,False,,,,1,0,93,0.32953695398763094,1.3903241953154064,29,0.3118279569892473,,
230451,False,,,,1,0,95,0.399519587601966,1.4911081786869054,41,0.43157894736842106,,
230452,False,,,,1,0,124,0.309432665359109,1.3626518152150433,68,0.5483870967741935,,
230453,True,179.0,176.0,-3.0,1,0,94,0.5248571099508588,1.690217315887881,25,0.26595744680851063,-0.5118514988073273,True
230454,False,,,,1,0,144,0.41317859640317983,1.511614970824465,68,0.4722222222222222,,
230455,False,,,,1,0,101,0.4074763172602345,1.5030198494846345,55,0.5445544554455446,,
230456,False,,,,1,0,144,0.46052478507869354,1.5849055015500106,90,0.625,,
230457,True,135.0,133.0,-2.0,1,0,84,0.3141581567374433,1.3691062528033286,30,0.35714285714285715,-0.5376224053038454,True
230458,False,,,,1,0,128,0.4133918966639846,1.5119374330813973,74,0.578125,,
230459,False,,,,2,1,93,0.32448128572721585,1.3833129156952748,43,0.46236559139784944,,
230460,False,,,,1,0,91,0.3539740387489257,1.4247181985329016,21,0.23076923076923078,,
230461,False,,,,1,0,110,0.39925841200493567,1.4907187884699247,22,0.2,,
230462,False,,,,2,1,91,0.38180070044290815,1.4649200981107557,40,0.43956043956043955,,
230463,False,,,,1,0,130,0.4805655383487913,1.6169886127280253,70,0.5384615384615384,,
230464,False,,,,1,0,137,0.41308978902953514,1.5114807342296321,69,0.5036496350364964,,
230465,False,,,,1,0,120,0.4948730266568587,1.6402899527348986,56,0.4666666666666667,,
230466,False,,,,2,1,125,0.5804799315799806,1.7868958127219343,64,0.512,,
230467,True,195.0,189.0,-6.0,1,0,121,0.46894040168414725,1.5982997399433077,66,0.5454545454545454,-0.18405760143492145,False
230468,False,,,,1,0,102,0.4132025793999977,1.5116512243162321,38,0.37254901960784315,,
230469,False,,,,1,0,107,0.3891867558802172,1.4757801362170513,54,0.5046728971962616,,
230470,True,150.0,137.0,-13.0,1,0,96,0.3616386980957157,1.4356801342764363,37,0.3854166666666667,-0.4357335543374524,True
230471,False,,,,1,0,107,0.35003094276553964,1.419111459147052,57,0.5327102803738317,,
230472,True,154.0,152.0,-2.0,1,0,83,0.4029594652115951,1.4962462404095913,35,0.42168674698795183,-0.520361417886284,True
230473,False,,,,2,1,105,0.36659288773812376,1.4428104137219786,24,0.22857142857142856,,
230474,False,,,,3,1,129,0.3676136006388832,1.4442838607798985,45,0.3488372093023256,,
230475,False,,,,1,0,143,0.34876703477578197,1.4173189658474008,84,0.5874125874125874,,
230476,False,,,,1,0,99,0.45173163355942564,1.571030280195028,21,0.21212121212121213,,
230477,False,,,,1,0,126,0.42015615254861927,1.522199232350875,52,0.4126984126984127,,
230478,False,,,,2,1,110,0.37682589741668127,1.4576505065592367,32,0.2909090909090909,,
230479,True,181.0,172.0,-9.0,1,0,108,0.31434093341604824,1.369356516367348,57,0.5277777777777778,-0.5603365442106562,True
230480,False,,,,1,0,145,0.4797551532121128,1.6156787600043658,90,0.6206896551724138,,
230481,False,,,,2,1,129,0.41287723789115705,1.5111595014193444,76,0.5891472868217055,,
230482,False,,,,1,0,90,0.428536728141909,1.5350097428336384,36,0.4,,
230483,False,,,,1,0,101,0.5295674462601856,1.6981975880092954,36,0.3564356435643564,,
230484,False,,,,1,0,148,0.44963876457120894,1.5677457578783849,93,0.6283783783783784,,
230485,False,,,,1,0,128,0.4102675147221488,1.5072209349758245,81,0.6328125,,
230486,False,,,,1,0,103,0.3937447871331811,1.4825221416637415,53,0.5145631067961165,,
230487,False,,,,1,0,141,0.416502555248697,1.5166478767298823,59,0.41843971631205673,,
230488,False,,,,1,0,140,0.4283227444989554,1.5346813109976711,65,0.4642857142857143,,
230489,False,,,,2,1,93,0.42830192783596066,1.534649364386528,19,0.20430107526881722,,
230490,False,,,,1,0,145,0.40078013668260565,1.4929889789021278,94,0.6482758620689655,,
230491,False,,,,1,0,145,0.41870830332702913,1.5199969120757797,84,0.5793103448275863,,
230492,False,,,,1,0,147,0.4777872376132838,1.612502367031595,91,0.6190476190476191,,
230493,True,145.0,146.0,1.0,1,0,88,0.3597371926934484,1.4329527746115316,8,0.09090909090909091,-0.5129743662165307,True
230494,False,,,,1,0,148,0.44795181922518235,1.5651032859479006,78,0.527027027027027,,
230495,False,,,,1,0,147,0.46757854678794625,1.5961245690865913,95,0.6462585034013606,,
230496,False,,,,1,0,147,0.45725549093785955,1.5797324400174924,79,0.5374149659863946,,
230497,False,,,,1,0,117,0.4078092519235572,1.5035203402029216,61,0.5213675213675214,,
230498,True,183.0,182.0,-1.0,1,0,89,0.5066903342994251,1.6597887484484894,15,0.16853932584269662,-0.252022450013181,False
230499,True,143.0,145.0,2.0,2,1,84,0.3167407946868966,1.3726467284841588,33,0.39285714285714285,-0.4011503289142304,True
