n,rho_v,beta_absr,sd_e,rho_v_B,beta_absr_B,beta_ru,sd_e_B,sd_lv,ticker
6037,0.5096449054803849,0.19875902202816736,0.3285806884133698,0.5096698673406718,0.19920327867856896,0.023479839870664605,0.3284202192122213,0.42960591732011066,A
6037,0.5796001878892597,0.23101614742719317,0.2709999046111045,0.5783356524558957,0.23092083169035893,0.019205104335348524,0.27041342204359214,0.4204986344636327,AAPL
6037,0.5311155342762804,0.18524520736317368,0.2855398742346796,0.5246813097560913,0.18515324449084536,-0.11341092762544595,0.2846726671677801,0.39075875007069877,ABT
6024,0.5476718292924704,0.1339859258137095,0.5120800159900977,0.5400476064629448,0.1365309887002796,0.1560459580532505,0.5111882618283574,0.6302041467782338,ACGL
6037,0.5377719528091865,0.24195636374441662,0.29971420530054266,0.5371834052499177,0.24185843479549618,-0.020105070853418863,0.2997785971534044,0.4479229403012158,ADBE
6037,0.47989384160342136,0.2084634226829999,0.3049484870071312,0.47895772417010335,0.20804080164219316,-0.02768496190267965,0.3049107948387345,0.3984523092138815,ADI
6037,0.5294305762605442,0.17462930187357492,0.308742611739857,0.5273480792533992,0.1747073401311459,0.052707860525819696,0.3085635385846643,0.4151623596803727,ADM
6037,0.488484849722048,0.1761846561456856,0.3044568664277095,0.48561219344776285,0.1762828177711972,-0.08861417737234804,0.30399738632568934,0.39730776304356796,ADP
6037,0.5017727655286877,0.2560337855383188,0.3488707449558446,0.5013698724574245,0.2558059683843097,-0.012314957617872479,0.3489051358879464,0.48097604910359976,ADSK
6037,0.5075822284143066,0.13069883528357845,0.3379281519784306,0.5075833473411031,0.13074543073022174,0.00803720109277547,0.3379882528621836,0.41891430979072397,AEE
6037,0.531082442218065,0.1564402375406914,0.31869837435813747,0.530400970331614,0.15639181002226984,-0.04029101596923217,0.31841874492261146,0.41970016677455546,AEP
6037,0.5227654363018808,0.16956863182244883,0.341825592643278,0.5228623161054945,0.16969718498592862,0.00331750008881182,0.34187653916114535,0.4492746041660188,AES
6037,0.5254461534663926,0.17898605958660346,0.30425177098430717,0.5191888225477574,0.17811506814781553,-0.08906901897595826,0.3035388276953581,0.42125270023197176,AFL
6037,0.7167959423623812,0.18171267681942507,0.3356659006626831,0.7169066785515086,0.18181539424731094,0.006169603005598258,0.3357300113555528,0.576768860787334,AIG
6037,0.5763527900635318,0.15905780511027173,0.4006534405301806,0.5583273590905298,0.1577234449064809,-0.1674435617946603,0.39750349296367493,0.5331548588702755,AIV
6037,0.5241416161416059,0.16415811780961514,0.36889104357788377,0.5241418605701039,0.1641593066725753,0.0002873309364885657,0.36892317148522213,0.474630759215526,AJG
6037,0.5760006681114643,0.2678993826772496,0.37171779932219906,0.5530473504622204,0.2731571338215078,0.11128703996388362,0.36598130180607324,0.5538234555161677,AKAM
6037,0.5416489998103907,0.22542627250175548,0.3752492918040621,0.5396407331230931,0.22666021855598667,0.056627582875121804,0.3755073661257645,0.5066031353030348,ALB
6037,0.5487757288397025,0.20694479830396348,0.35045043840741075,0.5471927471565189,0.20665333258511281,-0.037721481304352156,0.35006036276572644,0.4791472578722066,ALK
6037,0.4751649014062155,0.1759125577540653,0.2953308457731945,0.47172907130111474,0.17562930131042961,-0.06391354745500807,0.2950867857625435,0.3857688681932808,ALL
6037,0.48226865804458013,0.21377705444820727,0.28363266221339095,0.4816133319326448,0.21362453599147208,-0.017692101162721026,0.28379337591822645,0.37488341124623276,AMAT
6035,0.6362481294684449,0.25627562540458354,0.3233582878964825,0.6121752454178122,0.26102630897170664,0.10318294451914817,0.31912063521444195,0.5121717783516649,AMD
6037,0.5093708709393927,0.16047437426866093,0.3698811986591716,0.5091103093945919,0.1607681632436341,0.024676914235764194,0.36997156369964207,0.4672441081602743,AME
6037,0.4905027037458789,0.20843875881530124,0.3908445358599427,0.4846650761768015,0.20724261290858773,-0.08493087421244072,0.38982054263952737,0.5015312921343628,AMG
6037,0.487900345815664,0.22098424850136678,0.29527103125802867,0.47667618264746664,0.22196709355675276,-0.1677133071830034,0.29390586323533496,0.40091281387718836,AMGN
6037,0.5027260304493524,0.20692544199407872,0.350698832615635,0.5015452442779345,0.20863461271181588,0.04450144813751345,0.35052865661708593,0.4570828753888126,AMT
6037,0.5271728988295846,0.2595933569881034,0.2814960162736872,0.5266344650093506,0.2598770539075568,0.020822218213834655,0.28104932017395173,0.43302183562568025,AMZN
6037,0.5437217135671553,0.19798135175542286,0.3768296953330371,0.5428361539551169,0.1974661229914883,-0.02261144367773746,0.37684344043286383,0.4989179242897251,AN
6037,0.4751322970030645,0.303743762459448,0.33620064265261246,0.4731763517172757,0.3035711041709443,-0.027131117679790803,0.33584376458171294,0.4849383481098376,ANF
6037,0.5329671094699358,0.18716951832345272,0.3474981208150043,0.5311409311756469,0.18729651898730348,-0.06792321076705089,0.34711250734928806,0.4643651428664003,AON
6037,0.5555806436592654,0.2140446709525526,0.4095154607528507,0.5522373751310594,0.21558634247893135,0.0862714662332235,0.4090930423341988,0.5439628656587961,AOS
6037,0.5885176033168562,0.16897966485484567,0.2906460744041654,0.587896537938118,0.16895806716708142,-0.022217158393016197,0.2905117483862682,0.4092964453661432,APA
6037,0.5366651568947127,0.17619352876994487,0.33502765909490156,0.5361254574866959,0.1760675674078885,-0.03081882978427299,0.3349168811782651,0.44506137265576495,APD
6037,0.5374824530820728,0.1841297932261733,0.3576557960662754,0.5374682365458107,0.18411196309688374,-0.0014387188194619773,0.35768650199308405,0.4716936291495495,APH
6037,0.5043985184223959,0.16434000929477724,0.4189842527748571,0.5038089154001005,0.1648035865082307,0.05094845558795296,0.4194897480959382,0.5155215194220195,ARE
6037,0.5326114308675725,0.19558604687868805,0.37394380730796173,0.5321591403035643,0.19527260021225115,-0.014251963384059046,0.37396537127874363,0.49343238048328353,ASH
6037,0.5605488856846286,0.22070331811479477,0.3627050864705185,0.5565070331749263,0.22284905761501494,0.05860418108133522,0.36225832988843654,0.4972189529609113,ATI
6037,0.49702934407241617,0.10445153893760992,0.3858897522706556,0.4937441020836139,0.10475525159408709,0.11005973607514045,0.3862798056902926,0.4563571269389045,ATO
6037,0.5156292559682057,0.19058406169830125,0.3459705900834075,0.5148169836129072,0.19036460824745285,-0.034441713892213684,0.3458964817614692,0.45521138994587534,AVY
6037,0.5343121536719536,0.21076665443467768,0.2861626093189112,0.5211066565896153,0.20975972096443457,-0.11318016462120925,0.28457878167865946,0.41842592928755074,AXP
6037,0.5470505502483606,0.21003405880405568,0.33700873218415944,0.5470303498985558,0.21003126745135847,-0.00558123690563265,0.33707732209853314,0.46323260836063995,AZO
6037,0.6106680184130723,0.24608479339623826,0.30345736690222636,0.6097561273050061,0.24598543121777042,-0.026976724802301417,0.30324736710617334,0.48192222102246224,BA
6037,0.6543487066332054,0.1981753020771297,0.26426906244923054,0.6495292715853723,0.19712518491758813,-0.05050002967260138,0.26355956844704803,0.4533279596241303,BAC
6037,0.5150993784785108,0.18019417021113504,0.34472878759518455,0.5149530929832863,0.18023785259072067,-0.016675397473040327,0.34473595630254716,0.4472693584819865,BALL
6037,0.5484880413707415,0.20268508462186915,0.32803984950659326,0.5470166533505842,0.20278747318105111,-0.06329457064949078,0.3278291216200042,0.45579246962121117,BAX
6037,0.5482943581880384,0.22004128789104677,0.34514515070064183,0.5438514153609079,0.21870962094908764,-0.043962516186046026,0.34446283107051184,0.4747535354283176,BBWI
6037,0.4999362388384462,0.2634230549302134,0.3157713258519635,0.49713682863140973,0.2624146443162554,-0.03754208227548459,0.31560014939058556,0.45208093242609043,BBY
6037,0.5082690737812258,0.21691535022742603,0.36363326034316223,0.5084834559229292,0.21767464170350942,0.020449734339395807,0.36366237648018984,0.4785331572989588,BC
6037,0.5308142569069253,0.17780956156496575,0.3100389309609194,0.5303469354412284,0.1777773914297041,-0.03523728530929797,0.30992065870907565,0.41006475291772154,BDX
6037,0.5143070379808413,0.18712051128366355,0.33869945521971007,0.5126459722211332,0.1865466854289327,-0.043242995314575844,0.3383617620782357,0.44413925619617395,BEN
6037,0.5545839630888466,0.17415214005376742,0.3796194928068276,0.5516388846198267,0.17393464452473528,-0.09163343924566691,0.37871897517155256,0.4973300639917126,BF-B
6034,0.4782623154560113,0.23247134549990525,0.34913106743944294,0.475277655737172,0.23348302906291415,-0.0853911868937387,0.3486565492405304,0.47122561340592,BIIB
6037,0.4970061860710862,0.21110949163776843,0.47705580752316334,0.48497357326844287,0.2124789998028339,0.1744364500906365,0.47561132786617094,0.5917029988274257,BIO
6037,0.588855667197987,0.2800065225787834,0.36193831134203014,0.5833587933252959,0.28166763309010545,0.06376523137631185,0.3600906960058234,0.554400378840626,BKNG
6035,0.5495880273441075,0.17343745403523653,0.30592133829566054,0.5469309121457318,0.1740810965687274,0.06419165046617865,0.3057302370882005,0.41011427398902267,BKR
6037,0.5499685775575963,0.21725285200176972,0.405555468162714,0.5494104707034391,0.21762953016830916,0.03383359346564563,0.40582039355269117,0.5415979194295925,BLK
6037,0.5694357557027101,0.22026856007796514,0.29910106735436676,0.5661656502136143,0.2205953447076068,-0.10133672981244332,0.2982296249654698,0.4330192539916812,BMY
6037,0.5368986215438836,0.1867213555172507,0.3333277419780348,0.5326030916147707,0.18725076799013465,0.11230480539034345,0.33329022141525916,0.45375754565417625,BRK-B
6037,0.5710708995983953,0.1906474282434383,0.389397218555675,0.560126631064421,0.19135791383097447,0.1399539802486077,0.3882175246284259,0.5245722392170503,BRO
6037,0.5286014427654556,0.24947251601871406,0.3584449621881103,0.5283248103654979,0.24942829959446972,-0.018311062007032825,0.3583900770051241,0.49051091490162513,BSX
6037,0.526840752909506,0.20194387261136781,0.35168874674598777,0.5253917332465198,0.20146715569372606,-0.03634484660534188,0.35138910693826625,0.46699326388764945,BWA
6037,0.5401312835068088,0.16994934309496657,0.3447223516753256,0.5400616555830707,0.16986797417683552,-0.0053680648119849884,0.3447086674021247,0.4582351584893755,BXP
6037,0.6535115666751865,0.1908943424267342,0.27559900135435766,0.6522104234681484,0.1904620381356771,-0.02794313838874891,0.2753350198550779,0.45709918361764146,C
6037,0.5441889511699635,0.20071397191540297,0.31851743420095074,0.543950509331181,0.20060494564667,-0.024583219661875374,0.31843714897819375,0.4368615875012801,CAG
6037,0.49522054443271946,0.2064803887397899,0.33077951763200447,0.4929612525030198,0.2064843845490179,-0.06679108363212073,0.3303500040309025,0.43695992588502697,CAH
6037,0.5603909567132587,0.18021168867869378,0.33242414884435934,0.5600903773064814,0.180081631116258,-0.01735050303025543,0.33240592647788575,0.4570938761350193,CB
6037,0.5207862148066821,0.1793712505682604,0.37023932561935907,0.5206303045367556,0.17930926345215875,-0.015015948775138139,0.3702072982125027,0.47904797192868404,CCEP
6035,0.4935443894195365,0.2124008971970299,0.39627339616022056,0.49024507779288645,0.21514484319905466,0.07187193582114881,0.39565692989843326,0.502631908977655,CCI
6037,0.5437747131426185,0.2160616768600114,0.3894361036980885,0.5438012250032608,0.21645068995328134,0.01914437780766686,0.38946394561065323,0.5190551726870967,CCK
6037,0.6419768533478084,0.22446797106826646,0.319817161545778,0.6406394314819379,0.22389488041914013,-0.03149368464073078,0.31943488034614387,0.5178155184377082,CCL
6025,0.3221743067224199,0.23323944953916276,0.7937377783057045,0.3196562219783581,0.23320120858834165,-0.16875361858314009,0.7923760509497126,0.8588269054609389,CCU
6037,0.500339433085016,0.19163218604606297,0.3792504296615856,0.5003436681870347,0.19163658150756402,0.0004316834720587332,0.37928256717988557,0.48364781856448713,CDNS
6035,0.4418458069523354,0.2074753880244745,0.36753867764378045,0.44088682841328675,0.20750062087235308,0.048717619526777396,0.3676188564185255,0.4565380719768475,CHD
6037,0.49800595572558043,0.21598037437147385,0.34480243953542394,0.49556186249493417,0.2164418366526065,-0.08901831429215404,0.34400983111263156,0.45265302364389515,CHRW
6037,0.5278750812940379,0.21420418176401074,0.3312121366138501,0.5245486826999604,0.2141209619150548,-0.06284646199953633,0.33075629128199935,0.4646482348415509,CI
6037,0.5294461209726513,0.2948488017737352,0.350793245610786,0.5244302259336447,0.2949536892261213,0.08896465280802407,0.34961034969073634,0.5094295769246178,CIEN
6037,0.47563698723709763,0.160480820761563,0.35700534143187335,0.46879875003677424,0.15950351365165094,-0.12695239251702958,0.3555172815371735,0.4418504773296316,CINF
6037,0.48965778087530526,0.19053867701463714,0.28810393148996066,0.4870855507568936,0.19055755308455571,-0.1028740619726819,0.28763001031401264,0.38783853101175914,CL
6037,0.6261578310535775,0.2594826729413032,0.39060520349467465,0.5940562623130962,0.2639897603889345,0.12711341237545115,0.38608762834887456,0.5807439115261551,CLF
6037,0.5162791670866924,0.22641515113113594,0.3263508601939579,0.5162670673459012,0.22642248217119082,0.007085014413238037,0.3263769494742387,0.4534135117676407,CLX
6037,0.7557015465522572,0.17610443947873716,0.3561784519018466,0.7557024707182105,0.17610556993426418,8.0353795940494e-05,0.3562085458985695,0.598543721546629,CMCSA
6037,0.5357385623234925,0.23361322283500716,0.339202574364382,0.5345400336321113,0.23315436024459898,-0.024865436882306937,0.33912728472540404,0.4691780282356767,CMI
6037,0.5233008137223311,0.14213307775328998,0.36420724320412884,0.5233015802638694,0.1421367742141031,0.0005452927594270283,0.3642397446015088,0.4581946644240296,CMS
6037,0.49479427226813066,0.15329246934734478,0.3667227104228869,0.49407121813069305,0.1537876602385362,0.04721186271750523,0.3668640763838956,0.46118091150440277,CNP
6037,0.5978425520046562,0.2227463868438286,0.35920278143508894,0.5830201900337294,0.22573288850832912,0.11366467916545643,0.3575322840845056,0.5142060057227994,CNX
6037,0.5908938027185319,0.20978828457717866,0.32111551355642765,0.584647623864903,0.2083328737543189,-0.0650610918397792,0.32023412325975475,0.480113018711183,COF
6037,0.5110382107255206,0.23550569705753222,0.40568032348497596,0.5110967067143484,0.23562552537878165,0.008496407866692222,0.40574218021218317,0.5390727021740674,COO
6037,0.5886589305654507,0.14974331127496146,0.2648277868284975,0.5886228817406681,0.14976989744513042,-0.007227162001139045,0.2648012212053162,0.3731148392974739,COP
6037,0.4991709642971493,0.2371116301603537,0.34861320454744416,0.4976453320148988,0.23766517565046308,0.04899361051335247,0.3481675866284818,0.46587806740428567,COR
6037,0.49841460092292816,0.22743479248038778,0.29701684896879244,0.49496880941315086,0.22853634187915808,-0.08786038462568338,0.2966326517226208,0.4114499137454138,COST
6037,0.5357850554887936,0.20874012924624213,0.32831496125751497,0.5356597099526791,0.20868766987864912,0.0171974041434044,0.3283895518667717,0.45098410558315566,CPB
6037,0.5873740197732825,0.21303697883132233,0.4136553261679986,0.5839994983702467,0.21338268926898096,0.06655284052837818,0.4129395569449134,0.5737359921713236,CPRT
6037,0.48119097740932854,0.13955665623829513,0.39380148861706643,0.4811240352687284,0.13981307049665737,0.019246473210100316,0.39399850296940925,0.4759454533044466,CPT
6037,0.4548304773309301,0.20008547403264385,0.28434666586042234,0.4503752494785188,0.2001533358200069,-0.08587279295362764,0.28404658683618916,0.3793913548679698,CSCO
6037,0.4382961639872782,0.2342011799834072,0.5015882946048935,0.43292772781953903,0.23450396673584667,0.11515003850706149,0.5008899849301635,0.5988361863968451,CSGP
6037,0.43680947308339546,0.1834556923568239,0.4613720618436421,0.4116990866082228,0.18536953304275133,0.4568499330756939,0.4599289398162372,0.5406143571790781,CSR
6037,0.5117290125280765,0.20194151529767396,0.31182856800399733,0.5115494312162046,0.2020972931751911,0.017406977458953785,0.3117971738886409,0.41881203051942023,CSX
6037,0.46191181990064173,0.20650092373150442,0.32888863226321274,0.45822826312597187,0.20599470266923506,-0.07477461232338747,0.3286882171304135,0.42533392869329567,CTAS
6037,0.6039715870051511,0.211612013484137,0.3682618701479886,0.6039658387446469,0.2116056697320087,-0.00047543089841179276,0.36829111414842325,0.5227498435489759,CTSH
6037,0.5665691739271648,0.22105993027271154,0.30411255138590637,0.5655123051967864,0.2211823268825332,-0.048628838461903426,0.30373234470659527,0.43793559786357344,CVS
6037,0.5451759488877608,0.16363537443251872,0.249296789876075,0.5443057174772797,0.1638432926830627,-0.03794980738804921,0.24901198204951863,0.35365153241845076,CVX
6037,0.5499430177064223,0.1511649538004041,0.3121102494906267,0.5499408045880059,0.1511644276460424,-0.0009484112157459563,0.31213278764545094,0.41508886100386433,D
6037,0.5784972940939318,0.210318754448898,0.3093059921038693,0.5743245688389904,0.20944113334998257,-0.06463410850777532,0.3088675046533928,0.45173620622822286,DD
6037,0.5679455933938476,0.26009370018016365,0.3586464619109534,0.5673550732506834,0.259823413176627,-0.010187567323077852,0.358708685528831,0.5196447732570064,DDS
6037,0.43674265637225973,0.24022461377409365,0.30056747168583053,0.43675257628019887,0.24023602954337556,0.0013586921117127813,0.30058721414783357,0.39817526441357615,DE
6003,0.5863899366786361,0.2756254609587576,0.5360635406490467,0.554461763737173,0.27891130011713894,0.1591964052265605,0.5290506179339551,0.7298140376295226,DECK
6037,0.5458080306342725,0.2145936992774267,0.3442287832446768,0.5443582413413864,0.21416886934744545,-0.04469436750437296,0.34418559015440986,0.4790680966616602,DGX
6037,0.5383490534424985,0.22563966706403568,0.3232781823241245,0.5369984152241135,0.2264736967705373,0.039936300758032096,0.3231597423304113,0.44524345358875783,DHI
6037,0.5818436948366085,0.12398237243346868,0.33423415586174515,0.579775496939846,0.12337385206118753,-0.0458098004325161,0.3339443387383569,0.44454226366569544,DHR
6037,0.5254560772282885,0.22292770713920407,0.27903017141441816,0.5245217971715672,0.22254867222260236,-0.02483578564992206,0.27890947969192936,0.4081589552679794,DIS
6037,0.536707247178089,0.25427702791447987,0.3480517628997803,0.5334747626481539,0.2544418850987186,-0.07616500839490618,0.3473244355908883,0.4990070801678439,DLTR
6037,0.47134653776432767,0.1821912258339933,0.36218432155507796,0.47062139224650923,0.1818105885651666,-0.020242278019482474,0.36217848189305774,0.45455559106660054,DLX
6035,0.5537788180770408,0.15516129728727343,0.36003127062574236,0.5488945042279664,0.15723698747483542,0.11575515581802602,0.3603013621813436,0.4717834375511187,DOC
6037,0.5268524855648788,0.15448861968658303,0.33100411725668905,0.5229040725705009,0.15337542037728516,-0.07407490564465966,0.33044360542905554,0.42493089977407633,DOV
6037,0.5187410580432218,0.21755388867248462,0.3367074038000053,0.5187856963158588,0.21761443637069663,0.005504536846939142,0.3367474604109129,0.4620712645284674,DRI
6037,0.5157763391829544,0.1287889705843565,0.3363829353635187,0.5157803823211611,0.12881885866549603,0.0037100012564722394,0.3364179312145481,0.42209466282621355,DTE
6037,0.5211899053976023,0.15169401923009504,0.2977273462971501,0.521135200136315,0.151669747504545,-0.007347002219660761,0.29772935866664246,0.38748099664858554,DUK
6037,0.517205074768529,0.26355064926960575,0.38386713412490836,0.5173411446386534,0.2638165266562138,0.010525503436546338,0.38384638923330583,0.5286446171713279,DVA
6037,0.5617976878849381,0.18670144747999065,0.2943055933784433,0.5616647865943197,0.18677304746231818,0.01057429584556955,0.2944051991710795,0.40957533382768135,DVN
6037,0.5452477184944835,0.2119761203258722,0.36101868638315815,0.5431285112401801,0.21129016229633726,-0.04276657674586123,0.36082417325935734,0.5085064868643816,DXC
6037,0.5332954683493818,0.22766192977393646,0.30400369531503574,0.5233641264657612,0.2277820766595532,-0.10455897776560188,0.3034521091424857,0.42313236937734516,EBAY
6037,0.5751726417486192,0.16344257853505537,0.3284964003861902,0.5735897137331668,0.16297632011995458,-0.05627613404488063,0.32816456091498597,0.4508991732020185,ECL
6037,0.4819491765052382,0.14344865019285707,0.3264214954883711,0.48090483442471554,0.14341969001831173,-0.06473914393868505,0.3259840667403177,0.40375233393882776,ED
6037,0.5762492873505708,0.17951561180398556,0.35294914418758183,0.5761837013528098,0.17967225194058317,0.01794296126723166,0.3530091099308222,0.4819111172428083,EFX
6037,0.5021379176519946,0.18832150503503478,0.36693737971342144,0.5020002583056288,0.18874099945384348,0.02925148253529885,0.3669021606886314,0.474477547867809,EG
6037,0.49805755316935024,0.1666203342790391,0.34148629300123,0.4979831252029479,0.16661147131216594,-0.010036317274596604,0.34149212705686954,0.43574553256034027,EIX
6037,0.5137064171532273,0.2392987206341037,0.34894412646999406,0.5125304816722349,0.23908828558752754,-0.0387785358352406,0.3486170885853413,0.48473058765185556,EL
6037,0.5057741618616869,0.18003482464037002,0.33358583358032107,0.5035188306625851,0.17928614977928292,-0.04546803384408989,0.3332806967174819,0.42885663616998776,EMN
6037,0.4918273529454259,0.18003102286736955,0.2922222748838497,0.4907328199289904,0.1795725611933275,-0.03607170736298548,0.292133017111739,0.386747844811909,EMR
6037,0.49866765031039045,0.18619231308023973,0.2968087162918041,0.4986727875502787,0.18619649095596294,-0.0008282405655868372,0.296835845224049,0.3898403241029146,EOG
6037,0.5444960925445975,0.1888075284791348,0.35986292518284263,0.541135771336377,0.18918166707169562,0.06481704231497143,0.35994723167108755,0.4732265261365161,EQT
6035,0.5044626971714625,0.19560393617763738,0.5440805061132226,0.5038249005489743,0.1956223027977591,0.046348432704545445,0.5441753354243626,0.6675611225193718,ERIE
6037,0.4655173039837221,0.13566910469195534,0.37196272912951694,0.46433498197535844,0.13549928595291266,0.06270637704884753,0.3721947004864025,0.44460725927797434,ES
6037,0.5277719845258617,0.1411354959924775,0.41306802511159063,0.5267392071783804,0.140691922856237,-0.046402045356070405,0.4125343054987075,0.514530790708231,ESS
6037,0.5166742522462668,0.1798007887533913,0.31899770955280704,0.5156105703878759,0.179379561450673,-0.025961281932590702,0.31885580920753,0.418907275838653,ETN
6037,0.4805969101154897,0.12963331488194835,0.32478520898276375,0.48055529883013315,0.12960638033601452,0.006445314763143639,0.32482399045837607,0.3966177844437398,ETR
6037,0.5251535253160259,0.13722432570138893,0.4145841439318017,0.5249892233884881,0.13779655269743166,0.03496636682397292,0.41470079912743696,0.5144394324559277,EVRG
6037,0.4758043045335296,0.15625287472123334,0.3126708630221868,0.47447544510760925,0.15598688426384436,0.04838560747571969,0.3127074799376343,0.3899374851379858,EXC
6037,0.5262296446502104,0.20683006645032836,0.35159175403339793,0.5261210366328595,0.20687275091821153,-0.018856464825314282,0.3515817107068298,0.4645482572613058,EXPD
6037,0.5678222334402988,0.23645408598787857,0.29767158277510447,0.5650819541760659,0.2385464394274123,0.05978464593777174,0.29750190845137303,0.44665207685980823,F
6037,0.5249950038233807,0.22245849287025535,0.347581442504766,0.5232818162292883,0.22228131905260815,-0.052127749155675786,0.3473553264325076,0.4710780002946372,FAST
6037,0.5916484877324357,0.23835113143191872,0.3007794101374578,0.5900278222939537,0.2391667794352226,0.03376461226844895,0.30094893757217006,0.45346312605685407,FCX
6037,0.5567071085324455,0.21894912282957882,0.37573695073103786,0.5566150263170372,0.2188995453959393,-0.007666142319129825,0.3757265924054718,0.5160521777834298,FDS
6037,0.5161289601718121,0.2504650434025451,0.3028181144458316,0.5162158594458314,0.2505385355597194,0.0037871903256582193,0.30284868600138865,0.43916115366767977,FDX
6037,0.5207395605887729,0.14980221116825482,0.3538057793857003,0.5202585944760987,0.1498471417107345,0.04366928526879073,0.353956597116694,0.4475951176410446,FE
6037,0.559430233517431,0.27137123286041237,0.3784799569939423,0.5554605907290915,0.27247890822841403,0.06656017564556536,0.37700236407410204,0.5360506531624106,FFIV
6037,0.5674926139288469,0.17531717293229016,0.37976133308315463,0.5677858779208528,0.17605851382678955,0.0247252111870076,0.37997011503830697,0.5144448982754313,FHN
6037,0.5016901539932539,0.2175365031535737,0.3992255332628456,0.5013732942584882,0.2181038200593811,0.02869167092506619,0.39913125312258046,0.521794348331826,FICO
6037,0.5085963819292392,0.18786613749159425,0.3240214805447795,0.5072652830259927,0.1876230234246098,-0.04638138026791503,0.32402814856824874,0.4237253356149939,FISV
6037,0.6017302540732388,0.18275820916343352,0.31401153391875086,0.5988612567006063,0.181666282510559,-0.03746155876200106,0.3136301685582394,0.46343705971557564,FITB
6037,0.5445225553527672,0.20578785333150815,0.38109752594586144,0.5427626694432031,0.206609667488821,0.05250291248173297,0.38097379581847607,0.512159731423148,FLS
6037,0.5313358394006856,0.19449345239488147,0.3596342671963105,0.5313479632170247,0.19450881205704107,0.0012317173738879334,0.3596662831817762,0.47977244107196154,FMC
6037,0.5242882292028385,0.26350257088616025,0.42641178326465023,0.5241477990267015,0.2634896158155415,-0.00839057471088079,0.4264262355060091,0.5992202519070569,FOSL
6037,0.4958666553188209,0.14525006989919967,0.39393099318271263,0.4942024200523866,0.1446085483925541,-0.057805126762404076,0.39316946544432996,0.4844963905536083,FRT
6037,0.532093293577109,0.1903792429436927,0.3100637048227515,0.5303152396357089,0.19037598658529176,-0.05041700267851176,0.30990052457309814,0.42027769548679844,GD
6037,0.6038442905990431,0.22694334052696255,0.26883812288415193,0.5953562660151674,0.22658329498712743,-0.08791394170442628,0.26752140544569997,0.4411095900353673,GE
6035,0.5443994732937928,0.21807081066157807,0.3505767943455046,0.5390205707248911,0.21831525700026402,-0.08772190208969737,0.34992739074921,0.4841083124321467,GEN
6034,0.48054774467552036,0.15674194709921138,0.4468848068914059,0.48052739939068406,0.15677263992856505,-0.011633357954644496,0.4469093415431284,0.5370925525401756,GHC
6032,0.514505052403203,0.24787280032664752,0.2961014889542894,0.5135423772448195,0.247898188592858,-0.031054598599262902,0.29619029263978963,0.42404375801491323,GILD
6037,0.5205794284155438,0.20465961078272182,0.30594613366717416,0.5204734710208777,0.20464449364971435,-0.017518360340759844,0.30591850900206713,0.41649609768627505,GIS
6037,0.5901685041417766,0.08540487175419119,0.35081363190833564,0.5840037938147068,0.08467040536819576,-0.10587867277590841,0.34989883996399435,0.4681405131512871,GL
6037,0.5141721537647612,0.23073206024862375,0.30815429168896497,0.5137722875391088,0.23049662513899202,-0.0093185486735548,0.30819806563013386,0.43225260066245547,GLW
6037,0.5093931059569043,0.1587221372531466,0.32850592648590365,0.5087209565815888,0.15848193679507996,-0.03332836831099231,0.3283136129434456,0.42101127513452813,GPC
6037,0.5946811700507628,0.22645325013560094,0.2818271319052402,0.5938670341418356,0.22620259210628368,-0.020765332254744407,0.2817809116258138,0.44265929491663364,GS
6037,0.5117494130626457,0.27601072554573874,0.33133309670442235,0.5118975781023446,0.2762936042878123,0.012085665011470206,0.3314172626178024,0.4789685732852539,GT
6037,0.5280416614044202,0.19674026692936403,0.34206615651874983,0.5208488737724071,0.1961733292864985,-0.09877782980889536,0.34114793339256483,0.4556722970051083,GWW
6037,0.6067252654646141,0.19064205885043478,0.28854258048521697,0.6056034697562936,0.19049730481201713,-0.024796456778992157,0.288394574047653,0.4333092265723947,HAL
6037,0.5104908935689406,0.22229900157057797,0.3714519184358832,0.5104332609511356,0.22226475437181092,-0.006334825016079687,0.3714636661782426,0.4924997550047578,HAS
6037,0.6072511605767503,0.16018061480249166,0.34321296825433284,0.6074587345514665,0.16077523731642435,0.019865688852992457,0.3434097836624329,0.47656655990787866,HBAN
6037,0.5271111132451696,0.19346039119056407,0.2710190676122386,0.5186304759197555,0.1932242945878643,-0.10049049337790669,0.2701072565129323,0.3833182535856673,HD
6037,0.5244040743340808,0.26554939508511366,0.34556221113986196,0.520501765631352,0.2643354245888808,-0.07238203459782093,0.3450203545643484,0.49775104718586466,HOG
6037,0.5221576927496392,0.18585642563602323,0.2893325181110472,0.519003220114422,0.18547321301090844,-0.07017626655775563,0.2889713405104845,0.3951558068065716,HON
6037,0.5389981820644361,0.1692743509925683,0.33576003692459827,0.5389557614997862,0.16925500070132896,0.004531788014673833,0.335805090706339,0.4373990708470629,HP
6037,0.5489118154521632,0.20426116289798107,0.2961282652424566,0.5459772766973199,0.20386940310604107,-0.051683538546204076,0.2959751647480817,0.4247297799356346,HPQ
6037,0.5509859334060047,0.22400180622325414,0.34853868895712586,0.5464448959399354,0.2243652609420048,-0.07957643538886985,0.34779618906118726,0.4899840718554316,HRB
6037,0.5003000219799041,0.1931601765684207,0.3389373565510483,0.5002872533241935,0.1931471182185173,0.0031117346044195527,0.33897965742963226,0.4411788731919497,HRL
6037,0.5013936446701024,0.2279853976075556,0.3828040939212696,0.50107778344523,0.22849158406876047,0.037234412642954094,0.3827267244582425,0.5018137492532274,HSIC
6037,0.50567040479611,0.17499198380068623,0.36476729731172736,0.5052004797797733,0.17686435144888266,0.05513745583176241,0.3651345101235621,0.4656066333844495,HST
6037,0.5166066522567715,0.20147552032557017,0.3293182382634603,0.5162545903115777,0.20159178051653853,-0.03315270734918285,0.32918826202299845,0.4455433543249036,HSY
6035,0.4887075694986535,0.1500692830370297,0.40516586649736297,0.48860517208686305,0.1506034792113504,0.029799150782263816,0.40524461026243064,0.49178958941755646,HUBB
6037,0.5494234692533024,0.25265890171525596,0.35583657542463676,0.5492366920936483,0.2526218494810562,-0.011560521914915354,0.3557897109008684,0.5131664726283486,HUM
6037,0.49126626022385533,0.2249926658570162,0.26660848747781285,0.4882461118030429,0.22484182336225472,-0.08441506454079013,0.2663496466146117,0.3899290877151098,IBM
6037,0.5024951287606171,0.21396087145964193,0.38333251983925415,0.5016044061771527,0.21373820333743723,-0.029661450484388924,0.3833275697318031,0.4994256025429657,IDXX
6037,0.49653993976634475,0.15785897887611094,0.4004687829763766,0.4965627362052258,0.1580817898280384,0.015412468822214417,0.400609813715355,0.49056180298642094,IEX
6037,0.5703131141243197,0.18542306131905656,0.36682796270740187,0.5691536851410287,0.18530798032646842,-0.05324406875733145,0.3664074327706533,0.4988789751545163,IFF
6037,0.5516047762773553,0.25179142518258335,0.4101624525703273,0.5461735329061135,0.2524115025692939,0.06687327626706739,0.40909916280159175,0.5521211848138062,INCY
6037,0.5123943584326426,0.1990731511147189,0.26624247730987743,0.5108355838739013,0.19898078702939204,-0.04448254025605649,0.2659792257152823,0.3738405130314866,INTC
6037,0.5028315780509985,0.20925989976487705,0.30172910344801823,0.49932823366338636,0.209461978885827,-0.0698726408938645,0.30166372425275434,0.41215618997411607,INTU
6037,0.49502996156616524,0.20151834556380135,0.3055878086710542,0.49289398318798866,0.20053595680194852,-0.03700490028802376,0.3053841157097084,0.4057553992165841,IP
6037,0.49170692936287613,0.23253415832826724,0.4211438044395805,0.490156509772116,0.23230379006054078,-0.05653703660830975,0.42052180548835755,0.5427766504012409,IRM
6037,0.5278648886171501,0.18381571061062285,0.4273240187657481,0.5243193663256205,0.18476573252944223,0.07650346820170605,0.42663318350922697,0.5410003983246737,IT
6037,0.5185415557597438,0.1665590909036314,0.36985160270643486,0.5178208623171383,0.16626436909809095,-0.028285665270011074,0.3700152586968354,0.47280387625205883,ITT
6037,0.4916826717905486,0.1539937436826734,0.3099080070308495,0.4884082754347356,0.15295011302796424,-0.07193544377904107,0.30967811572705983,0.3913681220280252,ITW
6037,0.5533099684838396,0.20276099392271982,0.4516794395373171,0.5526795597780891,0.204105620624675,0.04976978356535587,0.4521462179974098,0.583372693678923,IVZ
6037,0.5700007618587737,0.20599198743448185,0.34686231428914344,0.5636773045501284,0.20592604084120839,0.08975465150021705,0.34599893418997646,0.48350167384518167,J
6037,0.548590455913,0.22498113935046388,0.3745690582252371,0.5484721182937714,0.22539458653951475,0.02574934368945372,0.3746420636561548,0.49757601672391,JBHT
6037,0.5578178026812427,0.22183170595216006,0.34000568112414886,0.5574472093988049,0.22240639055580844,0.032081164899703696,0.3398340382726016,0.4804430119540286,JBL
6037,0.6314339379742002,0.08179067753036469,0.36036071112741586,0.6283470261700798,0.08148091481217805,-0.061670455156225774,0.3598942387189686,0.4945606134646419,JCI
6037,0.5618918094996469,0.18267578896458184,0.3798336285117486,0.5609953172471204,0.18303052840323594,0.036964306623353066,0.37996821581929313,0.5058486423404825,JEF
6037,0.4927678867393953,0.1757939470983542,0.3824564231780076,0.49274635317713644,0.1758088443519076,-0.011009116462871536,0.3824800888090067,0.4783332166228364,JKHY
6037,0.5263732000244963,0.17992753061589029,0.2633414231408015,0.524261387921572,0.1799966174599965,-0.08118479613461915,0.26301209968255623,0.3680548658302973,JNJ
6037,0.5733958475701789,0.20573200563191635,0.2570750037289667,0.5678489318486918,0.2047714025415144,-0.06386122496320613,0.25646076833856696,0.4080693464696773,JPM
6037,0.562749435757501,0.2298909785757455,0.3257783775199415,0.5627631928173142,0.23006973401309333,0.013173183434488646,0.3258174464285442,0.46320756228328247,KBH
6037,0.5967660553129311,0.15729157483635195,0.3208316419148037,0.5923582845890194,0.15620620986339262,-0.06999053609080035,0.3197112293340142,0.44892765976097987,KEY
6037,0.5552020109488718,0.15766682507320975,0.35566191545220616,0.5552099445559558,0.1580489844207507,0.01680354581705025,0.35584151902213557,0.47062768540661315,KIM
6037,0.5428457627005265,0.21568910087316318,0.3099054937548884,0.5341317678736263,0.21491426794405843,-0.08484044048400086,0.3094151865926397,0.4239912800909445,KLAC
6037,0.491568544807655,0.17370047591316531,0.2835791906563033,0.49067024145584925,0.1736438887607154,-0.05350656724272793,0.2834431394283511,0.37326703326810934,KMB
6037,0.585327482808495,0.26969385702964827,0.3859498018791818,0.57057550912789,0.2744351415117458,0.1109129490422296,0.38330263769894385,0.5612919840444786,KMX
6037,0.47934306095695345,0.18101596469099812,0.26511369109134725,0.478807897270675,0.18147557773829853,-0.06127240838044178,0.2648605827608555,0.35627537757472766,KO
6037,0.5375040223220482,0.21306370979288314,0.30111320218770454,0.5367955138568236,0.21354267452096665,-0.04757890081836938,0.30097193333098243,0.41956998356334874,KR
6037,0.5253205151610203,0.2506784316525506,0.32067387063645325,0.5145013343019555,0.2504232679210766,-0.11703390374930663,0.3182778343021138,0.4627514329915045,KSS
6037,0.5542054596877172,0.13363902965645197,0.3327014095664706,0.5541499182546995,0.1335706366385393,-0.005111712973837955,0.33274796836444126,0.4338270932180466,L
6037,0.5226600580542229,0.1797902288208504,0.3597971584803725,0.5215051689696747,0.17925562967981823,-0.04536935100938843,0.35948097315956323,0.46609136757718433,LEG
6037,0.5643601442964206,0.2364780140099315,0.32601327315326567,0.5632334139554604,0.23802495625010264,0.04729717212136467,0.32582921604768544,0.4691293663575312,LEN
6037,0.5171154104312448,0.20900023401658768,0.35458685715762134,0.5167328317781147,0.20922559504115365,0.029304225755542486,0.35443311824451557,0.4785739586502389,LH
6037,0.5272534051316635,0.20821692051200627,0.3480066596756287,0.5266965620827604,0.20829643215678495,-0.030522193237102868,0.3479114119474347,0.465901083965311,LHX
6037,0.5096365571535256,0.21313401489407083,0.399725109303498,0.5073885932084456,0.2139534249350207,0.0628414920389357,0.3995281456993868,0.5136094756593219,LII
6037,0.5303345166703568,0.17017791734180837,0.3160150014985179,0.5298793525663322,0.17003974198262528,-0.025405715291356046,0.31596643408653613,0.41949948192527875,LIN
6037,0.5105671223041348,0.21665601339254414,0.3108558588650862,0.5105600947808098,0.21665037799022172,-0.0014804327332072593,0.31088187028219455,0.42544135939585276,LLY
6037,0.5590881495161296,0.18284661853195416,0.31506367765373483,0.5590316898754012,0.1828115365810944,0.004357120870917852,0.31508146099897316,0.43231949278452203,LMT
6037,0.6022898932359673,0.17653910306462045,0.32165184007407627,0.5927987546303446,0.174792837785126,-0.08495292169111587,0.32021854204070216,0.4753496012378555,LNC
6037,0.48826992051631046,0.12238993244947663,0.3682675086506618,0.4882443266671848,0.12237110488858119,-0.009301121954397966,0.3682265648327943,0.4443099578466906,LNT
6037,0.4918319760932131,0.20787896272434989,0.28326088911226127,0.47765214048030463,0.2064811768254039,-0.11914426653113058,0.2820886551049084,0.3844401572956683,LOW
6037,0.5258673802040653,0.18877950589525544,0.3718774236987819,0.5200112480004774,0.1917967477961297,0.07080216544686944,0.37064226022980246,0.4739598674000439,LPX
6037,0.5077463100421394,0.2483643085576107,0.32340309582670085,0.506178456637623,0.24804988460139485,-0.02802649357615444,0.3234808706472004,0.43921176680601187,LRCX
6037,0.5339694263326993,0.19640972408075946,0.3530477174256288,0.5317179363196783,0.19722383896403362,0.06683283581148233,0.35328487847679163,0.4804051275138068,LUMN
6037,0.6212815563891557,0.20393629396156884,0.3050433363612266,0.6203008494374564,0.20378512240088026,-0.027366601143446495,0.30483353357511067,0.45751139322383105,LUV
6037,0.556634091209607,0.2451785467476886,0.31393695017826667,0.5486889086803648,0.24424674461200618,-0.07139570541325302,0.3124790926818697,0.4582021137934694,M
6037,0.485150982982512,0.148475343309612,0.39956118340561964,0.4829385775326567,0.14939179192667523,0.07515797241597964,0.40014767454712913,0.4859610804323235,MAA
6037,0.5556782251194823,0.19827325262734558,0.4142692993974853,0.5550456292488536,0.19765927431692107,-0.017776965352417535,0.41400300934320905,0.5569380100468473,MAC
6037,0.549750325855763,0.21118864357330575,0.33408895368482733,0.546798159485873,0.2105009362017333,-0.052692272993915795,0.33360399104884,0.4685956611999839,MAR
6037,0.5187668142650671,0.19643326404704914,0.3235763973140799,0.5151427405427269,0.1950206254271081,-0.057972220669947616,0.32317188496402705,0.4293767805497474,MAS
6037,0.5607579450359291,0.22002820621006425,0.36348096072934316,0.5608311993428517,0.2201888226716798,0.011802907797934614,0.3635055116466772,0.501206212582228,MAT
6037,0.6165040631454477,0.2581049530912662,0.40141221503490454,0.615410996290021,0.2576197385095264,-0.03240862575124966,0.40135369485984623,0.6331233207767121,MBI
6037,0.4872319560725197,0.20451146821963614,0.2841700729666277,0.48445076836615725,0.2045331912780448,-0.06977395874677007,0.2838156064342119,0.38910213039414,MCD
6037,0.4885354221552903,0.2374325448741842,0.34010571489466457,0.4865250761236445,0.23680650380200766,-0.04935336197790013,0.3397856483831882,0.4511492328812898,MCHP
6037,0.5034708163486384,0.23301469958474497,0.33612261570918633,0.5014320555304294,0.2330094948762723,-0.05279861355440809,0.3358832682308589,0.4603444476231952,MCK
6037,0.5539140476324126,0.2142948032845739,0.35169579279521807,0.5524092634289359,0.21408437259377608,-0.03878368922328748,0.35152154493531274,0.4908337236036161,MCO
6037,0.48234173042389733,0.1992248474464686,0.28570456166104313,0.48167080875114204,0.19909026756935505,-0.04011984900242422,0.2855637360474321,0.3861442209080628,MDT
6037,0.6380752950956076,0.24706215149496025,0.36717258018587207,0.6380230997893683,0.24702524502611595,-0.002404507914519067,0.3671875802717601,0.5764761798124134,MGM
6037,0.5236274246490251,0.23966892780152937,0.3687197328846761,0.5228164343149648,0.24113787826473454,0.05381183878567252,0.3686333440671805,0.5060688093922832,MHK
6037,0.5121153421351192,0.18540430380446693,0.34680234840893365,0.5121192286625033,0.1854118157840362,0.0021078839829081265,0.34684161501118166,0.4520439274674618,MKC
6037,0.5267000888529214,0.21812751374106362,0.37396403694543234,0.5257765278236116,0.21845582133919278,0.04568763195658525,0.3739153808180537,0.49439670438327443,MLM
6037,0.5319562726339826,0.21554292904551905,0.2808175481520493,0.5280605836309628,0.21526528420963306,-0.0823669767150683,0.2802925339173689,0.4092698299935967,MMM
5995,0.556003564680786,0.2842486114382962,0.5901102485908714,0.5147021392175956,0.28820062424058274,0.1988076203738864,0.5787950895605752,0.7876764766695478,MNST
6037,0.49625761531923684,0.20467311564063442,0.2922628018409962,0.4924420285602624,0.20440384272282627,-0.06390759505514498,0.2916633039040437,0.40194921851755255,MO
6037,0.5490533848328546,0.23687869236804135,0.3581294975543844,0.5298690972596174,0.2379102000104728,0.11415686854991511,0.35609016739508886,0.49808971837188076,MOS
6037,0.52523014008888,0.20506586583414718,0.28292415960252193,0.5234370772682757,0.20509522619738296,-0.06146645957522178,0.28249783801322487,0.40049547835801236,MRK
6037,0.5934476395375554,0.20595400953375725,0.2912572723127989,0.5837121991444011,0.20506384459265206,-0.0907370474621682,0.28978568579845004,0.45143448864598745,MS
6037,0.5122560408770935,0.19879982099716384,0.25288484343857737,0.5090773223178553,0.19883350247259804,-0.05738683698994143,0.25292545849223064,0.36734615645253244,MSFT
6037,0.5365762853945354,0.19265877650429358,0.3368663095245014,0.5356255270676848,0.19251744480447094,-0.03479444026643063,0.33703019984602967,0.44904577098145354,MSI
6037,0.5914868312119302,0.1891136272514123,0.35141573341843124,0.5880123081695451,0.19209503290087127,0.10764323970447988,0.3511032191156357,0.492402064750151,MTB
6037,0.5555164486247097,0.25245515300428006,0.39480567166419966,0.554321455659782,0.25275009644220375,0.042202561329727835,0.39437506571376235,0.5430247650113356,MTCH
6037,0.5188610381799664,0.2004109199251507,0.38872770434409676,0.5178941539313188,0.20013202187495696,-0.036087545146412596,0.3885954350152993,0.5034120394940196,MTD
6037,0.5798039017990937,0.21904400342749536,0.3985840529998701,0.5801051636771775,0.21946756642656998,0.010433509841166123,0.3986433839544015,0.566700509713278,MTG
6037,0.5770107969367311,0.252040817717284,0.3978642544329741,0.5766654239277339,0.2518623650179075,-0.013060457042985734,0.3978983289632276,0.5624094440137389,MTW
6037,0.5321335346295265,0.23428034441846962,0.2982799777015768,0.5259892802519429,0.23572365307489582,0.060433956070546226,0.2974129197741217,0.41442789250739237,MU
6037,0.5479147372057217,0.19735931839882032,0.3293228976501635,0.5426726156148098,0.19674987643862146,-0.0669863970947655,0.3283547513676531,0.44710874941968426,MUR
6037,0.6289047102475814,0.19698410912108869,0.3251677534499463,0.6225076128664895,0.1954968740562679,-0.0605534435625832,0.3240831234300841,0.4745194011188524,NBR
6037,0.5053142184688578,0.20904841546857633,0.542404973001078,0.49508513552524885,0.20933988568528253,-0.12751856813452409,0.541317439715328,0.6683119701272477,NC
6037,0.49487538464410313,0.17564623614773833,0.4062645747890311,0.4946653124280736,0.1761451727970753,0.030967308997194225,0.40628166496872864,0.5030671009799399,NDSN
6037,0.49125028716270747,0.1698289061034466,0.3126900603674895,0.490410747353431,0.17014814393983457,-0.04639444803317972,0.31240336526410084,0.403829523372447,NEE
6037,0.5730746014178532,0.22580894699290693,0.28716394915680543,0.5719959566624211,0.2260456617599911,0.041474847090895266,0.28730350694624107,0.4130504622044779,NEM
6037,0.49323578510995986,0.13744123179208242,0.3577794393923211,0.4922244409354838,0.13737047969541394,-0.0478839780650772,0.3574886790566597,0.4382416671301004,NI
6037,0.477692054096647,0.22528858664549703,0.2991854286474366,0.4770034299371525,0.22513005577051615,-0.02527598276519967,0.2990758045611984,0.41530454184860316,NKE
6037,0.5590705670038016,0.18218043127253927,0.3124750889506455,0.5591252443451369,0.1822468294315412,-0.007385370786592641,0.3125053968037962,0.4286024766682305,NOC
6037,0.529496906258625,0.18551516833033957,0.3225558458105986,0.5291186712778422,0.18546382259546876,0.017039879727992684,0.3226322665085371,0.42529131593479796,NOV
6037,0.5128107203761233,0.2033560282575477,0.3064569126946648,0.5128090364320996,0.20335319063839177,-0.0005135888304168618,0.306481955553311,0.41116854159163785,NSC
6037,0.5186407465744126,0.23106947429975924,0.3291666422613781,0.5135161296564947,0.23020870609832955,-0.05695693137437788,0.32897267635783445,0.4517630007965572,NTAP
6037,0.5085755812235841,0.19531396326036168,0.3257649214586422,0.5084559655145142,0.19525089443963586,-0.013999372845145684,0.3257683149431817,0.4346908241027536,NTRS
6037,0.5139492446859144,0.216047202225829,0.3146090777098282,0.5114824943057505,0.21597281219665151,0.04565886468394402,0.31420900260675033,0.4250339376425001,NUE
6037,0.6013317174435074,0.2250257070419317,0.3033812387954731,0.601280234512227,0.22507408044285504,0.005042676993392122,0.3033681671399913,0.4560179255816216,NVDA
6037,0.517954234016311,0.18938405177507725,0.3982107967034446,0.5111845164346439,0.19081284614113722,0.08488627411241813,0.3965668396014856,0.5058932200026895,NVR
6037,0.5656357568899394,0.20119583758401227,0.3664960587018822,0.5650015883039803,0.20093125706487838,-0.030507568894623735,0.3663040689686526,0.509993708058509,NWL
6037,0.4978858652650138,0.21569483118844116,0.3798869256762616,0.4884984971589645,0.21927211823683956,0.1597328359172188,0.3778653723823789,0.48839120833792693,NYT
6037,0.5773410856450738,0.16273552658475474,0.35346934140447633,0.5765425510510831,0.16326827844428318,0.052293996155753884,0.3540727489203512,0.4737529084835328,O
5965,0.5855509745714003,0.2126113347874893,0.5477089771733203,0.5680956146114132,0.21652141308788808,0.1758462970612883,0.544500782522611,0.7043677496290494,ODFL
6037,0.541162017584226,0.23060994609590194,0.3882632018686916,0.53940649112657,0.2320800718115005,0.056131864495527845,0.3879997684962119,0.5275520534784778,OI
6037,0.6086477188217508,0.1298049212292822,0.3651680852170109,0.6078088413861277,0.1294657643274848,-0.021975095940992763,0.36487931763297415,0.500977551422669,OKE
6037,0.533106263315507,0.19056394320077935,0.32169676348143916,0.5293041298831298,0.18971178109319525,-0.08765224329670346,0.3212356927416787,0.4378522724862431,OMC
6037,0.5273845387708387,0.20344836201890412,0.27818807411631236,0.5227606553081175,0.20363621096978618,-0.0899205167144488,0.27813224458499536,0.3963390744781117,ORCL
6037,0.5596036111420005,0.21066565020323672,0.3599237002653268,0.5588575727700672,0.21052804995076646,-0.027076224942382487,0.3598486095525689,0.49320118151611336,ORLY
6037,0.6457282825439026,0.14694920838662504,0.2799001909768953,0.6457280455911798,0.1469508220699084,0.000985811227484997,0.2799307205137311,0.4227374347260066,OXY
6037,0.4868536120643013,0.1857361211380784,0.312808096751178,0.48374521314895647,0.18535260606814344,-0.08376120732035275,0.3124233998664298,0.40850939806789155,PAYX
6037,0.4989707459065257,0.19578212004395773,0.35779509885445554,0.4986341804016577,0.19554904233083925,-0.01216807592079786,0.3577789550894163,0.46840068108683314,PBI
6037,0.5141562022610223,0.19391261509473834,0.31635369927887763,0.5114834667822724,0.193389335377973,-0.0489097330868594,0.3160211948382437,0.4184333991241988,PCAR
6037,0.5558532965903418,0.19267309616942097,0.3699327550571028,0.5556875418728195,0.19342698791242774,0.043353165028812514,0.3701611835203958,0.5098416362217316,PCG
6037,0.5092619571371311,0.14688732731533935,0.3397332949378668,0.5086601271752882,0.14686520427604147,-0.04060207565824815,0.3395342288684799,0.4273000324705454,PEG
6037,0.6284884134790982,0.2503120870039427,0.44799474958130286,0.6263662812035464,0.25303297339932085,0.057714856121461815,0.44745212951408525,0.6599838297347064,PENN
6037,0.4680211031215863,0.1711741585450216,0.26508058074774676,0.4667390892235589,0.17103753835537533,-0.06076486782260391,0.2647994423911294,0.350487736931864,PEP
6037,0.5709319208054068,0.19680684439619917,0.2641302644185761,0.5703606331568113,0.19689793682079682,-0.04004798840161928,0.26392457822294435,0.3925854392914708,PFE
6037,0.5064581546424429,0.17586554435259455,0.27075157197050864,0.5060555434479015,0.17584014988296734,-0.03267015466162946,0.2707480122337385,0.36567719426456574,PG
6037,0.4865852843738513,0.18487790182033867,0.3324038123196366,0.48150033246254753,0.18393036760154546,-0.07785708493584921,0.33192961753631467,0.4227323577601392,PGR
6037,0.5262157596802272,0.1930435426861636,0.3286256957929001,0.5252969955444095,0.1925154657436885,-0.025043064046238444,0.32857952329500595,0.4393670003795924,PH
6037,0.5202161209650308,0.2211536328356625,0.3233674412404327,0.5202726671408462,0.2212861592644222,0.007063640221510898,0.3234155900050005,0.4395952445104207,PHM
6037,0.5176727969053969,0.16507701090096624,0.38230589485371014,0.5170441864952761,0.16588550870472815,0.04985961120178328,0.38279023492471437,0.48573347557680313,PLD
6037,0.5562109678220452,0.18474568258633609,0.3159380918225956,0.5529005261821925,0.18388751479575927,-0.06001527575675905,0.3154224713307256,0.44486828981440446,PNC
6037,0.517950885946413,0.18812937957500667,0.38186328516334056,0.5173828781739865,0.18936344680250297,0.05072064402580173,0.3817832512245822,0.48547094726567525,PNR
6037,0.48876022231184374,0.14065983720104847,0.36499907400541703,0.4886108912220275,0.14052352003381985,-0.015483913705588954,0.3649521406316769,0.44619377695579066,PNW
6037,0.503995365857221,0.21267637449466426,0.41219818703688704,0.5040566353808982,0.21280459516545577,0.008366731391628046,0.4122441022357165,0.5214057118173859,POOL
6037,0.565510306827264,0.16833410393156958,0.3249279656177536,0.5631143181503729,0.16752174984752177,-0.05372229297914894,0.3246279783096527,0.4369234914567221,PPG
6037,0.5295318415001268,0.1576049586795082,0.34306367891877615,0.5230783388612613,0.15829288698574978,0.11861059282059334,0.3426331570970788,0.4393016840755454,PPL
6037,0.5393551781582746,0.24478986843486727,0.38619715942199306,0.5275832446128349,0.24396195634212176,0.12572424762961212,0.38504417725384016,0.5277282341433097,PRGO
6037,0.4989834979140835,0.17697015191272655,0.3476495316539317,0.49859854432613043,0.17716191098573195,0.029476767688083057,0.3478145714023857,0.4430777411713766,PSA
6037,0.4902939162558612,0.22072617378106157,0.38554893817506947,0.4889513431136577,0.22157444023696468,0.05617554588976745,0.38485271817616584,0.489815863493862,PTC
6037,0.512829307648562,0.21453040002898124,0.38593007290232734,0.5076947283215001,0.21675784180866645,0.08770976780449291,0.3857074782962453,0.50314613574085,PVH
6037,0.5330786264171902,0.19365260974667392,0.40164040750560476,0.5271491979502506,0.1951130997275163,0.08189842478303047,0.40047838812320385,0.526316617609725,PWR
6037,0.4938468052477181,0.24364633874914438,0.28516940107798006,0.4875160517901394,0.24431112404335031,-0.09443802698331856,0.2846036953052621,0.4078836275583713,QCOM
6037,0.5145553670564149,0.22371422809064315,0.34689045780589717,0.5146466320144397,0.22388268479427575,0.010121666180353796,0.34687456784053017,0.4649976977605776,R
6037,0.5978404533328483,0.2604970103826477,0.384349832508574,0.595788288221311,0.25967719781544896,-0.030649999721730617,0.38391731069388585,0.5914364331641602,RCL
6037,0.5146519208658163,0.13789691037277993,0.42054203168028165,0.5132425115111167,0.13924755770215558,0.07339529976549507,0.42105189104965324,0.516193495775611,REG
6037,0.5193996654613224,0.2783944688385676,0.3907229597811226,0.5168367499577922,0.2789005378049,0.048668051663465876,0.3904226121198214,0.5331748132018423,REGN
6037,0.6097569976263159,0.16456861006292475,0.32673783350114977,0.608641658142664,0.16387212051327324,-0.024975741126633852,0.3264399425123669,0.4651861739116284,RF
6037,0.4897983668561069,0.2142351609436936,0.3606903737617383,0.48916300950312136,0.21385613604350884,-0.024029350280442428,0.360607665279276,0.4692133160098639,RHI
6037,0.5775172309013428,0.23539139310767884,0.30811209426563474,0.5776494549085452,0.2355750154436098,0.009227547431364405,0.30822489936112557,0.4563159620918872,RIG
6037,0.5600771031600348,0.18546619389891278,0.3648646361188588,0.5598385273509022,0.18519724994209938,-0.01293837829297623,0.36482070630039437,0.49570531651933164,RJF
6037,0.5352215590922612,0.2445604319879381,0.38073900484830503,0.5350564034759592,0.2448516787431365,0.025475029866468036,0.38090945201461335,0.5218096897045615,RL
6037,0.4990652990913883,0.23085485388690385,0.38583218226257476,0.4987557738212113,0.23076640368002926,-0.019934385679256025,0.38579727639309735,0.5089138660561403,RMD
6037,0.5282033293440918,0.20502434986490392,0.3290057523743524,0.5274017178405156,0.20464783697270145,-0.020587561546967795,0.3289348340690606,0.4478535601691411,ROK
6037,0.46607435899239386,0.19103370572483347,0.4229573208518864,0.46196056539509267,0.19155078863170977,0.10121156961407099,0.4228466153035002,0.5145916816562733,ROL
6037,0.482773178203131,0.17018772216018918,0.38870787751916175,0.48277181738468217,0.17026971724897902,0.009427748549426606,0.38878363703939844,0.47602578772719933,ROP
6037,0.5238940803957853,0.19714110041059765,0.3358330376971487,0.5207015811509101,0.19676001496241852,-0.05674062229647815,0.3356535317892321,0.44798946431599246,ROST
6037,0.553970778766937,0.2192887909631068,0.38102526909743517,0.5501811089517354,0.22012878248559484,0.050551276507552416,0.38073265046375676,0.5091805030607974,RRC
6037,0.5174081368051715,0.16179498718743793,0.35931906004937575,0.5152202767399681,0.1617221899208477,-0.0723975456530103,0.35885449565298655,0.4575106738481054,RSG
6037,0.5736367288772414,0.17464164117472047,0.28702650201767843,0.5674999970348789,0.17434281136497715,-0.09820256108369324,0.28617634823501265,0.41192192913926595,RTX
6037,0.4812594104716452,0.2121595672871932,0.3678390416274201,0.480461951885746,0.21193975984965302,-0.028486837689529976,0.36779037127733016,0.4717572852684232,RVTY
6037,0.5187968680986577,0.2206512193857963,0.3844609014352214,0.5150121020218141,0.22341044169987845,0.06329026417826206,0.3829545839306689,0.5052894241859851,SANM
6035,0.4922442013728807,0.24939907834236894,0.41080110894505006,0.49197509599586525,0.24915877564515754,-0.0077023332122073945,0.4107610552479456,0.5373882181904399,SBAC
6037,0.5232133093235085,0.22926128885426625,0.28936593361761553,0.5172717555563716,0.2289926750936193,-0.06848025210574878,0.28870381731508177,0.4230759076596341,SBUX
6037,0.5273783708817391,0.22915647414386842,0.3196350761990046,0.5241530450261165,0.2289847906681502,-0.06467656796071007,0.31890657096720154,0.44245722877379334,SCHW
6037,0.460022385265023,0.20108148095960854,0.43296136197635093,0.45791801843608176,0.20279724805691537,0.06536073517273869,0.43216318231563516,0.5295165313715022,SCI
6037,0.5187424327545995,0.2102886247224993,0.32985951019823284,0.5161767585242072,0.2100862433943404,-0.05801914594322069,0.32943140919968733,0.4511341195680002,SHW
5833,0.47346602705596974,0.2783001825023254,0.6519861803561661,0.4735438548887766,0.2788759775063981,0.01538874903890887,0.6523904247570788,0.7910906756870602,SIG
6037,0.6468184416733896,0.2047688958912189,0.3786386589987315,0.6405565008581058,0.20645729961473566,0.15011756306377655,0.37860063267161465,0.5606429641083749,SJM
6037,0.5454678327620328,0.19293161406392953,0.26349029882984243,0.544970842642314,0.19286131563800965,-0.018100299406641613,0.26339925635642636,0.3739416506981976,SLB
6037,0.5750483715946222,0.16598278429633934,0.4067841595545478,0.5693905307103698,0.1641501758882342,-0.0678110551409529,0.40507636075024456,0.5429710860632214,SLG
6037,0.5566516800709848,0.20953313539317875,0.3984609362905057,0.5531763262471938,0.20847197707223974,-0.05692940572975864,0.3982514080509976,0.537838960151756,SLM
6037,0.5076482979278177,0.1843826810106617,0.3530377597551791,0.5062859794833884,0.18388025786320536,-0.04386025962600131,0.3528148740419884,0.4571643755388588,SNA
6037,0.4974955349731057,0.2026274691505416,0.35313694123546063,0.4966875913812894,0.20249910164794524,-0.03263480624058404,0.3531654702072734,0.45786646259650415,SNPS
6037,0.5160661938185337,0.14666277088284682,0.2938228198635306,0.5150370996140924,0.14666036133067956,-0.04868741662832023,0.2935953413425675,0.3834575018245268,SO
6037,0.6018691096321618,0.1764003528158716,0.33080751604210584,0.5959119086017075,0.17548183515850732,-0.07183788773722882,0.3293874448394287,0.48033326412037686,SPG
6037,0.5608778631284522,0.17418324037535332,0.32945239133254883,0.5590577416003637,0.17380192965167535,-0.04486701322666586,0.3292320922641547,0.45007720033161197,SPGI
6037,0.5007981245575812,0.15514620854988462,0.3486023063083989,0.5006824124668243,0.15507615390825014,-0.01523181442282328,0.3485457511263933,0.4411564840126551,SRE
6035,0.5791828236082747,0.1911317637691194,0.4299237225888399,0.5791118612098357,0.19308338819290194,0.04137337533743737,0.4300203491157423,0.5721786210929201,SSP
6037,0.5144079519385876,0.20528416113465253,0.39241464891655176,0.5139518130954631,0.20542222433818103,0.03578782400557601,0.3924167803680942,0.5050476194462201,STE
6037,0.5260194224437332,0.2133135802323383,0.38677018211910463,0.5196055926359977,0.21418291523105118,0.07807780898824959,0.38581364241990407,0.4987236647615262,STLD
6037,0.5811314930152394,0.18787998336752107,0.3227362290443567,0.577944213110894,0.18743279756602554,-0.07187042087350258,0.3222129911662337,0.4584732773398319,STT
6037,0.5344605252682129,0.23812472585621206,0.3536047963239259,0.5345112170851084,0.23818487208008116,0.004373245485985487,0.3536471381460369,0.4940710014981422,STZ
6037,0.513642089302793,0.21716489015394266,0.3557193518531922,0.508501507811974,0.2200674339111031,0.12323608964974368,0.355072029752371,0.47656906280005334,SWK
6037,0.5304845660497313,0.262932683053822,0.3549609173248489,0.5303551155312491,0.26320321337984526,0.016902913179718544,0.3550195379011414,0.4903601727875129,SWKS
6037,0.46834427460949357,0.21073986526085475,0.3291736677171976,0.46780928941400535,0.21051716140366625,-0.02307948633621532,0.32912073094073174,0.432310772976848,SYK
6037,0.5147273107278998,0.18570446042389688,0.3056318225001092,0.5109983600143123,0.18516652552763435,-0.09500825164057614,0.30486555172565055,0.4174046632521816,SYY
6037,0.509954861981033,0.19522715277591188,0.26665588542838664,0.5099588631815141,0.1952844096027569,-0.012486582170207525,0.2666024576258212,0.3700572066799254,T
6037,0.5377081857373801,0.2411029327102007,0.36081340285718083,0.5361446578199253,0.24098613873291308,0.0662606017827683,0.36083129016853316,0.5050644356041859,TAP
6037,0.48127865061431513,0.1544198241956455,0.40288483628607064,0.4799703149035228,0.15439866701845,0.04979242989676038,0.4027115935958886,0.48462697704137914,TDY
6037,0.4932763908368369,0.18873614889232623,0.40162807689036245,0.49303686215036946,0.1886746410977257,-0.021137620612999897,0.40167085641064,0.49887560366542544,TECH
6037,0.48491644573832,0.2308903515637537,0.33454860870297215,0.48492853059431335,0.230905052706944,0.0010910064655311337,0.33457518871457126,0.43270214415497504,TER
6037,0.4978612222672111,0.2578850575223069,0.37678810166081944,0.49693841655841037,0.2591249146945402,0.0394801464938551,0.37669946734689624,0.5033790831813224,TEX
6037,0.5822444611501872,0.17357209207071173,0.30191841803102265,0.5820637719740088,0.1734064150904674,-0.0076257396710758115,0.30187906956905375,0.42964628052211945,TFC
6037,0.5209962729819132,0.18893724071067527,0.3938239009199895,0.5209842457819951,0.1889397441943693,-0.004998415123592614,0.3938339632644148,0.5041149513154641,TFX
6037,0.5042227434943996,0.24453288261602066,0.2976463858482245,0.4991526076232323,0.2436596414811667,-0.07604557819457354,0.2969384245013194,0.43112464913067944,TGT
6037,0.5406976459785822,0.26907206897714253,0.38676686434504587,0.539388704202614,0.268666632672997,-0.02469146539902475,0.38652505282636296,0.562477194755219,THC
6037,0.5200017112424954,0.1792111638022641,0.29889633488997225,0.5143988371825927,0.1782135973869809,-0.07317609388835629,0.2985107403973648,0.39682106204657885,TJX
6037,0.5056660808474536,0.19378074474220283,0.3799140453662855,0.5057209054735552,0.1941804682589457,0.01889951380870859,0.3799591100720682,0.4872403491535814,TKR
6037,0.5224468216793224,0.20711277216388727,0.33232747170005,0.5210870517180326,0.20755139338424208,0.04910079188528707,0.33220417512233796,0.44597040821877787,TMO
6015,0.38422081378937417,0.3330988633525484,0.6402918198990374,0.377903054537081,0.3316380678600701,0.1001519147602114,0.6386395095192512,0.7712341960428237,TPL
6037,0.5137088799680762,0.20472745750866425,0.4126653198845172,0.5132226997512396,0.20531910572028925,0.03498896377658532,0.41242812650044036,0.5279334097071843,TRMB
6037,0.509307551709608,0.2026552181805277,0.3255497668957742,0.504070942706251,0.20216840454156315,-0.08400151742492877,0.32465810074809964,0.4384704793805502,TROW
6037,0.5099007370442116,0.16879017663847967,0.3096167947492224,0.5075520867064554,0.16833680569719,-0.06571099939768267,0.3092103744698022,0.40875189782507637,TRV
6037,0.5270879180621452,0.2491097881447661,0.4362507120456649,0.5221524057004744,0.25035163935470045,0.06912835250409965,0.4354648941877227,0.5699348303532664,TSCO
6037,0.5644671061869254,0.22799035462532,0.350879141380601,0.5644681782826853,0.22799194800284947,0.00039374363852288745,0.3509114534462894,0.4941515105630985,TSN
6037,0.525916765977577,0.17771695531571546,0.3298602809387087,0.518706529441712,0.1759630170857711,-0.07450970170292495,0.329230502846563,0.4323560623362988,TT
6019,0.5506323384589656,0.308455226875251,0.4078971803352219,0.5476410888032968,0.30937875677365884,0.07442987797920306,0.40731440687703413,0.5929132497703655,TTWO
6037,0.49314258348861373,0.21090406559023303,0.2775710620434154,0.48780123979096623,0.21003631881606652,-0.07103651779727599,0.2771572563863081,0.37889595715378727,TXN
6037,0.5119735178869214,0.21420519965863333,0.34142066428215534,0.5104560884494628,0.2136592991329162,-0.03441438052481398,0.34127487897742265,0.4642828991211446,TXT
6037,0.48606423790145664,0.2157205968818171,0.4756931768435974,0.47878703912225756,0.2165794817585883,0.09672848171917427,0.47453718011500534,0.5815325780071123,TYL
6037,0.46558445200531284,0.13530031524115957,0.3770719936070441,0.46557981442002405,0.13555503129207666,0.013661157117543982,0.3772176822227554,0.45114782368943357,UDR
6037,0.4627361013135388,0.241857715318444,0.37394730428696865,0.46273508901959415,0.24186812033542368,0.003780475829912561,0.37396844882310865,0.4889540281605362,UHS
6037,0.5828334196451241,0.23621784467170617,0.3894751604933725,0.582037274533266,0.23758362992742735,0.047447276767082096,0.3891778561328792,0.5629159636123073,UIS
6037,0.5089159611766384,0.22500859043317717,0.29289971195212844,0.5058576275236037,0.22508629006247216,-0.05528398210007323,0.29267435165011474,0.4169012769004396,UNH
6037,0.5446985758836145,0.17914593033423024,0.36067572008190596,0.5382603771397731,0.17819391872718626,-0.09317053869586556,0.3596270706722577,0.48831065751701414,UNM
6037,0.5175700936651346,0.20530853968413493,0.2930224399483633,0.5173875325315759,0.20523859576113476,-0.012321483743887491,0.293052527272185,0.3999943786665712,UNP
6037,0.5194816799587368,0.22756392816145396,0.28633950410992437,0.519051352413985,0.22736517143155802,-0.02241198872051419,0.28622919969703065,0.4173915044712773,UPS
6037,0.5205206590859556,0.2657792101599123,0.41239932536361634,0.5172445264960386,0.2668527302202478,0.05553936722347147,0.41199342779647063,0.553045368511065,URBN
6037,0.5248969264426406,0.2602258546989721,0.3753676683177555,0.5248080567062955,0.26084820652798,0.022451255865492636,0.3753633427551978,0.5198711519021679,URI
6037,0.5872176803077847,0.1588683671069908,0.2853225044036212,0.5849954415520823,0.15804042058003978,-0.05111444515573821,0.28493564419510437,0.4124911465303208,USB
6037,0.5239947294770574,0.1893838195404283,0.3379502489544756,0.523835729466609,0.18927687510794095,-0.007820476187169658,0.3378987254487285,0.4453696397583895,VFC
6037,0.5462596837594164,0.2284197730332262,0.37073292554284704,0.5358756172660013,0.22977792446988954,0.129370432690223,0.3680919180729393,0.505807655011177,VIAV
6037,0.5759683100724733,0.19882380187001175,0.2896436241638445,0.5748014631575167,0.1986602477174397,0.021915544966762353,0.28953309062811616,0.4135153759394755,VLO
6037,0.5321830390100591,0.2090978555657845,0.3431742581085615,0.5285458812119606,0.21026515816583669,0.09864092565374157,0.3428665930339234,0.46190734545531914,VMC
6037,0.5654695080803698,0.1733755410330332,0.3711088010573906,0.5642145246309845,0.17279068993502136,-0.039860684259836424,0.37069198732638997,0.5021447541654293,VNO
6037,0.5266795649296888,0.2108498771665134,0.368694389782765,0.524970328305624,0.21096220005002006,-0.04896432465580775,0.3688644285309938,0.49316232224128154,VRSN
6035,0.49953223029587857,0.25585788638378315,0.35234909198730885,0.4981555610370791,0.25599226448608314,0.03701276410396362,0.3520810815879681,0.481886135142983,VRTX
6037,0.571426738470747,0.14798842552526387,0.4132463579867749,0.5630877644934387,0.1514234174544115,0.10163084368921464,0.4131643955615446,0.5369487877975068,VTR
6037,0.5456969012768129,0.24999405834458194,0.3701696287005923,0.54570138275794,0.25000321434113737,-0.007422749197778433,0.3701598573767509,0.5187828699476832,VTRS
6037,0.5194000125762703,0.18366763610881137,0.27233201468468493,0.5165764269010341,0.18375678753139923,-0.0926690594687772,0.27155730050542615,0.3704258039805795,VZ
6037,0.49973883862829654,0.20148098341010418,0.42702357387777456,0.49669443415379394,0.20161960809818788,0.083145185253694,0.42708335322847035,0.5308429150315528,WAB
6037,0.5053266307233468,0.2157481379286071,0.3540963720510082,0.5035639432321375,0.2156672750048747,-0.055242749632430234,0.3539706360862811,0.47152425740366927,WAT
6037,0.5627048984633565,0.2875802312698577,0.3496956044287281,0.5597164492002873,0.2889483534691748,0.0581430488094808,0.3491035579735542,0.5081331640091992,WDC
6037,0.4759482786881351,0.13009771270248494,0.34893867233681614,0.47572100886570096,0.1300610751221159,-0.024801040683607285,0.3488327445547468,0.42075440836071115,WEC
6037,0.5129662995380968,0.18324434942060722,0.35096778895082953,0.5061684251193737,0.1855143596196171,0.12152360534743117,0.3514339124740725,0.45777686985092547,WELL
6037,0.6805533297492269,0.1971294245640823,0.501927352273543,0.6799293067786577,0.1973994412390449,0.05333307418453526,0.5022254903958299,0.7396817185611325,WEN
6037,0.6050962647878573,0.192067905775037,0.274222415615295,0.5980201783703201,0.19138521577590129,-0.09397316511515034,0.27305639912718277,0.429145138325967,WFC
6037,0.5119908332231013,0.2601992733555697,0.33560998360539984,0.5086782892299762,0.2593297171356128,-0.052297053947485565,0.335074695752745,0.48016615248128486,WHR
6037,0.5125819590328335,0.16099531656349708,0.31278894764965187,0.5121317858221225,0.1609025986496101,-0.030193638591013393,0.31276714679613227,0.40936281402991337,WM
6037,0.5012857373841457,0.20973374283788682,0.26476193457376324,0.49823030127797185,0.2100591684987263,-0.09848118566909703,0.2643512893540558,0.3769955969432343,WMT
6037,0.5703289635738782,0.1853698241574948,0.3603964033934189,0.5701980621439162,0.18624920668492942,0.03197383983038863,0.36018802907907593,0.4833247395022841,WOR
6037,0.5004245890346922,0.1648583017178064,0.3896092880078832,0.49971880767697263,0.16515080218953382,0.034569142900397955,0.38945185052064824,0.4873266363151153,WRB
6037,0.42879554468220915,0.19904427718937662,0.45552977630158054,0.42119861566240807,0.2004860347080229,0.12317045892700304,0.454854310937249,0.5388004148448232,WST
6037,0.5832995083739546,0.1759277806136085,0.3212946397179887,0.5830791098204476,0.17654189431283848,0.04115824798608114,0.32135649840558284,0.44294328721783716,WY
6035,0.5474375579392682,0.14442799352541955,0.3333171803205522,0.5474130634721386,0.1443989331551506,-0.002849278097424158,0.3333275060917092,0.43885502400779824,XEL
6037,0.5637037782659768,0.16055876469326325,0.23759836351600203,0.5610247370961274,0.16096929783324285,-0.05946718927679128,0.23714206270961163,0.3480052469411944,XOM
6037,0.5157238741975584,0.19155422746156778,0.37258328314024697,0.5154201284430099,0.19232900252111063,0.05311695054062554,0.37266827055400203,0.4874156260529014,XRAY
6037,0.5484036381033681,0.20481562392578764,0.3646581434354642,0.5482338705607783,0.20628539886498873,0.059716732841566325,0.36438351229070964,0.49218358367728643,XRX
6037,0.5077108912675677,0.20001884925440802,0.31890252858023116,0.5057067660066141,0.20002482625130102,-0.05776720776197857,0.31878838440810436,0.43299401914557706,YUM
6037,0.5335653839564861,0.22512339168762038,0.40063189502728636,0.5334288309156135,0.22504393296481226,-0.009997776990047127,0.40067315115843394,0.5362665788244505,ZBRA
6037,0.5834642040057826,0.22144341837004541,0.35120405092380524,0.5792694110121875,0.21994316990724197,-0.06448634550499378,0.3504950680358664,0.5148078347426578,ZION
