seed,accepted,reason,sd_r,acf1,iv_mean,sd_x,mean_x,V_growth
282000,True,,0.020480062629256134,-0.057449440554076886,33.7979798629418,0.022828179624559467,0.0017982463821513,1.4645166916297974
282001,False,"sustained_bull: x range [-0.14, 0.15] outside [-0.1, 0.15]",0.029704853865730258,0.08900002093918441,50.63904809439673,0.04922084351405311,-0.004553537280489595,1.01246860345633
282002,True,,0.018046159689828513,0.03829543778266008,31.43876533110759,0.02587837709553037,-0.00011762522172990619,1.40009749097497
282003,True,,0.016566014390887458,0.02233622857926574,30.87982779771047,0.018700626880866364,0.004441441341643102,1.8611326325345094
282004,True,,0.019633101304294104,0.03658207721813998,32.56128208466671,0.020266858293393947,0.0022503837550339086,1.7047179908526635
282005,True,,0.017651925130243287,0.04423817560360326,28.08960925755982,0.021918903045981337,0.008130154352119182,2.2630103861116635
282006,False,sustained_bull: V_T/V_1 1.01 < 1.2,0.019974544450009533,0.037318450713785346,34.641824827529,0.02007348948958721,-0.00018604669524265407,1.0094135491131113
282007,False,"sustained_bull: x range [-0.52, 0.39] outside [-0.1, 0.15]",0.08813736858944277,-0.025046569196731715,116.08829279539404,0.12019617093243405,-0.0013150910305839425,1.195723509800852
282008,False,"sustained_bull: x range [-0.15, 0.19] outside [-0.1, 0.15]",0.024603624521100462,-0.11313920037506783,34.50784163903673,0.03953667525485526,0.0011633426497980495,1.4892765332438471
282009,True,,0.01958727798762448,0.0340482360008476,33.23082149114536,0.02343288389317717,-0.005743989596357239,1.5172094857896734
282010,True,,0.018043311197633232,0.05111511239343678,30.670188148514153,0.02347857157213974,-0.0062496559675693985,1.6931884053059576
282011,True,,0.02406220323710692,-0.04968477621165866,39.41679445549153,0.028812927822691563,-0.00091992356643679,1.5603440669488375
282012,True,,0.020521308706690267,0.02000116883468088,34.590189572028784,0.024763770131741546,0.004486904272395699,1.63730775979114
282013,True,,0.020498635884746597,-0.03506565997525323,34.1657426357893,0.018684225499539308,0.006913979668406994,1.759305465862934
282014,True,,0.02092860023902075,0.019393846909194924,33.85259529854086,0.024248943063134416,-0.0008858860668474264,1.6361655314030836
282015,True,,0.019949136543645458,-0.02943334378769608,33.2891749889749,0.023519945834714177,-0.003656450652639847,1.3413062421001873
282016,False,"sustained_bull: x range [-0.07, 0.33] outside [-0.1, 0.15]",0.029886717942810295,-0.03221089193579356,31.85017577924008,0.04745718192799551,0.012819165214862371,1.4199203005648935
282017,False,"sustained_bull: x range [-0.23, 0.10] outside [-0.1, 0.15]",0.031047190659390992,-0.03919111851785373,40.44748651927076,0.04282514969330789,-0.003342144196716145,1.9633672113166074
282018,True,,0.018653505369467808,-0.1323905179548842,30.871642163926694,0.014978499296967119,0.006165236545929416,1.3955895285292765
282019,True,,0.01841701522989523,0.0010947107007111784,31.770746185262354,0.018901123887995565,0.00877909020014289,1.2883852841333676
282020,True,,0.020938035716756623,-0.06943379513547772,28.33825567444821,0.02268909203579804,0.0012885074944955928,1.5621493609575365
282021,False,sustained_bull: V_T/V_1 1.14 < 1.2,0.020769563853382075,0.018360976390377946,31.64399780562836,0.02307098172115943,-0.0023389976363521474,1.1442772550124074
282022,True,,0.019870554199579782,-0.07618773677770015,29.277816055893826,0.0211479214069185,-0.007945188069925242,1.2200779320746238
282023,True,,0.018688686071957075,0.0157573617987178,29.267345404122388,0.021951633297381448,-0.004780549607303097,1.4810828516727874
282024,True,,0.02336533155961642,-0.06401558417030402,32.64254568689537,0.0247245853591656,0.0024136560863994346,2.1029867263463373
282025,True,,0.019055513482046437,-0.005902328867895988,28.514350513638973,0.01831396494350329,0.007505605924544952,1.7547785682763282
282026,True,,0.025302932472637072,-0.0760843074309701,39.263869546118514,0.03214592316326621,-0.0017044079056406213,2.1486803231947245
282027,False,"sustained_bull: x range [-0.03, 0.34] outside [-0.1, 0.15]",0.03081332970688999,-0.07545333128391295,31.33719998301709,0.04138202241721994,0.01145361819435705,2.102876365352628
282028,False,sustained_bull: V_T/V_1 1.06 < 1.2,0.021699655755982997,0.0006737776870943687,31.09047903460762,0.02940177050168898,-0.004127324780230183,1.064605491427742
282029,False,sustained_bull: V_T/V_1 1.16 < 1.2,0.02216537774325387,0.008034553255125063,33.60039894118504,0.031215349377631256,-0.008891444689862395,1.1611065722097766
282030,True,,0.015138441826511828,0.004228930750608347,25.083216352095043,0.012541882013868376,-0.006686905899965204,1.2880788596098238
282031,False,"sustained_bull: x range [-0.06, 0.34] outside [-0.1, 0.15]",0.031209202748538143,-0.03968480332607507,39.79728423498959,0.049211219826128104,0.011417846294202864,1.9939733983656756
282032,True,,0.01839437146294242,-0.0007343821309881714,31.591614321135253,0.01650111328681398,0.005427304207142058,1.4027192329545293
282033,False,"sustained_bull: x range [-0.16, 0.13] outside [-0.1, 0.15]",0.03153413866794724,0.05798423212717062,40.29508805475846,0.05337260527518565,-0.01195304006449274,1.1884505453517606
282034,False,"sustained_bull: x range [-0.16, 0.14] outside [-0.1, 0.15]",0.02505705015913895,-0.14770853711412207,35.903804182645445,0.043131632080361165,0.01045716757842857,1.1549288092691476
282035,True,,0.018841494327407986,0.045751075944245295,30.060776408333965,0.01926800276085313,0.00799763585745092,1.315244197248158
282036,True,,0.023438355563189846,-0.07923818120405411,35.433650184701975,0.029921069597878106,0.008001949933714215,1.648287800359369
282037,True,,0.018804662948380818,0.0003314402347095992,30.863872712297702,0.023741103804435844,0.008421399913713844,1.5993509443861171
282038,True,,0.0239158583233131,0.05299456378200918,37.755865417628385,0.03182904545923658,0.003918772245087516,2.0044534261736695
282039,True,,0.019481592870147134,0.0020904668019607994,31.878474415528398,0.02353296245932697,-0.007956622538112877,1.6931975771509502
282040,False,"sustained_bull: x range [-0.10, 0.07] outside [-0.1, 0.15]",0.02610558639457127,-0.0032431684876937975,33.589306921958354,0.030694002984069026,-0.0011032647079842494,1.892384632974283
282041,False,sustained_bull: V_T/V_1 1.02 < 1.2,0.020363863644808838,-0.04029648933103806,32.401518679358,0.01857185850261753,-0.0026204470947534617,1.019375391371285
282042,True,,0.01840027580815565,-0.039042962932601066,31.796195142995806,0.016859915464536183,-0.003194552891984318,1.3988563399370815
282043,False,sustained_bull: V_T/V_1 1.03 < 1.2,0.02148464079801796,-0.00442382575899211,32.091657876339035,0.018988986721223785,0.002621202813521636,1.0261464598166017
282044,True,,0.018781903517046165,0.020643120704526598,31.227006814968995,0.0154452167988684,0.008572859628711887,1.3785811346931762
282045,True,,0.019940989439365807,0.10260061285573724,30.254647855041423,0.025744227297001147,0.003371732967318055,1.8976333527423346
282046,True,,0.02198165121084197,-0.02445905418692362,27.24545027046276,0.02298263272513291,-0.007781268433627373,1.836295107733143
282047,True,,0.018938709113664194,-0.1373843662647263,34.499356550309955,0.023659077416085937,-0.0027019236402453816,1.312756627321068
282048,False,"sustained_bull: x range [-0.26, 0.05] outside [-0.1, 0.15]",0.025705983988020674,-0.09475071291421325,34.884350768524,0.03677949625563723,-0.007208325256625331,1.5226934271706325
282049,False,sustained_bull: V_T/V_1 1.03 < 1.2,0.020578731088374245,-0.014696962451408606,33.608961911162986,0.02317002385968065,-0.0016512653189138793,1.0335941013354237
282050,True,,0.018702659751428045,-0.0477595104452256,33.21483536363291,0.022675219186881673,-0.0024941340060530763,1.4100594668003357
282051,True,,0.019677210687534474,-0.1165352830982328,32.367190991010716,0.021215341230942677,0.00450177583280289,1.5737552655828155
282052,False,"sustained_bull: x range [-0.13, 0.08] outside [-0.1, 0.15]",0.02123407924797277,0.013920500816819002,35.23314834021035,0.03057142496842808,-0.0057432530831695375,2.0994774456418375
282053,True,,0.01979044342280721,-0.032546321989267095,31.77961044534907,0.02847403547500241,0.005228168051417557,1.7152730029968646
282054,False,"sustained_bull: x range [-0.13, 0.10] outside [-0.1, 0.15]",0.02669762788247677,0.05522971252886045,37.71150631752809,0.03938409245162698,-0.013848194230941588,1.377961985855257
282055,True,,0.018927023366266036,0.04370124339860404,31.814617794730886,0.02160572849937636,0.006160608838307261,1.5980516444687796
282056,True,,0.01918457410117101,-0.007133883316238312,30.401038744647472,0.02106412452884035,0.001492217738120337,1.5472541672136877
282057,True,,0.022404939381722198,0.03555080830561583,34.486807377592285,0.02552490295657488,-0.004042286070345447,1.7601745445675059
282058,True,,0.017542541961116334,0.025894847028988595,29.046786767709836,0.022161529327359868,0.008934644086782398,2.1153725514017667
282059,True,,0.018864675339720218,0.0406960139491928,35.45237887729711,0.021106491336605745,-0.009204900571586357,1.4523864762858731
282060,True,,0.0251436047397081,-0.03544468760594432,38.63906485795568,0.02546913189716213,-0.008442423716053886,1.4211178991285058
282061,True,,0.019133110176163363,-0.12936954845775997,29.377865765518365,0.02189164659563052,0.003999501777517101,1.9088679884395823
282062,False,"sustained_bull: x range [-0.17, 0.16] outside [-0.1, 0.15]",0.04004889320200922,-0.07414085144640521,56.30397334773755,0.04942683425537747,0.006068163104487196,1.0120635748539906
282063,True,,0.02099272635193514,-0.02588550039057388,33.98266459741736,0.01847016599609494,-0.0008671857265228058,1.574246008389145
282064,False,sustained_bull: V_T/V_1 1.19 < 1.2,0.01779626658333629,0.01678980686263974,28.932410647535654,0.019385974888023925,0.0023954854620159035,1.1873340137821817
282065,False,"sustained_bull: x range [-0.31, 0.27] outside [-0.1, 0.15]",0.060846325778171985,-0.16288265220405418,75.0193103281644,0.08766543546165677,-0.012613290813950802,1.3705333847424157
282066,False,"sustained_bull: x range [-0.13, 0.07] outside [-0.1, 0.15]",0.023125595846121498,-0.027078609510981084,35.22723045561419,0.03430563582854734,-0.0034921970712487736,1.4084819846687775
282067,True,,0.016661547345149512,0.028003978343696324,28.397123840125523,0.01940194691182562,-0.004961611613613249,1.3346115592562555
282068,True,,0.01693224962598736,0.06354602126673402,28.173615708981888,0.018096994683733842,0.003238888085018986,1.397115540742603
282069,True,,0.01748901969220769,-0.06329643400863087,27.15699833063693,0.015177512237852617,-0.003452092214455897,1.6330629042426645
282070,False,"sustained_bull: x range [-0.10, 0.08] outside [-0.1, 0.15]",0.01870068124286112,0.04281695035959663,30.91247015846182,0.02375954869982726,0.0020266128491310247,1.5082038534799536
282071,True,,0.020465792757990483,-0.0034264487032122396,33.339314362972324,0.0215704612852717,0.0059953401328694455,1.8951510069775108
282072,True,,0.022591142653196047,-0.05832686649736546,36.293548694834634,0.026308376016858218,-0.003194336977349903,1.2484544582282724
282073,True,,0.025951157316574495,-0.1071775078386062,34.57528357316982,0.03818297670287863,0.011564759240083796,1.5460829272909606
282074,True,,0.01753336984141915,0.047496006797439476,32.713829698009064,0.02215628613700983,0.0005461626809973752,1.450605790269785
282075,False,"sustained_bull: x range [-0.07, 0.18] outside [-0.1, 0.15]",0.023896959843834994,-0.018401931066683298,37.42115290977512,0.030888026123058823,0.007541144467343459,1.5038959146627728
282076,False,"sustained_bull: x range [-0.12, 0.16] outside [-0.1, 0.15]",0.031779857318482846,-0.09574084799679415,43.687343781169346,0.03949635159122361,0.0043223340018641275,1.224622563724674
282077,False,"sustained_bull: x range [-0.17, 0.09] outside [-0.1, 0.15]",0.026019673238749933,0.057661637998823505,41.04906469543446,0.03742992304215571,-0.008309563633413881,1.3893575921658987
282078,True,,0.016733678740587506,-0.07007829810386071,29.20993007015666,0.015785150892657404,0.0028084510275774377,1.813054671843926
282079,False,"sustained_bull: x range [-0.06, 0.24] outside [-0.1, 0.15]",0.02632095297020015,0.0271120661821735,35.06698108538162,0.036084082892172,0.00779817939015335,1.4320749179833285
282080,False,"sustained_bull: x range [-0.10, 0.10] outside [-0.1, 0.15]",0.02462100119206802,-0.08861610806469712,34.6595270263376,0.03296056636796506,0.0011873534793179219,1.2356774264142085
282081,True,,0.018116105630291687,-0.10015264419558167,27.52918958549295,0.020896679145027353,0.004219630647927933,2.330794205106356
282082,True,,0.020914650260775835,0.03461784964118424,39.33326972839933,0.028223671883888003,0.007536389531429687,1.329422064793301
282083,False,sustained_bull: V_T/V_1 1.14 < 1.2,0.018875086949574297,-0.008959064925334949,30.215497800223428,0.019878864170653286,-0.004853086626533176,1.136175011700024
282084,True,,0.01882951039626255,-0.07756146933625217,33.939127011218176,0.020940054765865898,0.008001249231113361,1.5195196439011243
282085,True,,0.019112522615487175,-0.07728229328772977,27.70755845603821,0.020768775822826865,0.00025231189663557586,1.2467420998523762
282086,True,,0.022520283785259762,-0.12092949370795114,32.18271142106498,0.02639603413061827,0.005496143926873044,1.4967769849736665
282087,True,,0.022604499320912574,-0.01414444540640989,32.206939782262666,0.024978307504038327,0.0005387455287144094,2.248784113818033
282088,True,,0.01935286726490361,0.011418184986456014,34.89564209004759,0.018273610574685926,-0.0026689129378913,1.2238121401193889
282089,True,,0.018489746462582567,-0.05285258754264123,26.113269889640236,0.02313416486790437,0.007030246097746936,1.751441901258659
282090,True,,0.026580499153821175,-0.1894148340111939,32.72435240282127,0.03527251390560284,0.011473411781628806,1.566469014075145
282091,True,,0.022120184819477962,-0.14951808410520562,36.21843220128058,0.02477293994738828,0.002433872900734908,1.263429644348947
282092,True,,0.021538599024245514,-0.1323074226956262,31.031809523215408,0.0194943788911467,0.003455182184391584,1.4336890419824448
282093,False,"sustained_bull: x range [-0.43, 0.05] outside [-0.1, 0.15]",0.03593852678718338,-0.06948528492341674,48.705350695413344,0.05387056560578816,-0.009087318929299381,1.2245681773537613
282094,True,,0.02104302231384141,-0.016017530029955682,34.01067677386492,0.02878725339963733,-0.00019354643488848634,1.538062827384747
282095,False,"sustained_bull: x range [-0.20, 0.12] outside [-0.1, 0.15]",0.037990771883391596,-0.12297300438802895,50.49245368315603,0.04789236623190923,-0.00270646513305425,1.5339978947375628
282096,True,,0.01918893622097349,-0.06097127785764651,30.310566780493062,0.014410451202774425,0.002871023699263767,1.2656243366822815
282097,True,,0.019235807524278413,0.07024210760161105,35.135054296932296,0.02833620860956066,-0.00043837142226624493,1.401994570275271
282098,True,,0.02217869604770123,0.03091008507082084,36.49077536326587,0.024163195783322322,-0.011405690580615977,1.3781028212358473
282099,True,,0.01828347145892383,-0.07140598154673132,30.450935785302928,0.01984411087345161,0.0030223864375390225,1.4271422000237792
282100,True,,0.020570550985928422,-0.039063853550682336,30.76958036418604,0.025007751622748146,0.0034090305530062536,1.6392937841321527
282101,True,,0.02255036996526476,0.06711433499637348,36.95493118674048,0.030808367516111244,0.007890055863149545,1.6814563012096
282102,True,,0.018947663237889722,0.09430991172908959,26.89323279318439,0.027984197390952755,-0.005305049367648417,1.7536192934064523
282103,True,,0.020229342684885524,-0.019071416350125905,31.43528464895199,0.015736952575100376,0.0029146562304730116,2.0739681856724053
282104,True,,0.017977459680597184,0.18730871655144093,30.144006238963748,0.015508848145592894,0.00322168092428227,1.6671921691537679
282105,True,,0.021673939513963607,-0.09229240723627224,33.332123656179874,0.03056444951169207,-0.00027073783071921266,1.4224436494835622
282106,True,,0.02081830010097119,-0.11256445351785614,32.73080565577193,0.02485559402825475,-0.00929374998166652,1.3308261029656667
282107,True,,0.018116954090882556,-0.09998992082895992,27.052820654461815,0.016365432521011608,0.003976484793602974,1.5433776585140389
282108,True,,0.018224783667486713,-0.05363172904603436,30.39378557150123,0.0162629541273357,0.0019357212890664653,1.386659309927977
282109,True,,0.01976474968885627,-0.08070933105993401,33.69344450293677,0.016195996158950267,-0.0038837663369339446,1.7957162628473102
282110,True,,0.01670525766301388,-0.12457842996455767,32.33876871889882,0.020036448039832174,0.0013347712289841023,1.391996673153043
282111,True,,0.019151366474572534,-0.07005064393885971,27.923393311488272,0.020678983467094892,-0.0017263303860064092,1.3826803691388867
282112,True,,0.021034171354707063,0.004351951367157738,31.964222453116935,0.0272535920632238,-0.0022056783782314206,1.9655598105156473
282113,True,,0.019412952907288467,-0.030053731289722496,31.695546054536226,0.021997010608593087,-0.001023879274064346,1.8803497536870397
282114,False,sustained_bull: V_T/V_1 1.14 < 1.2,0.019760485338737595,-0.07586965255323916,33.30903659065794,0.025314134313551492,0.005754787541858358,1.1437135928744593
282115,False,sustained_bull: V_T/V_1 1.14 < 1.2,0.018139592405217866,0.01982710372626922,32.501215569685634,0.019251205271228984,0.004396570801634091,1.144273922901552
282116,False,"sustained_bull: x range [-0.04, 0.15] outside [-0.1, 0.15]",0.01875082726312201,0.07664926071849001,31.56613770426238,0.02849682230837484,0.003347744488839483,1.6298295858307987
282117,True,,0.018590277501540447,-0.04110371528836365,28.826584243100346,0.017651592557996247,0.008004151516410388,1.2174809238768796
282118,False,"sustained_bull: x range [-0.36, 0.03] outside [-0.1, 0.15]",0.032631527688050124,-0.11319445625769513,39.84614708114871,0.04484697224511787,-0.01659773822332866,2.0703186017355995
282119,False,"sustained_bull: x range [-0.11, 0.08] outside [-0.1, 0.15]",0.020390281238361122,0.08913243939689998,33.27086054008399,0.024797820277613163,0.00732067690064817,1.9352168046466514
282120,True,,0.02175201894757815,-0.028923729768932642,36.21332355605925,0.021732132457067052,-0.008337919603704997,1.3455409420245756
282121,True,,0.02057943013667675,0.0107839014122892,33.07679569249776,0.02508719069563307,0.012709455299121524,1.9022153958352905
282122,True,,0.01827224475255321,-0.14671977865258218,25.19717766788064,0.025414729450061842,0.004766139882205565,1.591143731480645
282123,True,,0.01839882144080797,0.15845891885279154,32.14126840581166,0.021637125188310152,0.010591010349178167,1.595926294162847
282124,False,"sustained_bull: x range [-0.10, 0.07] outside [-0.1, 0.15]",0.02289086387473904,-0.04087063269193223,33.48696491450526,0.02756414386683944,0.007581572658894531,1.218704068365296
282125,True,,0.021078877461347387,-0.10561668200114564,32.58950557774958,0.0225386303312988,-0.001159183518104816,1.9710519173103003
282126,True,,0.0217648721619188,-0.006493283531713925,35.78093808332298,0.02158130578638069,0.006799433330995188,1.6710794475859434
282127,True,,0.02403250614616327,-0.12305545150643064,36.47636291936813,0.029985163412053525,0.002386896433560122,1.748557209759294
282128,False,"sustained_bull: x range [-0.12, 0.08] outside [-0.1, 0.15]",0.02674409646107337,-0.04021365697898714,41.98821524250294,0.03971199856176003,-0.0063366363354128395,1.5758808807302682
282129,True,,0.02669089865839321,-0.0014976784459466526,39.91912758925881,0.02908680126780113,0.007450000160832723,1.4174844640912982
282130,False,sustained_bull: V_T/V_1 1.02 < 1.2,0.016744759465605826,-0.0006199166109932933,28.10393997492249,0.018969674049425164,-0.0017512722819439646,1.0181586545673522
282131,False,"sustained_bull: x range [-0.14, 0.07] outside [-0.1, 0.15]",0.02261961176811897,-0.09995944336050526,31.506517209624306,0.036168980039643917,-0.01081976453760953,1.5108048891037025
282132,False,sustained_bull: V_T/V_1 0.95 < 1.2,0.01776993455979679,-0.03523888697114234,24.8857000087832,0.018607788580552263,-0.00031902614877407767,0.9528005574525754
282133,True,,0.020117847442535055,0.09515020981188207,31.075563956847112,0.02168243979760574,0.004547815056112955,1.377296363156688
282134,False,"sustained_bull: x range [-0.28, 0.04] outside [-0.1, 0.15]",0.029995248299055196,-0.09617544016956546,38.92102549651075,0.04071753132859462,-0.015622526692390558,1.4276256843232864
282135,True,,0.026354310696202775,0.09913810419118485,39.67316293551702,0.031058250873933636,-0.0009802635466406855,1.2959147141064795
282136,True,,0.019958221874212145,-0.06714918876306267,30.626292552452284,0.02133700499902097,-0.00726101244366008,1.3306406299907698
282137,False,"sustained_bull: x range [-0.11, 0.08] outside [-0.1, 0.15]",0.023202109074003215,-0.033590935042809855,34.747392732250944,0.03609719824997165,-0.006392580780770617,1.1233985751564723
282138,True,,0.019007305861804612,0.09654744862717024,28.67826910360852,0.019147184915694056,-0.004424344408167283,1.8636103490452232
282139,True,,0.020516900151669768,0.02305893865045599,31.0946938582509,0.02561653865753293,0.01097271588430014,1.8175933427009339
282140,False,sustained_bull: V_T/V_1 1.18 < 1.2,0.01641275627977287,-0.11279726301174782,24.82604651232533,0.030475408651477538,0.0023219252367586546,1.1790255455296117
282141,True,,0.018883671214081257,-0.08944779553034458,30.217475920046343,0.02580544989964883,-0.0013796022271466007,1.4297309022687907
282142,False,sustained_bull: V_T/V_1 1.19 < 1.2,0.018669685917036622,-0.017866770096265732,30.608523180730835,0.02162146896699083,-0.007329001914044736,1.1897208278775215
282143,True,,0.02076596492161031,-0.06471418793443337,37.13608885633412,0.030918579891976477,-0.005769205862874707,1.3206463512765048
282144,True,,0.018539880710118334,-0.08755221946938178,29.857890058785205,0.024748294864295674,-0.00020129140073966767,1.2777961206122181
282145,True,,0.02178260101628525,0.08567860364821808,31.571485138950766,0.029134847192568113,0.00785344302093638,1.2555044404119058
282146,True,,0.018891319386150435,0.026226617157912243,31.06503820822796,0.018073586104225683,0.00540142489407177,1.3172238327475585
282147,True,,0.021394438213683916,-0.10330936142155327,35.26206018078929,0.0282695294071207,-1.701465909132213e-05,1.66035377218474
282148,False,"sustained_bull: x range [-0.10, 0.06] outside [-0.1, 0.15]",0.0233267422751225,-0.029296904798296677,34.27244014873797,0.03113299404668089,-0.010807381709845122,1.034120566586906
282149,True,,0.017707751195300176,-0.15324793462819733,30.962126452354877,0.019227861942104935,0.00482290499529098,1.217482947144355
282150,False,"sustained_bull: x range [-0.11, 0.07] outside [-0.1, 0.15]",0.025353482823362028,-0.13961023327965885,41.63289523378839,0.03149047229666253,-1.4252333536243223e-05,1.5866903339972753
282151,True,,0.021924822819375453,-0.01223208704406259,36.44923306859111,0.02495221886211768,-0.0024466187990899255,2.105986876517843
282152,True,,0.022189275787086647,-0.17633409702051708,32.85951058232981,0.030319605379988998,-0.0009573963313069855,1.3681997305617701
282153,True,,0.01710826971493693,0.09233676405284366,26.45742159118525,0.022632826902770603,-0.004657914200653932,1.400237457497457
282154,False,sustained_bull: V_T/V_1 1.07 < 1.2,0.02228238732769197,-0.06679379014245444,33.8657802117684,0.02082883746115332,0.0027204151149264793,1.0742478724881592
282155,True,,0.023961711101751233,0.015934046177813257,35.16526830476728,0.026416812227945147,-0.003637043643146378,2.2362962924597594
282156,True,,0.018036326191729995,-0.018093661462057806,29.17693104696866,0.01829085752846611,0.006074041799973871,1.2952198523157477
282157,True,,0.018601132358396444,-0.04252179966645434,24.38329552115582,0.020333544905394935,-0.004151942612867004,1.3519144723251175
282158,True,,0.022364174306860416,-0.12360469498222634,33.24486023725729,0.023636924953889533,-0.00043855027281791746,1.4243293705277347
282159,True,,0.02033445614770019,0.02129451585571591,30.782347702189913,0.021779844823096434,-0.003727996395168654,1.289269388918254
282160,True,,0.02461009796010826,-0.07799755174836223,36.38657898758295,0.0316326678216242,0.002332596163247743,1.3592212297868334
282161,False,"sustained_bull: x range [-0.12, 0.11] outside [-0.1, 0.15]",0.020599654486598663,0.0011959283291886767,32.22569110652667,0.028159295273040973,0.005702263829565909,0.9712618331110201
282162,True,,0.02049424083844968,-0.03377429820764806,33.05343571346449,0.02348852723074867,0.0012952301866912027,1.3155405196719123
282163,True,,0.020132496911930503,-0.017364585488636744,33.39027751075409,0.02552677338445007,-0.0014516545348426102,1.9080950171957345
282164,False,"sustained_bull: x range [-0.10, 0.05] outside [-0.1, 0.15]",0.019212172138822956,-0.12191733072690188,23.563597776867347,0.027017241976655997,0.003404565629719319,1.6955571971027343
282165,False,"sustained_bull: x range [-0.14, 0.04] outside [-0.1, 0.15]",0.022562711807373178,-0.14744386795068476,35.149735599567094,0.02562270624587483,-0.00956206827868347,1.7463760183568449
282166,True,,0.021989772532260442,-0.03623312866009541,32.46245294268463,0.021444364836078676,-0.005760701394542741,1.5791090138010928
282167,True,,0.022430870932199497,-0.0030861764177659715,34.454142029649546,0.025470385850761904,0.008089458634429258,1.664908558352395
282168,False,"sustained_bull: x range [-0.12, 0.08] outside [-0.1, 0.15]",0.025245059394077955,0.0559568356279788,38.78119790648986,0.030746674908489317,0.0012947175797886196,1.8558915066930288
282169,True,,0.017678756794762017,-0.10562480307839381,31.48923817627144,0.021166707551899405,0.0009327234710821475,1.5526615706968874
282170,True,,0.018596793338586905,-0.04397780835168181,36.6783922513057,0.026431808878739152,-0.0022925754266812613,1.2870616761001588
282171,True,,0.018316147571194905,0.05192140731817994,29.761340699058472,0.02273142620133184,0.007000547913713616,1.4881806356466016
282172,True,,0.022706666515737446,-0.11289646603483673,37.08779075531739,0.02465574319124036,0.0029236119377678937,1.4232904188569377
282173,True,,0.02221463182969223,-0.1766888006699225,33.48305560037232,0.020220960703877904,0.0010340735789194121,1.7024607462229813
282174,True,,0.019229454681156895,-0.043355512700576734,30.81256219727974,0.01981740196781655,0.005514308631357078,1.5128615802663632
282175,True,,0.02037981976477002,-0.12556364798197459,29.770690807723685,0.02646405638819893,0.006073711849511698,2.5735174369569838
282176,True,,0.019232829765539524,0.1108842082461737,33.47452917315638,0.019768521908064957,0.005053381601612298,1.7098268397612586
282177,True,,0.018942500596205735,-0.016271800089997342,35.341792385939726,0.0195202248524386,0.002057031764683267,1.821280964184203
282178,True,,0.02188177298310014,-0.08808836756744486,28.93847181410238,0.023706944689611088,-0.007079363174416535,1.5152351185868977
282179,True,,0.019976974228563732,0.06435880235987938,32.34929584188219,0.02043347517057744,0.0023194231826658977,1.7388312741205003
282180,False,sustained_bull: V_T/V_1 1.06 < 1.2,0.018638841858837542,-0.09534823827615639,31.431996890477205,0.020531265555837022,-0.0021256213655068156,1.0563327752856604
282181,False,"sustained_bull: x range [-0.08, 0.16] outside [-0.1, 0.15]",0.024696138399806375,-0.09267620690056459,32.37400439812162,0.03270211080628386,0.003195418049850118,1.7073135539405764
282182,False,"sustained_bull: x range [-0.13, 0.07] outside [-0.1, 0.15]",0.025278314323772522,-0.031133539114566244,33.59527371086731,0.03652137296549504,-0.012819632563738845,1.5031849562365063
282183,False,"sustained_bull: x range [-0.11, 0.08] outside [-0.1, 0.15]",0.023283195490674948,0.024793149003978953,35.54888279984637,0.03184625887581409,-0.0016105834482125648,1.4203777481968458
282184,False,sustained_bull: V_T/V_1 1.04 < 1.2,0.02271536506408653,-0.06573221718111132,37.26734848641176,0.0221987342286495,0.002472374452058123,1.0374293854939556
282185,True,,0.0193740384321058,-0.06202723825806882,31.595291905168825,0.02130679669085464,0.007491006596421134,1.231232742361311
282186,False,sustained_bull: V_T/V_1 1.09 < 1.2,0.029398225207419026,-0.04519945897649009,42.033142144975535,0.03694556063123905,-0.017534080992653606,1.0944513778129554
282187,False,"sustained_bull: x range [-0.12, 0.23] outside [-0.1, 0.15]",0.029325589465060146,-0.02037355882442026,38.85961589420871,0.041219444955528414,0.003960719866775533,1.4028957991216142
282188,True,,0.01972484338373084,0.008625933275432988,28.610737975412402,0.02457844260478452,-0.0005235762918264974,1.4271300149038795
282189,True,,0.02215439085150463,-0.005574205892735619,30.663042825344938,0.03134849569398487,-0.003167989626732019,1.786779200586594
282190,True,,0.019235024114067932,-0.014310263316896114,27.360578568445234,0.018241944726380993,-0.005400013148744329,1.437789364646096
282191,True,,0.022005310860765084,-0.052081487109010255,34.295241136480634,0.02322038173855634,-0.004320871714844002,1.4740561688674796
282192,True,,0.0223504588727245,-0.15653267069423368,31.633728850981523,0.02288079300550143,-0.0033505340332981525,1.304804925182467
282193,True,,0.019945630255158532,0.022432131225213623,34.277097463783036,0.020315422537388973,0.002675078667942344,1.9261031633222006
282194,False,sustained_bull: V_T/V_1 1.09 < 1.2,0.01963039005339105,0.05095837882164904,34.55809740673676,0.021401675910169376,0.0038645893648085305,1.093175503241207
282195,False,sustained_bull: V_T/V_1 1.11 < 1.2,0.019314893298521426,-0.021804926241757356,27.27196029623604,0.023621588581182715,0.00043978330538772397,1.1097962364497975
282196,True,,0.02323918778714332,-0.10309199062371892,35.23627721895152,0.03275234440619995,0.008742183531154628,1.6756331981916897
282197,False,"sustained_bull: x range [-0.04, 0.45] outside [-0.1, 0.15]",0.039463760962635354,-0.07125042072647583,39.738545291206336,0.05517169144632176,0.01903216252265187,1.999331033109855
282198,True,,0.02115470184694469,0.002386411480029672,34.544031778600775,0.022752804287153684,0.0051182350883168795,1.4468685385406086
282199,True,,0.01995218018212812,0.08736814842041545,31.1608473308297,0.0236291577744297,-0.0054090601659443,1.414236799711703
282200,False,"sustained_bull: x range [-0.10, 0.06] outside [-0.1, 0.15]",0.022467593726682535,0.018092650584201384,32.56491134248799,0.024210655726628522,-0.00046615181437794305,1.6006887803009238
282201,True,,0.021110536500528257,-0.13344672341893712,36.09699295672665,0.025933297960543757,-0.014717619871336834,1.3456335223435487
282202,True,,0.019078117516275788,-0.026821060855359936,35.582533267084344,0.022819133336656465,0.005121248290277681,1.2332024699631727
282203,True,,0.018567144840395455,0.004510925443989755,34.50788306474497,0.023033531631009626,0.007690863522586171,1.6954375913628605
282204,True,,0.022402733587183744,-0.12313726142458652,33.35099396588285,0.028182973242365992,-0.0028614129741842986,1.3879803455870008
282205,True,,0.01735854825578071,0.033724182576700325,28.0891526438669,0.016644473959516595,0.0011198793060523103,1.7444364891172126
282206,False,sustained_bull: V_T/V_1 1.11 < 1.2,0.017652712379709428,-0.08636538429242238,28.135332127531427,0.026710125978982573,-0.0038905079466364715,1.1052996293809823
282207,True,,0.01794655761749007,-0.044341672826755815,29.87868896651747,0.01885167858883345,0.0048941122313218045,1.651368021872565
282208,False,sustained_bull: V_T/V_1 1.01 < 1.2,0.021593755844734917,-0.035930661748871016,32.44358448937855,0.022189228571586346,-0.0007922526236130856,1.0134966096820832
282209,True,,0.020447348651749256,0.04864989504123215,31.271613008163712,0.024789383313910823,0.014066235132591443,2.1418594258638217
282210,False,sustained_bull: V_T/V_1 1.19 < 1.2,0.019812035424286473,0.000563610210809002,33.31947336067692,0.01683412295265474,0.0031479227923510334,1.1853888232488918
282211,True,,0.019050029878895123,0.004487720968521907,31.164185086126075,0.026967589785110983,-0.0010051219413194756,1.4575732199870275
282212,False,sustained_bull: V_T/V_1 1.11 < 1.2,0.01741889008965704,0.07103067086495635,37.206623130531746,0.020152206581022528,0.0010551649020416171,1.1096299490871016
282213,True,,0.019354994915229986,0.0420181526144663,35.0824984892417,0.02275989524646677,0.0006433076365591269,1.2791308790376512
282214,True,,0.018456709153753754,-0.1197514049885136,29.08684751686601,0.02309914764143745,-0.004138199013332129,1.4599815362385893
282215,True,,0.015844869161159205,-0.05660807825620766,27.49285001903372,0.015859939713161308,-0.005611134372963218,1.4509827841768559
282216,True,,0.0205182414125302,-0.07920013557573138,37.244512306884744,0.027934597283397637,0.015291222723415798,1.552178246882123
282217,False,"sustained_bull: x range [-0.10, 0.15] outside [-0.1, 0.15]",0.028578501452171563,-0.022073087529503224,39.16165820513515,0.03774239091147639,0.011184475456382861,1.1695020198334038
282218,True,,0.022490105004774764,-0.12095467584952806,35.78498510439586,0.019928125424869155,0.0005327674340000587,2.02637909519283
282219,False,"sustained_bull: x range [-0.14, 0.07] outside [-0.1, 0.15]",0.024652304298829662,0.02466915073200922,36.64487531835752,0.03263134000486575,-0.004115741308951755,1.0713433434624131
282220,True,,0.018994728082158362,-0.06878015823768739,28.16734692910511,0.02388011350480503,-0.0015577443689078418,1.394148211361965
282221,False,sustained_bull: V_T/V_1 1.14 < 1.2,0.021866048244497355,-0.03221297683208793,32.45454219812599,0.02759673056642758,0.0006737815167242553,1.1382724096474854
282222,True,,0.018124627756280254,0.02764658379749778,25.43266434008907,0.0158138556337822,0.0016725558210983552,1.419757649162579
282223,True,,0.017865896756033554,0.08315548895633648,34.48162653041598,0.01589892873321917,0.002758439177517867,1.2205648822177455
282224,False,sustained_bull: V_T/V_1 0.87 < 1.2,0.017299797263746964,-0.010763823722315026,33.21003848667151,0.019067180157941826,-0.004841632665312019,0.8739491523246666
282225,True,,0.02155484629012121,-0.008334270334568739,30.90945020180901,0.02295286520133739,0.0008173794630934194,1.5523769299821608
282226,False,"sustained_bull: x range [-0.06, 0.48] outside [-0.1, 0.15]",0.04015198810391215,-0.13790304836161835,44.02659267242703,0.06446494858502094,0.017331468907379327,1.9731606867514577
282227,True,,0.015594085271575945,-0.0675945022680545,30.3322489139086,0.015450727353020107,0.0016800181387340355,1.7292696163463368
282228,True,,0.0199347196173693,-0.016307337288635204,30.426934489492407,0.0231393493118354,0.004950368908812624,1.4795149705730921
282229,True,,0.020445685093588163,0.05014732248483611,30.3184385579024,0.017039631850524477,0.0019099715243125343,1.5594886874089946
282230,False,sustained_bull: V_T/V_1 1.13 < 1.2,0.01899688309960891,-0.01910689676991529,31.391565446227695,0.016381301397142604,0.0037758689119586413,1.1263639092405273
282231,False,"sustained_bull: x range [-0.15, 0.07] outside [-0.1, 0.15]",0.022731677853076226,-0.017823502077208276,32.84476649815736,0.031366870237388884,-0.003010913927874747,1.9558060136858442
282232,False,"sustained_bull: x range [-0.11, 0.09] outside [-0.1, 0.15]",0.023505006832977925,-0.14655691181703023,35.80290761795684,0.0308204086361784,0.0029480534801056813,1.9478401074979013
282233,True,,0.0201737560789226,-0.014606566805782015,32.124908425234246,0.02224014531019548,0.003990970379734182,1.2374668885758118
282234,False,"sustained_bull: x range [-0.14, 0.06] outside [-0.1, 0.15]",0.023267630910605817,-0.09857655893738573,32.02101952353646,0.025496001657123114,0.00042868889524489334,1.7479747117615179
282235,False,"sustained_bull: x range [-0.14, 0.12] outside [-0.1, 0.15]",0.025654777111004782,0.010904282508294406,39.89873049998663,0.03600960675595258,-0.005088290349729931,2.3627986393551477
282236,False,"sustained_bull: x range [-0.10, 0.07] outside [-0.1, 0.15]",0.020742007160311503,-0.09469112603987545,33.39233679083385,0.0262632127424625,0.0033022963644892367,1.417605535178839
282237,True,,0.019785402650332847,0.04969605731204988,31.904253646521237,0.021421875302510492,0.005447707627143627,1.863934505744588
282238,True,,0.022204572581788776,0.04348989313977269,37.47337609261824,0.027202019586077403,-0.006085007150826822,1.7908591925209698
282239,True,,0.019592176814494832,-0.10156586984950078,28.049283299513345,0.023171770450859656,-0.0015779982812691182,1.3160298897267013
282240,True,,0.01707043313375446,0.08681512423537836,26.573817008543042,0.014842140496456924,0.0037869824161443034,1.4000138378457276
282241,False,"sustained_bull: x range [-0.12, 0.09] outside [-0.1, 0.15]",0.021944131284709865,-0.014520209962013994,35.192618358738,0.029476127775428945,-0.004706606752920122,1.095997803265851
282242,True,,0.022328846327504513,0.0634241544816091,33.633988188217955,0.024388258734346177,0.0012605480488642254,1.2480111215746195
282243,False,"sustained_bull: x range [-0.13, 0.10] outside [-0.1, 0.15]",0.02670229232800716,-0.1667377584582687,39.128826162702225,0.039069184788010226,0.003242558227497408,1.4259134341717021
282244,True,,0.01843221401499131,-0.09373477591418274,28.323957086808615,0.020555325596798804,0.007668443080597503,1.2377479962833116
282245,False,"sustained_bull: x range [-0.14, 0.10] outside [-0.1, 0.15]",0.02281480660217383,-0.11749169600300158,29.724400538138937,0.031985922110600716,-0.006138235155565413,2.733865676759249
282246,True,,0.01857980776637338,-0.07212824428029606,27.780588846615164,0.015740737428113934,-0.007977297466967188,1.4146377001412487
282247,False,sustained_bull: V_T/V_1 1.13 < 1.2,0.022192723101626625,-0.03227952449441559,35.38443908476353,0.031245766095968304,0.0017044227564322898,1.126465043107781
282248,True,,0.01773958431205322,0.02914331104117377,32.9732806740512,0.024776690824149874,0.0020424923930338823,1.2263747786940256
282249,True,,0.01887660419785148,0.13621100705826875,33.43996724113957,0.020476014880071176,0.0064671796808576125,1.2862025886642383
282250,True,,0.020328363489872433,0.03707584850182077,34.87311411405735,0.027884019134297684,0.007552639856469785,1.8700109948696277
282251,True,,0.02320501063575676,-0.05136061593494642,30.49674652215156,0.030278021921020554,-0.002770328888646635,1.7521646972433327
282252,False,sustained_bull: V_T/V_1 1.15 < 1.2,0.02017531860863359,-0.043801871935449065,29.835579534309726,0.028092168103064113,-0.00819514430253577,1.1498358311359527
282253,False,"sustained_bull: x range [-0.11, 0.08] outside [-0.1, 0.15]",0.02522518429676452,0.002719406581245366,37.64293785533738,0.0353620741699523,-0.0046142907691213595,1.1376589088587552
282254,True,,0.01948665614131014,-0.019255909521373543,28.485512619151223,0.019286353425277052,-0.0023034411145726546,1.7043256738457477
282255,True,,0.02262686551743326,-0.11198167759384658,29.37458699080717,0.025360570576745286,0.010614509002810317,1.323100032568781
282256,True,,0.016970302668309817,0.0018480449862542275,28.770824174857044,0.018929240707813894,-0.003571003651476497,1.8632165100333238
282257,False,"sustained_bull: x range [-0.21, 0.14] outside [-0.1, 0.15]",0.028903616629546113,-0.03391907983414174,38.75096452288134,0.04185919058746236,-0.010226341355722481,1.8500001537993185
282258,False,sustained_bull: V_T/V_1 1.04 < 1.2,0.01871102960915601,-0.09833358835312325,31.177741237984616,0.02380362054193397,-0.004527134288468891,1.035881150369377
282259,False,sustained_bull: V_T/V_1 1.06 < 1.2,0.02055500197845481,0.011753005884847439,31.088664424521813,0.029023250735162844,-0.0025918351730003374,1.0575297081215405
282260,True,,0.01640049355325046,0.1710428344739372,28.8217476432071,0.01641882442944615,0.0007987772880144526,1.3870980618071442
282261,True,,0.021105357493362467,0.11101650315438069,28.827541032029803,0.022372545957527065,-0.004829651129544006,1.5713233629533785
282262,True,,0.01992678755677183,0.020360156513015246,30.82733575945598,0.01983844230796176,0.005677675125824839,2.151591757852726
282263,False,"sustained_bull: x range [-0.17, 0.10] outside [-0.1, 0.15]",0.030626080644885537,-0.11669980957479732,43.83248509545886,0.04838609420695363,-0.0030211374974741956,1.6755253938355625
282264,True,,0.01834561534157389,0.011689320006421948,28.96568654012257,0.023983595495385247,-0.006378369803779124,1.2908232086943534
282265,False,"sustained_bull: x range [-0.11, 0.10] outside [-0.1, 0.15]",0.02907316479657235,0.016726141693011193,43.03090192692025,0.03748033197300285,-0.016204562783334195,1.3620198399428567
282266,True,,0.020556012743109656,-0.1161784386099193,35.06558065773154,0.022566532216736677,-0.002890784934669237,1.5503923298487419
282267,False,sustained_bull: V_T/V_1 1.20 < 1.2,0.024214974868493857,-0.08082501229437322,33.36894014252659,0.03343074807856057,-0.0050777639780943355,1.1985706392100632
282268,True,,0.0210623232543146,0.026140362431305766,29.2716812311017,0.022390287976489932,-0.0002861430102809193,1.7134590041913504
282269,True,,0.017568815867488635,-0.0004649110196648178,29.857873458803006,0.015159322967960872,0.005648706559498431,1.4869874517602095
282270,False,"sustained_bull: x range [-0.12, 0.09] outside [-0.1, 0.15]",0.02712840822664878,-0.07840839405023983,40.5848500110944,0.03164224251752622,0.005814615489151963,1.193296606917325
282271,True,,0.01987957555479971,-0.005865382820616536,26.651863984459904,0.024613734536271706,0.010553762339894307,1.87969568749306
282272,False,"sustained_bull: x range [-0.11, 0.31] outside [-0.1, 0.15]",0.03665479324621664,-0.11805690718061175,45.77626911834981,0.0550454919607902,0.00988186301777091,1.944808081534119
282273,True,,0.01738409488096514,-0.006636911552643325,38.09233928256956,0.021333173340233432,-0.0014629321893444437,1.4381661128855385
282274,False,"sustained_bull: x range [-0.13, 0.24] outside [-0.1, 0.15]",0.028244177642347202,0.048177000065601695,45.519934022067716,0.04749794673055598,0.008035875707958183,1.2631966997358124
282275,True,,0.01951494123466899,0.05806857054369839,28.374888508623602,0.022684369455954808,0.0017773316211072063,1.4767964161537246
282276,False,sustained_bull: V_T/V_1 1.17 < 1.2,0.02133963793532635,-0.06340486498818851,32.380325303347746,0.02018891663076082,-0.004432011115497379,1.1722772865365918
282277,True,,0.019882839055700423,-0.004227358531505209,30.908771747202618,0.02139054390422405,0.000277365360359538,1.4137645669916694
282278,True,,0.018942232367476698,0.0066932290083057166,30.861304589223344,0.024948136735146814,0.00813581894680982,1.373714107333054
282279,True,,0.019129167642795798,-0.03452169908087704,29.94022821548875,0.025892179219277896,-0.003260778739237692,1.6308452699186786
282280,True,,0.019524329460217135,-0.03718871043354544,29.52061423932166,0.021067917325767852,0.002203915161174241,2.144376422655662
282281,True,,0.01893066061243178,0.005772974388822202,31.052321901597324,0.021675881128371845,0.0006039872748438264,1.534563297594144
282282,True,,0.019237518969559476,-0.0843338598023221,30.409411710116355,0.025692745030182217,-0.006025660102816257,1.7970454274036058
282283,True,,0.020019241496294568,-0.10290890230190701,31.57423701680338,0.021962822752774485,0.002213707859106291,1.361437693990217
282284,False,"sustained_bull: x range [-0.18, 0.04] outside [-0.1, 0.15]",0.022273398034232422,0.015913421371938224,35.268217628509156,0.02638917495798978,-0.005189497221818639,1.7640822648523413
282285,True,,0.022476994885183715,0.007117885604258406,34.12350388551499,0.027275917953424798,0.004482331655750142,1.5570711225511442
282286,True,,0.016858004043585284,-0.02359149944364946,25.679084397386422,0.01742337415548192,0.008603928088274926,1.6225106712779596
282287,True,,0.02306464526531724,-0.06963345347318232,34.764430851163155,0.020552505086542786,-0.0021564782220468387,1.6480721056758858
282288,True,,0.017746599667519868,0.004131942307151237,29.083081114922116,0.016643318327033505,-0.0007495332283406836,1.6300981657703495
282289,False,sustained_bull: V_T/V_1 1.19 < 1.2,0.015337775849478576,-0.04958308172432313,23.428909653276502,0.018759688668588386,0.007317428500970118,1.1879204740657714
282290,True,,0.017041656145051303,-0.01273411169134583,27.8638648559971,0.02131794308725529,0.008150488781877168,1.806245646930922
282291,False,"sustained_bull: x range [-0.10, 0.14] outside [-0.1, 0.15]",0.026167021921292312,0.11579706896051822,36.47459401133728,0.03529408304939443,0.004144591067830763,1.3013695874841766
282292,False,"sustained_bull: x range [-0.03, 0.17] outside [-0.1, 0.15]",0.021198583851674134,0.03212945732446825,29.03084164942767,0.023442267784661422,0.005203010054953106,1.7629070951104715
282293,True,,0.020340720696482788,-0.12212589858873157,33.12957539177673,0.01912060398314908,0.0077367454680466905,1.215818842615869
282294,True,,0.02576172610142553,0.1269147516383078,35.449323320708864,0.037151051511145505,-0.0034646249073121593,1.709343378661652
282295,True,,0.02113406791891236,-0.014345747532587029,29.033036354789733,0.02413702117459388,0.0023666739085814563,1.347317624210456
282296,True,,0.01907153942254757,0.07982838997213344,32.62870224882084,0.020737685155679857,-0.0011636541201486444,2.5501284242268794
282297,True,,0.02219962138039872,-0.0665136721348709,32.92716335576537,0.03078340798182011,-0.0015657687952417836,1.6099920763198534
282298,True,,0.01635231682193282,-0.05201537079559553,28.229319262431023,0.021458716225713072,0.0014713241619020156,1.9111046725138952
282299,False,"sustained_bull: x range [-0.03, 0.16] outside [-0.1, 0.15]",0.022080281126523695,-0.0677675755829732,28.729179418175733,0.024788492697063756,0.01731651535258644,2.2235995836883036
282300,False,sustained_bull: V_T/V_1 1.02 < 1.2,0.020202386359609678,0.07872256042656074,32.08371064610995,0.023282727017810267,-0.0024495708219764937,1.0173095506788363
282301,True,,0.02386905735106176,-0.05988027796244507,29.446445589591182,0.022058943414798943,0.00808887563478495,1.9041636126706973
282302,True,,0.017935904753071465,-0.09623121231198524,28.706160986091472,0.01805312956985391,-0.005199250999234526,1.4125838818692862
282303,False,"sustained_bull: x range [-0.16, 0.08] outside [-0.1, 0.15]",0.024555197925715293,-0.017426493555462757,31.881707327605596,0.03530061149108448,-0.004521376382370279,0.8261993083382615
282304,True,,0.023099928916306356,0.09325390182914295,32.330925291718366,0.019424362268579087,-0.007000415731822806,1.3154128597420762
282305,False,sustained_bull: V_T/V_1 0.94 < 1.2,0.022579887856291107,-0.06221342680980826,39.64029584367633,0.022123654640703913,0.004421363061790277,0.9364894683004475
282306,True,,0.022578569269121343,0.05526600500309403,35.60664654109986,0.02589227733869603,0.000849054857040557,1.5350473391863393
282307,True,,0.018566130713982686,-0.011984839082267537,26.379732175039194,0.019468232141867273,0.0022292131696584573,1.642276352305385
282308,True,,0.016437095507460846,-0.04643529502226279,27.386196651592844,0.01771022802792625,0.00394124585119409,1.2601927494080734
282309,True,,0.020352303200127243,-0.08272772637802739,36.990844575345854,0.026822497222453164,-0.007624136708254105,1.9185892285151251
282310,True,,0.01999190237759894,0.07825051204897454,36.62321380800772,0.021935487724128646,0.009446771515698957,1.4195724311509932
282311,True,,0.01600402112977758,-0.14585787930794178,24.743220051884446,0.017317629489370212,0.004025866001268229,1.6437889128732293
282312,True,,0.01848014739689622,0.030298352037655484,28.60755502789737,0.016072457899405996,-0.004663156063541892,1.3666930052211412
282313,False,"sustained_bull: x range [-0.09, 0.17] outside [-0.1, 0.15]",0.025786888693780638,-0.02662874674377747,34.63331892418345,0.04188134981294146,0.003202172285574657,1.6504570665271214
282314,True,,0.019738380027679175,0.028140721840590886,33.25682696000334,0.024692147642532764,0.00626419342693535,2.1707637684323116
282315,False,sustained_bull: V_T/V_1 1.01 < 1.2,0.015807892303590212,-0.06036277532958156,33.23315897573844,0.017330683229364464,0.0023022643307199163,1.0118190304458694
282316,True,,0.018108212453121542,-0.00902736211834793,28.742779000320297,0.021663434697038995,0.0026447791719443913,2.021860435851533
282317,True,,0.02019041569408339,-0.03130951746685139,32.65628895314184,0.019185384689879077,-0.0011026729852260098,1.2383531233313483
282318,True,,0.021382813187066755,0.05072238812648549,31.498087342221243,0.024171359859280872,-0.002764600816833125,1.522710549119646
282319,True,,0.018816851038035976,-0.0175529905059914,32.535485112942254,0.01743955428235167,0.0033611928884216364,1.2930170120401974
282320,False,sustained_bull: V_T/V_1 1.14 < 1.2,0.018762247984538162,0.08591616975559725,32.800151972340494,0.022330262290241626,0.002436262964230272,1.1385066357708473
282321,True,,0.01714474550794837,-0.1617907565898213,30.14984940784807,0.01583170502481704,0.002416277484496296,1.5890756858656965
282322,True,,0.02021369799968254,0.06713386998856594,31.153037148621635,0.022472210679548,0.0023418621670240627,1.3293273349357924
282323,True,,0.019986509431416596,-0.07715851858327488,30.514924042323205,0.02002424309310625,0.002999036185408901,1.3651654126568924
282324,False,"sustained_bull: x range [-0.12, 0.04] outside [-0.1, 0.15]",0.023611308342406948,0.005144233588622226,37.87750120421321,0.027084561828624,-0.014098674400794124,1.1932175386671224
282325,True,,0.017737561954401966,-0.0010332715393511994,31.41050319835639,0.020721765511353653,0.006590511964875888,1.8840109302998937
282326,True,,0.02099588075629973,0.08359789919287737,34.38692141735175,0.024475572179738888,-0.001962508872383926,1.354223855170367
282327,False,"sustained_bull: x range [-0.10, 0.07] outside [-0.1, 0.15]",0.0256245054293878,0.024405000523443632,31.595228704767973,0.02555127848673562,0.003135095492990435,2.054314331200085
282328,False,"sustained_bull: x range [-0.06, 0.23] outside [-0.1, 0.15]",0.024049851917308945,0.1403293670110574,36.76885177726462,0.042005136872380056,0.015110362985781146,2.4600344114361765
282329,False,sustained_bull: V_T/V_1 1.15 < 1.2,0.01662427735038321,-0.04278868824441788,27.2865568440095,0.01844549327293628,0.003969315579743997,1.1488977641542153
282330,True,,0.023039797621172184,-0.011835924064813038,34.95219262849867,0.02572530688620547,0.006394721415510477,1.5160503358896646
282331,False,sustained_bull: V_T/V_1 1.02 < 1.2,0.021532505662676227,-0.027351168074508513,33.73127783732021,0.024595838638779365,0.00968380721707769,1.0206545009347816
282332,True,,0.018844030954220735,-0.04880117347676895,30.785553863994227,0.025761936567757094,-0.001617493482276855,1.3206096319262537
282333,True,,0.01779054748280366,-0.06196855001817661,28.91444924956063,0.012869637922940975,0.0019866402761433144,1.3224963806636576
282334,True,,0.018820710530981534,0.050477626132586044,29.286780969725058,0.01900195152719917,0.003043160786805562,1.349732594977052
282335,True,,0.021017965420539665,0.04722619749463837,31.320994340126752,0.021361694964684715,-0.001806441655295799,1.3661846355906297
282336,False,sustained_bull: V_T/V_1 0.99 < 1.2,0.0202263638789392,-0.03218525069924295,30.415634803882366,0.017351447979067652,-0.004344343297242369,0.9905273117940363
282337,True,,0.019647446379683343,-0.08468135066460795,30.16607450479768,0.01726993107586001,-0.007627432019308642,1.3192923492889739
282338,False,"sustained_bull: x range [-0.13, 0.15] outside [-0.1, 0.15]",0.026921221437955476,-0.03950355050559339,31.66460989209434,0.036384505674409616,-0.01007038387514813,1.9148984112866678
282339,True,,0.02265330039622453,0.025058702332384164,32.442461396094465,0.03088533758095778,-0.001748548017752684,1.703719901020539
282340,True,,0.017028153719840178,0.05679408460998578,28.95228507506123,0.020213709250547805,0.007358345397991211,1.2568113180152682
282341,False,"sustained_bull: x range [-0.04, 0.65] outside [-0.1, 0.15]",0.05191340252086467,-0.10898399831515487,44.387483345633974,0.07878475694714912,0.017688544514567982,1.236143378166253
282342,True,,0.023224768019978057,-0.10562158286948546,38.33270425704712,0.030845065364026345,0.006414585044599012,1.7625574455971211
282343,False,sustained_bull: V_T/V_1 0.95 < 1.2,0.01912130929538807,0.0017176894799337554,34.18224297811246,0.022830850135887263,-0.0030278970009372263,0.95305653721294
282344,True,,0.01670051304199925,-0.07075188687043404,32.50180910390206,0.014958715124629766,0.008686084838035265,1.471152744054463
282345,True,,0.01961564656380982,-0.048670810871724736,31.452848596857965,0.02220756059335071,0.003423015186700169,1.8064453452713778
282346,False,sustained_bull: V_T/V_1 1.16 < 1.2,0.01817651487903897,0.0872733855751559,30.450207607760333,0.023691010299080342,-0.005603735004973127,1.161507911088584
282347,False,sustained_bull: V_T/V_1 1.19 < 1.2,0.01854712514827358,-0.09048826492345267,30.90281874201419,0.016167768818269673,-0.0004861273415998785,1.1926859128892033
282348,True,,0.020636977721962043,-0.056699169444665506,38.25563609237192,0.027221653323317073,1.3718042815460963e-05,1.419017716264295
282349,False,sustained_bull: V_T/V_1 1.12 < 1.2,0.019060385327563354,0.07930931647314708,33.529555483525,0.02710464728887244,-0.006328094587834887,1.1224452824585858
282350,False,"sustained_bull: x range [-0.10, 0.16] outside [-0.1, 0.15]",0.028618649402687754,-0.021411485832047775,36.32242370714689,0.039075519744165337,-0.005618451806176834,1.73312148130294
282351,True,,0.018676690705107024,0.0668314929988065,28.93006392429961,0.022533481772123852,-0.002496838349887995,1.5284251454761966
282352,False,"sustained_bull: x range [-0.15, 0.06] outside [-0.1, 0.15]",0.019301830757342618,-0.05121617412675229,33.037345649435295,0.03052028803705159,-0.006044108138369757,1.5769138541495664
282353,True,,0.018329093929765564,0.013820105479355794,28.827510977795917,0.02128396016643031,0.004708194097631929,1.4469834647870272
282354,True,,0.024587035414762145,0.04086327995039906,36.563297498281415,0.02687678941463795,-0.0027565826397643735,1.501533894202915
282355,True,,0.01874648807583578,0.11861629370334016,29.35966540895296,0.023615981529761826,-0.008294454547264645,1.3893740150473268
282356,True,,0.018743254663263344,-0.10519573080818297,31.72502986329573,0.021075307498268095,0.0022774602481322134,1.3055405129027253
282357,False,"sustained_bull: x range [-0.12, 0.08] outside [-0.1, 0.15]",0.031013283443833754,-0.11318795006336815,39.53651618828103,0.036869689300836,-0.012054109141489237,1.4130762313004501
282358,True,,0.018426606661134524,-0.09585378548883057,28.942928503224035,0.020853630304666602,-0.006377590091350028,1.8477975143427476
282359,True,,0.026026835346746637,-0.02356336416416192,31.381944142575417,0.025261907250083426,0.0034972635049613553,1.392004806343613
282360,True,,0.019080587201837737,-0.032054116242820105,31.11778185585266,0.01723555012244125,0.003371656867965476,1.3499823552256054
282361,False,sustained_bull: V_T/V_1 1.13 < 1.2,0.017653897321343447,-0.10479173490562022,29.145256370008372,0.015875642998566933,0.00717588695103411,1.1344503675943964
282362,False,sustained_bull: V_T/V_1 1.06 < 1.2,0.020017363325836708,0.010411999396393028,29.252079757671762,0.023465477865813125,0.009608744826889871,1.058719232312464
282363,False,sustained_bull: V_T/V_1 0.79 < 1.2,0.023973927493706575,0.024992066588051413,41.21916330129609,0.03294683802027698,0.007479709365738695,0.7874500615044426
282364,True,,0.02048578694912259,-0.07756433710880102,31.181122362722107,0.02150912694448224,0.005601354298537218,1.2878092552590812
282365,False,sustained_bull: V_T/V_1 0.96 < 1.2,0.017640043224384037,-0.08964825108321008,28.80079130800979,0.019924514811075905,0.004818522602988644,0.9594465722521276
282366,True,,0.02250736276644154,0.0391988283480812,30.96646008492507,0.024805718572462613,0.0008353328155251299,1.2743448185772004
282367,False,sustained_bull: V_T/V_1 1.17 < 1.2,0.017433404255764326,-0.10770358054147551,27.966313604111384,0.016310121357678127,-0.00062033757760659,1.170632138921618
282368,True,,0.018872060517716165,-0.016388905838298475,29.002850076787535,0.02006690675429977,-0.010636115584828222,1.2829504760957298
282369,True,,0.01888122489438619,0.05975603913353997,30.860591136876973,0.023596602228016763,0.0005823720169084474,1.4684387977805329
282370,True,,0.019348344946503563,0.0575609388863435,29.557439606798262,0.02643695118736838,0.0040283894476671085,1.3004695107032167
282371,True,,0.016039637064521297,-0.08617331142499639,26.7838274565957,0.01704504610157114,0.0021494101720652466,1.8846298767961518
282372,True,,0.023090958565094917,0.01331857753632642,34.781618619728576,0.026910570380332968,5.075247475903252e-05,1.3924647548878752
282373,False,sustained_bull: V_T/V_1 1.02 < 1.2,0.024852164376336555,-0.01606979078531459,35.51484905256142,0.024904798889499064,-0.008737780842721947,1.0170545083155904
282374,True,,0.019954009729186324,-0.021771765140814872,28.731202716715394,0.01840234717771283,-0.00018860057113548488,1.5167811175334904
282375,True,,0.021951095697083926,0.04136457362925584,33.93890898603818,0.030320421564053627,-0.0009762509200418357,1.9506054390344751
282376,True,,0.021080388246453582,-0.08678791385269978,31.876025773716187,0.02896911160842154,0.007729929090071963,1.7566627880073833
282377,True,,0.018848474227895855,-0.06757561650240511,31.228187642546956,0.017600265786790716,-0.0014450658709661169,1.5865517714157564
282378,True,,0.01787797072856238,0.07898636572334337,25.3430351518322,0.015622973143962778,0.0010457361676744093,1.892324110122912
282379,True,,0.020482325681241934,-0.061276090716121834,31.81508045587004,0.022096064393432154,-0.007717699562520829,1.285015980171738
282380,True,,0.01922353949699254,0.10300585317692339,31.068809488533738,0.018891910441374664,0.0027747989945794372,1.661678135376851
282381,True,,0.02286124993942336,-0.008871788442833784,36.591061666178305,0.0295143697626095,-0.007027409203007087,1.5815510613358699
282382,True,,0.02428905890530951,0.01758558856600714,33.487997448406034,0.021814013167388683,-0.004529637942613805,1.790347606569955
282383,True,,0.017225972048741094,-0.03372262652138873,26.308915314201275,0.014948058644437438,3.158917626672933e-05,1.325253456060594
282384,True,,0.01939877060446932,0.011505769706339083,31.54950699888015,0.018423953800425507,-0.0007972977573115761,1.5611783168868434
282385,True,,0.018769219956589873,-0.027057106823583466,30.056763500659518,0.018327486752625903,0.0030534176631814925,1.5781872242942419
282386,True,,0.029069592686831406,-0.11460533489607924,37.25044393025447,0.034139328482453435,0.0008021405980573648,1.387670486579262
282387,True,,0.01758489579906111,0.1372028729232929,27.796608407227524,0.01664056654699267,-0.0010746479955746299,1.256956801583268
282388,True,,0.017911003034469235,-0.02978838942665629,29.4481113193661,0.018069203452434873,-0.0019672060749496467,1.7080057815217777
282389,True,,0.020534820892489456,-0.06743697307036937,30.46755777158727,0.023866548871524486,-0.00888996824113455,1.309305457977685
282390,True,,0.02082596723694476,-0.02177524525552278,32.67067758928826,0.02631771054801561,-5.4130621861209206e-05,1.6443486900620126
282391,False,sustained_bull: V_T/V_1 1.10 < 1.2,0.020376041519059154,0.061887179337867006,31.301269013936135,0.024895932521898836,-0.0036342333221945134,1.1020553284700274
282392,True,,0.020397076407326072,-0.05206553243002155,34.5538813851895,0.027179682442950097,0.0030495680041442413,1.4945117129529815
282393,True,,0.017212642138528963,-0.002929320320622805,24.842706381772278,0.01737612263252712,0.001024552927296053,1.411425278286831
282394,True,,0.018300639056749925,0.05721192521955468,29.1579325817834,0.014405715620426482,0.004905986215065676,1.3556579049844744
282395,False,"sustained_bull: x range [-0.13, 0.06] outside [-0.1, 0.15]",0.020643763667233098,-0.023561067643121457,31.731584870263205,0.02818354993251003,-0.0059326060738959345,1.3110980411894682
282396,False,sustained_bull: V_T/V_1 0.96 < 1.2,0.022577874073595613,-0.009866664830527368,32.95874276497065,0.0252206853558914,-0.00526196674502841,0.9569637505342397
282397,True,,0.02072986719590522,-0.09063941723406253,34.31245561977072,0.016445955912902554,-0.004108874393869624,1.5145062020854803
282398,True,,0.027161915922346264,-0.05373830647639202,38.87587671215034,0.033382753818020264,-0.005881262013449486,1.8219789315341224
282399,True,,0.021468116203853038,-0.07912249212560224,29.46325768350057,0.02384030933300691,-0.00024329683181156442,1.2241428457902803
282400,True,,0.017680147113359662,-0.1400160782179741,33.21318142264237,0.017072599603177807,0.0052754152634371275,2.032951092764956
282401,True,,0.01994890653989771,-0.02148757874233188,31.308214486795176,0.019427842123376022,0.008791779975070621,1.3910313901138893
282402,False,sustained_bull: V_T/V_1 1.09 < 1.2,0.022392942801397198,-0.019370969640351312,35.9919369235527,0.027953920566483496,0.0018111802657040156,1.0871235699271715
282403,True,,0.02444022535649966,0.11182302438309272,36.81355059420823,0.02854521886606636,-0.003592847247938466,1.8020236553354256
282404,True,,0.020320177126125587,-0.00793064853779142,31.11708135400508,0.018078475544225377,0.0054401279736908704,1.3029691963715135
282405,False,"sustained_bull: x range [-0.18, 0.09] outside [-0.1, 0.15]",0.03373485373616225,-0.08710001965502384,48.17804874564281,0.04730817093841506,-0.012621473776380144,1.3722896649647385
282406,False,"sustained_bull: x range [-0.10, 0.07] outside [-0.1, 0.15]",0.027609261103150328,0.01574466506252276,40.228829154591615,0.03622407997725252,0.00013524949309611179,1.915711890196693
282407,True,,0.01982364678862454,0.004406768255187864,27.44065066839128,0.022442901771063742,0.0013930146995239866,1.8966190681313846
282408,True,,0.019746032262836208,-0.012776013880109852,32.952547032737456,0.021129268824482142,0.01302802494330198,1.2021461482331424
282409,True,,0.019002109180662734,0.037055085899168075,27.559175839453818,0.01876751398022589,-0.004965508559633921,1.3603492087788729
282410,False,sustained_bull: V_T/V_1 1.16 < 1.2,0.020857481432322605,-0.02690245468241704,34.8395582457448,0.031572661876882596,-0.005683492702699188,1.156463517234063
282411,False,"sustained_bull: x range [-0.11, 0.08] outside [-0.1, 0.15]",0.025346503279153425,-0.029934321316160698,31.427202348384427,0.030964292635257903,-0.0035332804363275763,1.3669177903226335
282412,True,,0.02094635477192687,-0.13277484287099509,33.44583496388314,0.02388963032149183,0.005096291810740191,1.5234522881940282
282413,True,,0.017848805548178037,-0.05599363538964967,36.12442927191034,0.024043865472904637,0.0024859492680051193,1.400564097736658
282414,False,"sustained_bull: x range [-0.10, 0.13] outside [-0.1, 0.15]",0.02773442424121429,0.1439511886330785,37.917864682386416,0.04525836746198291,0.012503384232309244,1.6649838190605042
282415,True,,0.020965189144622115,-0.025367266489440595,29.877236280603665,0.01993655513614923,0.006410248096925351,1.630185725144159
282416,False,"sustained_bull: x range [-0.38, 0.06] outside [-0.1, 0.15]",0.031942426410506486,-0.11667148338075375,37.72098077344935,0.049613816497521286,-0.011052806852763813,2.193671509336633
282417,True,,0.019603088864878722,-0.004857298181908205,30.261441698143297,0.024421222883603797,-0.0017614383436974682,1.316723247884495
282418,False,"sustained_bull: x range [-0.11, 0.04] outside [-0.1, 0.15]",0.01804109564774968,-0.022840747959467604,27.016356699943106,0.020974848226849828,0.00012967043542591372,1.9333798224133958
282419,False,"sustained_bull: x range [-0.24, 0.14] outside [-0.1, 0.15]",0.03862232516835186,0.007393684668792799,47.75435682200914,0.05926198684935153,-0.011217909853866264,2.006113867457915
282420,False,"sustained_bull: x range [-0.06, 0.37] outside [-0.1, 0.15]",0.03287396861728459,-0.009110367456743545,38.10064163898787,0.05007411745653011,0.0066040423495567335,1.1334979444237339
282421,False,"sustained_bull: x range [-0.23, 0.10] outside [-0.1, 0.15]",0.034994691770429034,-0.1814601415537892,54.01238902227155,0.047555456696649435,-0.0177909665335573,0.9290334516005669
282422,False,"sustained_bull: x range [-0.16, 0.12] outside [-0.1, 0.15]",0.025665682424400232,0.09032372207370871,40.536555928508434,0.03450228597027518,-0.0054525818888023405,1.3872203726120447
282423,True,,0.022300631860230808,0.02366199202979428,35.362233690450005,0.028398420029736124,0.00237683953883959,1.482172028260551
282424,True,,0.019647478703510895,0.003671474308179585,35.05557191097878,0.018300923485292837,-0.0002593431065362639,2.1840789646430494
282425,True,,0.019037111727350654,-0.08277602515935824,34.23040760361092,0.02012833672931419,0.008448060828566873,1.4353697982060158
282426,False,sustained_bull: V_T/V_1 1.16 < 1.2,0.02052401598024394,0.08886788536241026,29.43572409600042,0.02261950222549886,0.017722690945869046,1.1572813809605205
282427,True,,0.023841416218393276,0.002639897681057429,31.5220442174595,0.02470561897697699,-0.0051958998603939795,1.2619814588641431
282428,True,,0.017440153163161623,0.08640804736954552,29.293219671803655,0.015561001034516552,0.002254756719372901,1.6255223957942941
282429,True,,0.018345572881338,-0.03849399177571081,31.027535342940936,0.016655158680285054,0.0008714425440402648,2.03734870692234
282430,True,,0.019220343169219764,0.015006016120196974,27.92436251659683,0.01860861803226583,0.0014980408389808474,1.265038434480602
282431,True,,0.019235031404629756,-0.011216715728310797,27.135969832142234,0.021309626735780664,-0.0018447049733647733,1.7388466861150802
282432,True,,0.021398388541189958,-0.011525879124177687,32.890743435017285,0.02542437488365572,-0.007403876587994702,1.4619489378430337
282433,False,"sustained_bull: x range [-0.14, 0.04] outside [-0.1, 0.15]",0.021973240085460078,0.058545083634990315,31.967064168453756,0.027824102021765832,-0.006728203621077783,1.8403241419826928
282434,False,"sustained_bull: x range [-0.10, 0.05] outside [-0.1, 0.15]",0.023034949401542937,-0.1723458024251682,31.042219382717093,0.02878521670337992,-0.0068162784588068,1.5434435738709174
282435,True,,0.019553956910588845,-0.07006243250676883,42.011110315390646,0.01891521174419563,0.0053884775595854275,1.4982859836675442
282436,True,,0.01936062256043244,0.12089031247509105,31.03861543277042,0.021120317073289395,-0.00660360510411023,1.3772685324761602
282437,False,"sustained_bull: x range [-0.07, 0.17] outside [-0.1, 0.15]",0.028481353643909305,-0.08359566227514971,36.11236820803653,0.035734422479870874,0.008352839710820441,1.1150364295555437
282438,False,sustained_bull: V_T/V_1 1.19 < 1.2,0.018135297880728037,0.04891086326909516,32.186449426196,0.017895575469274016,-0.003071101280180179,1.1865681996563089
282439,True,,0.01909917745479965,-0.00574793458749618,30.005317037337488,0.017775715055785,-0.0008515313857099036,1.5436086829281634
282440,True,,0.01895171320292671,0.05994767272355579,28.358093819897675,0.019660987281588268,0.0012965549291374433,1.8008402980858755
282441,True,,0.022167955607090783,-0.04783379942489732,33.296878121575304,0.02373043005005367,-0.005038393578994263,1.9183128387841875
282442,True,,0.019028538102448853,-0.0228356992563253,30.618964502174617,0.019512794858755515,0.0070206907189819985,1.6352645814166622
282443,False,sustained_bull: V_T/V_1 1.10 < 1.2,0.01863426352349351,0.022147849843822884,29.24748525724649,0.016727444729802952,-0.0005100393084621826,1.0980995220456957
282444,True,,0.018134243902975588,-0.1008239151334071,29.90962214990266,0.02561081850310405,0.007733402600873428,1.3712103295848448
282445,False,sustained_bull: V_T/V_1 1.12 < 1.2,0.02121912474285428,0.02113212012328849,33.17156624452862,0.02285890924110381,-0.0034396369510954726,1.115007582936022
282446,False,sustained_bull: V_T/V_1 1.06 < 1.2,0.023275243236413227,-0.043076733715236744,40.013825302076626,0.020009314072911826,0.002547542585639354,1.0552980023688503
282447,True,,0.021409761313139253,-0.0011837586625583275,36.42876024714889,0.023021184253806417,-0.0014518885663974484,1.9585979858764875
282448,True,,0.0170432485692811,0.08666553703513113,28.35659241489261,0.014037861147840716,0.001937511504467243,1.6164661559197246
282449,True,,0.023455143582221293,-0.09812085200775218,34.82532960660059,0.02933837451412101,-0.00203431350299235,1.7386403956484109
282450,False,"sustained_bull: x range [-0.22, 0.07] outside [-0.1, 0.15]",0.026414171284604552,-0.06401687648028447,35.77479570043721,0.03670040113363376,0.002455951544869241,1.5860772567991288
282451,True,,0.02028360501376212,-0.008907983392467815,27.877146182450947,0.02238582026594553,-0.003813565913700685,1.8076486502826052
282452,True,,0.01876912074849289,-0.03874135013100667,32.94607124358458,0.017378592521759568,0.002019186163589458,1.6463221649970023
282453,True,,0.020083978214874183,0.017127845279809345,26.764592854794504,0.016904354915202455,0.0017908104005075077,1.5406134507443203
282454,True,,0.018047846312758208,0.031766735607393105,27.74869892568964,0.01629019101903696,-0.001187638005344299,1.300270384082488
282455,True,,0.019377099095066033,-0.06676847587323104,28.109616666253558,0.02491841573745889,0.01081176595132405,1.9896037719655486
282456,False,"sustained_bull: x range [-0.13, 0.09] outside [-0.1, 0.15]",0.02090920572505862,-0.024141032691145172,33.24031091375763,0.0325398365989654,0.005232522397809834,1.375862739161662
282457,False,sustained_bull: V_T/V_1 1.19 < 1.2,0.01828880893382686,0.01888137564307606,31.511964766458913,0.014643813419017054,0.004096780998684822,1.1851870616307687
282458,True,,0.017350403466115,0.011779576950784689,30.49323956955258,0.01791761296633464,0.004257640146838369,1.937172855361781
282459,False,sustained_bull: V_T/V_1 1.14 < 1.2,0.021013482043232824,-0.002320128782060326,32.768382058295494,0.022711479861417607,-0.0032816339240868166,1.1365646644844511
282460,False,sustained_bull: V_T/V_1 1.18 < 1.2,0.0211349908112617,0.0607120854694582,28.432842663794624,0.024429167835008793,0.005185837928372765,1.1832764169189005
282461,True,,0.017337529627933862,-0.08941272667152361,31.19741557389395,0.016934974392870908,-0.001087979582435178,1.5729129497365602
282462,True,,0.019242344404819776,0.018618231276669426,32.141518027736666,0.020989309549520493,-0.002116578553808188,1.7279770232441745
282463,True,,0.017514890691409043,0.0718231187510617,27.313904697156868,0.019430480472374338,0.0013400162410914368,1.4740636060922914
282464,False,sustained_bull: V_T/V_1 1.00 < 1.2,0.019582487127803704,0.03500135883285871,30.51494810871951,0.019892648142442286,0.008729082027426609,1.0018632714459987
282465,False,"sustained_bull: x range [-0.10, 0.11] outside [-0.1, 0.15]",0.02406764291318767,-0.11756381318681852,31.371136471805265,0.031168641094174537,-0.001842728443817718,1.5756472877091043
282466,True,,0.023274659407285417,0.1186704602247959,31.136776397185457,0.024310258294946683,0.005562376257425975,2.083855384609654
282467,True,,0.018630485847466485,-0.07105837513463518,33.787758527346504,0.0226009429336953,-0.00895639601738772,1.6247897590032059
282468,False,"sustained_bull: x range [-0.14, 0.10] outside [-0.1, 0.15]",0.02609538767895292,-0.07013681079209869,41.07285665332633,0.03494721631615876,-0.008940054481189164,1.5997518229600167
282469,True,,0.018096153805494432,0.045181644416874625,29.631844212661786,0.019839850013711628,-0.003230340139607366,1.8765455599799876
282470,True,,0.02018323227854216,-0.005878556868802631,33.31902806505787,0.02405964572903063,-0.004716669311064296,1.6378384485124853
282471,True,,0.01868039402966677,0.01967405920869601,32.34777049153983,0.022831554132459284,0.005779886501257025,1.5313514855603236
282472,True,,0.01736421409535222,-0.001794011028995996,31.905184919218126,0.02115383614970773,-0.0036746290164865704,1.3184673109155223
282473,True,,0.018687647706327908,0.0888621964510504,30.41018029322653,0.018799289069240065,-0.008770187671673564,1.46179810860667
282474,False,sustained_bull: V_T/V_1 1.16 < 1.2,0.01808223003942397,0.005272657634216991,30.007586293083605,0.017646520293687174,-0.0001138506679943066,1.159866382414407
282475,False,"sustained_bull: x range [-0.11, 0.05] outside [-0.1, 0.15]",0.022504570134957033,-0.08425583049772663,30.788090036439627,0.030077360109438993,-0.004846142331500489,1.7992961609720184
282476,True,,0.019193442428974646,-0.06302349908887817,28.262653948078487,0.018509961957290426,0.0009051979946458303,1.3371792553829134
282477,True,,0.019145132683510986,-0.05543876814385458,27.050647639975423,0.016817380033707637,-0.0013042813692749162,1.8879363923905756
282478,True,,0.02370953886145943,0.06889284050330123,35.61905053844808,0.03441452401264176,-0.00674961512328111,1.7325309459955343
282479,True,,0.019300075503710604,-0.09534661805624321,32.005707367134065,0.019362476630374253,-0.004380489095938097,1.4200431242663414
282480,False,sustained_bull: V_T/V_1 1.10 < 1.2,0.01838356537770239,0.1775514996854984,33.22433957283367,0.018259926120294877,0.004179864215080991,1.0960508438546592
282481,False,sustained_bull: V_T/V_1 1.18 < 1.2,0.016870744877685768,0.04144047460735244,25.6731514582354,0.01913212748121922,0.0030336813748299604,1.1845094378515395
282482,True,,0.020601216133044286,-0.05616430807859498,28.020101699901517,0.02436511867351814,0.008487961335251409,1.584431343354836
282483,True,,0.016435378554672378,0.035649338188129036,25.694194575498415,0.013285963572416947,0.00575339077228491,1.7183705965040728
282484,True,,0.018172856712814225,-0.08078846042199264,28.56837764875875,0.018954886549876006,-0.0038949432799662885,1.7096912543834937
282485,True,,0.0186970415581848,0.040327695999204334,30.849140640537044,0.01785049604068575,-0.0019733776991832353,1.3051036406912875
282486,True,,0.018512131091146054,0.01919748668183659,29.44419283513777,0.017360859781898923,0.004298552621259912,1.4303703889365864
282487,False,"sustained_bull: x range [-0.12, 0.17] outside [-0.1, 0.15]",0.02966878668173265,-0.04345846196487759,43.213837235501394,0.04054639009001583,0.017442544232171946,1.4701431163806509
282488,False,"sustained_bull: x range [-0.04, 0.30] outside [-0.1, 0.15]",0.028328809195168992,-0.05804911940971566,36.07535827256863,0.04151421167036277,0.010222398386685367,1.25113682621204
282489,True,,0.017387135707060034,0.12584151038469676,26.47415938796071,0.018193703102031795,0.003213391072868316,1.495121445737679
282490,True,,0.020375850447617062,0.03152932004579266,27.76111226789815,0.027446869219392555,0.00687084403408603,1.7856603183130773
282491,False,sustained_bull: V_T/V_1 1.01 < 1.2,0.019512065427243513,0.11346151327665578,34.34002075729678,0.01652606608145604,-0.003041818882312003,1.0078544009431443
282492,True,,0.019194609402275072,-0.13155106390798404,30.347443788820673,0.018448927971355986,-0.0018326056504521654,1.8395154477269324
282493,False,"sustained_bull: x range [-0.10, 0.07] outside [-0.1, 0.15]",0.019289753072172955,-0.0386969263153343,30.05165015719933,0.025143361468281,0.0007809311306238437,1.6283533246621449
282494,True,,0.02695423438245177,-0.13367043751085966,36.133775985432955,0.030074387345020073,-0.004764785571664966,2.4337526909248535
282495,True,,0.020819732175382306,0.061373015667846496,32.207152543457404,0.02824189999622084,0.00510252706681242,1.284558088410694
282496,True,,0.017603321255840597,-0.09378031383483398,34.50935808619089,0.01696190844553406,0.006395488226759032,1.2120799407206029
282497,True,,0.02066360562440793,-0.06391509050115506,33.94755816376227,0.02283406762799066,0.0020920611336267716,1.4831171143368576
282498,True,,0.018330682079519364,0.11883502626379544,29.9993247187221,0.019112839315234716,0.005728061108153544,1.5491873900625297
282499,False,"sustained_bull: x range [-0.14, 0.13] outside [-0.1, 0.15]",0.0375494164191456,-0.08386125603083804,45.711646605800894,0.059009215177745884,0.004037458177254323,1.1710180299791455
