Date,Model,MBTI,Agent_Type,Scenario,Seed,Crash_Discount,Phase,Price,Fundamental_Value,Portfolio_Value,Cash,Holdings_Qty,Action,Quantity_Percent,Rationale,SMA20,SMA60,RSI14,MACD,Volume,Volume_Ratio,Implied_Volatility,Reported_PE,Dividend_Yield,Trend_Strength,Trend_Regime,Sentiment,Sentiment_MA5,Sentiment_Change
Day-1,meta-llama/Llama-3.1-8B-Instruct,ENTJ,memory,crash,123,0.95,deterioration,95.54,99.45718469834972,10000.0,9000.0,10.466820180029307,BUY,0.1,"The trend is neutral, but the price is at a relatively low point, and the RSI is at 50.0, indicating a potential buying opportunity. The momentum commander mandate suggests chasing the big wins, and a small initial investment could lead to significant growth if the trend turns up.",95.54,95.54,50.0,0.0,1000040,1.0,15.0,14.4,2.78,0.0,0,0.33,0.33,0.0
Day-2,meta-llama/Llama-3.1-8B-Instruct,ENTJ,memory,crash,123,0.95,deterioration,94.43,100.34677398911458,9988.381829600168,8100.0,19.997689607118154,BUY,0.1,"The trend is neutral, but the SMA20/60 is at 0, indicating a flat trend. The RSI is at 50, which is a neutral zone. Given the momentum commander mandate, I will take a calculated risk and buy in to potentially ride the trend upwards.",94.99,94.99,50.0,-0.0883,1490298,1.2,15.1,14.1,2.83,0.0,0,-0.02,0.15,-0.17
Day-3,meta-llama/Llama-3.1-8B-Instruct,ENTJ,memory,crash,123,0.95,deterioration,98.15,99.83769178067156,10062.773234938646,8100.0,19.997689607118154,HOLD,0.0,"The trend is neutral, with SMA20/60 at 0, indicating no clear direction. The RSI is at 50, which is a neutral reading. Given the momentum commander mandate, there is no clear indication to buy or sell, so holding is the best course of action.",96.04,96.04,50.0,0.1398,1441356,1.1,15.2,14.7,2.71,0.0,0,0.32,0.21,0.11
Day-4,meta-llama/Llama-3.1-8B-Instruct,ENTJ,memory,crash,123,0.95,deterioration,94.88,98.79115644050931,9997.38078992337,4050.0,62.683187077607194,BUY,0.5,"The trend is up, as indicated by the SMA20/60 convergence at 95.75. The RSI is at 50.0, indicating a neutral market, but the overall momentum is positive. Given the momentum commander mandate, it's time to buy and ride the trend.",95.75,95.75,50.0,0.0567,1459736,1.08,15.3,14.4,2.78,0.0,0,0.1,0.18,-0.08
Day-5,meta-llama/Llama-3.1-8B-Instruct,ENTJ,memory,crash,123,0.95,deterioration,94.14,99.10310493730687,9950.99523148594,2025.0,84.19370332999725,BUY,0.5,"The trend is neutral, but the price is below the SMA20/60, indicating a potential buying opportunity. The RSI is at 50, suggesting a balanced market. The momentum commander mandate suggests buying into a neutral trend to chase potential growth.",95.43,95.43,50.0,-0.0686,1207751,0.92,15.4,14.2,2.81,0.0,0,-0.03,0.14,-0.17
Day-6,meta-llama/Llama-3.1-8B-Instruct,ENTJ,memory,crash,123,0.95,deterioration,94.75,100.0662245976625,10002.353390517239,1012.5,94.87971916113182,BUY,0.5,"The trend is up, indicated by the equal SMA20 and SMA60 values, and the RSI is at 50.0, suggesting a neutral market. However, the momentum is likely to continue, and buying now can capitalize on the upward trend. The P/E ratio and implied volatility are within reasonable ranges, supporting a growth-oriented strategy.",95.32,95.32,50.0,-0.1169,1372307,1.03,15.5,14.2,2.82,0.0,0,0.07,0.09,-0.02
Day-7,meta-llama/Llama-3.1-8B-Instruct,ENTJ,memory,crash,123,0.95,deterioration,92.85,97.87526797324017,9822.08192411109,506.25,100.3320616490155,BUY,0.5,"The trend is up, indicated by the identical SMA20 and SMA60 values, and the RSI is at 50.0, suggesting a neutral to slightly bullish sentiment. The P/E ratio is relatively low, and the implied volatility is moderate. Given the momentum commander's mandate, it's time to buy and ride the trend.",94.96,94.96,50.0,-0.3051,1106415,0.85,15.6,14.2,2.81,0.0,0,-0.44,0.0,-0.45
Day-8,meta-llama/Llama-3.1-8B-Instruct,ENTJ,memory,crash,123,0.95,deterioration,92.41,98.7222525463314,9777.935816985522,506.25,100.3320616490155,HOLD,0.0,"The trend is flat, with the SMA20/60 lines at the same level, indicating a neutral market condition. The RSI is at 50, which is a neutral reading. Given the momentum commander mandate, there is no clear indication to buy or sell, so holding is the best course of action.",94.64,94.64,50.0,-0.4841,1196152,0.93,15.7,14.0,2.85,0.0,0,0.0,-0.06,0.06
Day-9,meta-llama/Llama-3.1-8B-Instruct,ENTJ,memory,crash,123,0.95,deterioration,94.3,99.41777825593503,9967.563413502161,253.125,103.01631403501761,BUY,0.5,"The trend is up, indicated by the matching SMA20 and SMA60 values. The RSI is at 50.0, indicating a neutral momentum, but the overall market conditions suggest a potential for growth. As a momentum commander, I will capitalize on this trend by buying in.",94.61,94.61,50.0,-0.4679,1425774,1.1,15.8,14.2,2.81,0.0,0,0.51,0.02,0.49
Day-10,meta-llama/Llama-3.1-8B-Instruct,ENTJ,memory,crash,123,0.95,deterioration,93.71,98.19954119127252,9906.783788221499,126.5625,104.36689028088252,BUY,0.5,"The trend is up, indicated by the equal SMA20 and SMA60, and the RSI is at 50.0, suggesting a neutral but stable market. The price is slightly below the trend, making it a good entry point. As a momentum commander, I will buy to chase the big wins.",94.52,94.52,50.0,-0.4975,1063806,0.83,15.9,14.3,2.79,0.0,0,0.39,0.11,0.29
Day-11,meta-llama/Llama-3.1-8B-Instruct,ENTJ,memory,crash,123,0.95,deterioration,94.1,98.14156958241682,9947.486875431045,63.28125,105.03937965388995,BUY,0.5,"The trend is up, as indicated by the SMA20/60 convergence at 94.48. The RSI is at 50.0, indicating a neutral market, but the overall momentum is positive. The price is slightly below the trend, making it a good entry point.",94.48,94.48,50.0,-0.4834,1446932,1.12,15.9,14.4,2.78,0.0,0,-0.3,0.03,-0.33
Day-12,meta-llama/Llama-3.1-8B-Instruct,ENTJ,memory,crash,123,0.95,deterioration,94.24,98.28175943958219,9962.192388582587,31.640625,105.37512482579147,BUY,0.5,"The trend is neutral, but the RSI is at 50.0, indicating a potential buying opportunity. The P/E ratio is relatively low, suggesting undervaluation. I will buy 50% of the portfolio to capitalize on potential growth.",94.46,94.46,50.0,-0.4562,1248253,0.97,16.0,14.4,2.78,0.0,0,0.15,0.15,-0.0
Day-13,meta-llama/Llama-3.1-8B-Instruct,ENTJ,memory,crash,123,0.95,deterioration,93.56,98.92291000293557,9890.53730370105,31.640625,105.37512482579147,HOLD,0.0,"The trend is flat, and the RSI is at 50.0, indicating a neutral market condition. As a momentum commander, I will wait for a clear trend direction before making a move.",94.39,94.39,50.0,-0.4834,1213047,0.95,16.1,14.2,2.82,0.0,0,0.07,0.17,-0.09
Day-14,meta-llama/Llama-3.1-8B-Instruct,ENTJ,memory,crash,123,0.95,deterioration,90.7,97.70586545735388,9589.164446699286,15.8203125,105.54954943990393,BUY,0.5,"The trend is up, indicated by the flat SMA20/60 and the low RSI of 36.8, suggesting a strong upward momentum. The price is currently at $90.70, which is below the trend line, making it a good entry point. I will buy 50% of the portfolio to capitalize on the potential growth.",94.13,94.13,36.8,-0.728,1152823,0.91,16.2,13.9,2.87,0.0,0,0.25,0.11,0.13
Day-15,meta-llama/Llama-3.1-8B-Instruct,ENTJ,memory,crash,123,0.95,deterioration,91.77,97.65142674169596,9702.102464599982,7.91015625,105.6357448877627,BUY,0.5,"The trend is up, indicated by the identical SMA20 and SMA60 values, and the RSI is below 50, suggesting a potential buying opportunity. The price is slightly below the trend, indicating a possible pullback. As a momentum commander, I will capitalize on this opportunity to buy and ride the trend.",93.97,93.97,40.3,-0.826,1458424,1.13,16.3,14.1,2.84,0.0,0,0.03,0.04,-0.01
Day-16,meta-llama/Llama-3.1-8B-Instruct,ENTJ,memory,crash,123,0.95,deterioration,95.05,97.5043433495325,10048.587707831844,3.955078125,105.67735538881477,BUY,0.5,"The trend is flat, but the RSI is below 55, indicating a potential buying opportunity. The price is at a relatively low point, and the momentum is building. I will take a calculated risk to buy in and ride the potential uptrend.",94.04,94.04,51.4,-0.6316,1258811,0.98,16.4,14.6,2.74,0.0,0,-0.07,0.09,-0.16
Day-17,meta-llama/Llama-3.1-8B-Instruct,ENTJ,memory,crash,123,0.95,deterioration,95.08,98.67258529452728,10051.758028493508,1.9775390625,105.69815407478974,BUY,0.5,"The trend is flat, but the RSI is below 50, indicating a potential buying opportunity. The price is at a relatively low point, and the momentum is building up. As a momentum commander, I will take advantage of this situation to buy in.",94.1,94.1,41.4,-0.4692,1402013,1.09,16.5,14.5,2.77,0.0,0,0.4,0.14,0.26
Day-18,meta-llama/Llama-3.1-8B-Instruct,ENTJ,memory,crash,123,0.95,deterioration,94.14,98.51111456347422,9952.401763663207,0.98876953125,105.70865725655361,BUY,0.5,"The trend is up, indicated by the identical SMA20 and SMA60 values, and the RSI is below 50, suggesting a potential buying opportunity. The price is at $94.14, and the momentum is strong. I will buy 50% of the portfolio to capitalize on this trend.",94.1,94.1,47.6,-0.4119,1428825,1.1,16.6,14.3,2.79,0.0,0,0.06,0.13,-0.07
Day-19,meta-llama/Llama-3.1-8B-Instruct,ENTJ,memory,crash,123,0.95,deterioration,91.74,97.76784973374957,9698.700986247477,0.494384765625,105.71404623372415,BUY,0.5,"The trend is up, indicated by the SMA20/60 lines being at 93.98. The RSI is at 43.0, suggesting the stock is undervalued and due for a bounce. The momentum is strong enough to justify a 50% allocation to this trade.",93.98,93.98,43.0,-0.554,1461191,1.12,16.7,14.1,2.84,0.0,0,0.38,0.16,0.22
Day-20,meta-llama/Llama-3.1-8B-Instruct,ENTJ,memory,crash,123,0.95,deterioration,92.45,97.30701725022034,9773.757959073424,0.2471923828125,105.71672002910341,BUY,0.5,"The trend is up, indicated by the identical SMA20 and SMA60 values, and the RSI is below 50, suggesting the stock is undervalued. The price is $92.45, which is below the trend line, making it a good entry point. I will buy 50% of the portfolio to capitalize on the upward momentum.",93.9,93.9,43.4,-0.6023,1151690,0.89,16.8,14.3,2.81,0.0,0,0.29,0.21,0.08
Day-21,meta-llama/Llama-3.1-8B-Instruct,ENTJ,memory,crash,123,0.95,deterioration,90.58,97.33070960440382,9576.067692618999,0.12359619140625,105.71808452669015,BUY,0.5,"The trend is up, with SMA20 and SMA60 both above the current price, indicating a strong upward momentum. The RSI is below 50, suggesting the stock is undervalued and due for a bounce. The price is relatively low compared to the P/E ratio, making it an attractive entry point for a momentum play.",93.65,93.74,43.4,-0.7823,1169905,0.89,16.9,14.0,2.87,-0.1,0,-0.1,0.21,-0.3
Day-22,meta-llama/Llama-3.1-8B-Instruct,ENTJ,memory,crash,123,0.95,deterioration,91.85,97.55549259635389,9710.329659967896,0.061798095703125,105.71875734210336,BUY,0.5,"The trend is up, with the SMA20 and SMA60 both above the current price. The RSI is below 50, indicating a potential buying opportunity. The momentum is strong enough to justify a 50% allocation to this trade.",93.52,93.66,48.4,-0.8131,1297536,1.0,17.0,14.1,2.83,-0.14,0,-0.05,0.12,-0.17
Day-23,meta-llama/Llama-3.1-8B-Instruct,ENTJ,memory,crash,123,0.95,deterioration,91.01,96.19031091390006,9621.525903800532,0.0308990478515625,105.71909685477067,BUY,0.5,"The trend is up, with SMA20/60 at 0, indicating a strong upward momentum. The RSI is below 50, suggesting the stock is undervalued and due for a bounce. The momentum commander mandate dictates buying into an uptrend.",93.17,93.54,40.4,-0.8947,1220662,0.95,17.1,14.2,2.82,-0.4,0,0.58,0.22,0.36
Day-24,meta-llama/Llama-3.1-8B-Instruct,ENTJ,memory,crash,123,0.95,deterioration,91.7,97.0942436363151,9694.472080630321,0.01544952392578125,105.71926533376659,BUY,0.5,"The trend is up, with SMA20/60 at 0, indicating a strong upward momentum. The RSI is at 44.1, suggesting the stock is undervalued and due for a bounce. The Implied Volatility is 17.2%, which is relatively high, but the overall indicators suggest a favorable entry point for a momentum play.",93.01,93.46,44.1,-0.8939,1466421,1.14,17.2,14.2,2.82,-0.49,0,0.06,0.16,-0.1
Day-25,meta-llama/Llama-3.1-8B-Instruct,ENTJ,memory,crash,123,0.95,deterioration,92.38,95.72749004587233,9766.361181057282,0.007724761962890625,105.71934895318597,BUY,0.5,"The trend is up, with the SMA20/60 indicating a strong upward momentum. The RSI is below 50, indicating a potential buying opportunity. The price is below the trend, making it a good entry point.",92.92,93.42,45.0,-0.8289,1198782,0.93,17.3,14.5,2.76,-0.54,0,-0.23,0.05,-0.28
Day-26,meta-llama/Llama-3.1-8B-Instruct,ENTJ,memory,crash,123,0.95,deterioration,88.96,95.88365589434292,9404.801007637387,0.0038623809814453125,105.71939237023837,BUY,0.5,"The short-term and long-term trend indicators are both positive, indicating an overall upward trend. The RSI is below 50, suggesting there's room for further growth. The momentum commander mandate is to chase the big wins, and this setup presents a promising opportunity.",92.63,93.25,37.3,-1.0409,1238889,0.97,17.4,13.9,2.87,-0.66,0,-0.36,-0.0,-0.36
Day-27,meta-llama/Llama-3.1-8B-Instruct,ENTJ,memory,crash,123,0.95,deterioration,90.38,96.50418550929255,9554.922544803125,0.0019311904907226562,105.71941373769235,BUY,0.5,"The short-term and long-term moving averages are aligned, indicating a strong uptrend. The RSI is below 50, suggesting the stock is undervalued. The momentum is strong enough to justify a 50% allocation to this stock.",92.51,93.14,42.6,-1.0819,1308593,1.01,17.5,14.0,2.85,-0.68,0,0.29,0.07,0.22
Day-28,meta-llama/Llama-3.1-8B-Instruct,ENTJ,memory,crash,123,0.95,deterioration,88.36,95.1843938271022,9341.369329052986,0.0009655952453613281,105.71942466566027,BUY,0.5,"The trend is up, with SMA20/60 indicating a strong upward momentum. RSI is below 50, indicating potential for further growth. The current price is below the trend, making it a good entry point.",92.3,92.97,44.3,-1.2627,1202369,0.93,17.6,13.9,2.87,-0.72,0,0.05,-0.04,0.09
Day-29,meta-llama/Llama-3.1-8B-Instruct,ENTJ,memory,crash,123,0.95,deterioration,89.04,95.67680108294364,9413.258537825637,0.00048279762268066406,105.7194300879157,BUY,0.5,"The trend is up, with SMA20/60 indicating a strong upward momentum. RSI is below 50, indicating a potential buying opportunity. The price is slightly below the trend, making it a good entry point.",92.04,92.84,43.3,-1.3362,1496239,1.16,17.7,14.0,2.87,-0.86,0,-0.24,-0.1,-0.14
Day-30,meta-llama/Llama-3.1-8B-Instruct,ENTJ,memory,crash,123,0.95,deterioration,90.59,95.16405926093091,9577.123654461906,0.00024139881134033203,105.71943275265586,BUY,0.5,"The short-term and long-term trends are both positive, with the SMA20/60 above the current price. The RSI is below 50, indicating a potential buying opportunity. The momentum is strong enough to justify a 50% allocation to this stock.",91.88,92.76,38.0,-1.2545,1049425,0.81,17.8,14.3,2.8,-0.95,0,0.2,-0.01,0.21
Day-31,meta-llama/Llama-3.1-8B-Instruct,ENTJ,memory,crash,123,0.95,deterioration,88.15,95.31522828941824,9319.168238545426,0.00012069940567016602,105.71943412190606,BUY,0.5,"The trend is up, with SMA20/60 indicating a strong upward momentum. RSI is below 50, suggesting the stock is undervalued. The momentum commander mandate dictates buying in this scenario.",91.59,92.61,33.4,-1.3711,1110301,0.87,17.8,13.9,2.88,-1.11,0,0.05,0.07,-0.02
Day-32,meta-llama/Llama-3.1-8B-Instruct,ENTJ,memory,crash,123,0.95,deterioration,90.33,93.89184468777596,9549.63660493118,2.4139881134033203e-05,105.71943519087013,BUY,0.8,"The trend is up, with SMA20/60 at 91.39/92.54, indicating a strong upward momentum. The RSI is at 41.4, which is below 50, suggesting the stock is undervalued and due for a bounce. The Implied Volatility is 17.9%, which is relatively high, but the overall trend suggests a buying opportunity.",91.39,92.54,41.4,-1.273,1161327,0.91,17.9,14.4,2.77,-1.24,0,-0.5,-0.09,-0.41
Day-33,meta-llama/Llama-3.1-8B-Instruct,ENTJ,memory,crash,123,0.95,deterioration,89.17,94.2534739540742,9427.002060109771,1.2069940567016602e-05,105.71943532622889,BUY,0.5,"The trend is up, with the SMA20/60 indicating a strong upward momentum. The RSI is below 50, suggesting the stock is undervalued and due for a bounce. The price is $89.17, which is below the trend line, making it a good entry point.",91.17,92.44,43.9,-1.2739,1073861,0.85,18.0,14.2,2.82,-1.37,0,0.18,-0.06,0.24
Day-34,meta-llama/Llama-3.1-8B-Instruct,ENTJ,memory,crash,123,0.95,deterioration,90.01,94.63740315485293,9515.806385783804,6.034970283508301e-06,105.71943539327667,BUY,0.5,"The trend is up, with SMA20/60 indicating a strong upward momentum. RSI is below 50, suggesting the stock is undervalued. The price is slightly below the trend, making it a good entry point for a momentum play.",91.14,92.37,44.2,-1.1933,1142109,0.9,18.1,14.3,2.8,-1.33,0,0.4,0.07,0.33
Day-35,meta-llama/Llama-3.1-8B-Instruct,ENTJ,memory,crash,123,0.95,deterioration,91.02,95.29917425385398,9622.583015531012,3.0174851417541504e-06,105.71943542642856,BUY,0.5,"The trend is up, with SMA20 below SMA60, indicating a strong upward momentum. The RSI is at 51.1, which is not overbought, and the P/E ratio is 14.3, which is reasonable. The Implied Volatility is 18.2%, which is relatively high, but the overall indicators suggest a favorable environment for growth.",91.1,92.33,51.1,-1.036,1389622,1.1,18.2,14.3,2.79,-1.33,0,0.77,0.18,0.59
Day-36,meta-llama/Llama-3.1-8B-Instruct,ENTJ,memory,crash,123,0.95,deterioration,89.22,94.59672646240237,9432.28803176344,1.5087425708770752e-06,105.71943544333892,BUY,0.5,"The trend is up, with SMA20/60 at 0, indicating a strong upward momentum. RSI is below 50, suggesting there's room for further growth. The price is at $89.22, which is relatively low compared to the trend, making it a good entry point.",90.81,92.24,43.6,-1.0447,1261446,1.0,18.3,14.1,2.83,-1.56,0,0.01,0.17,-0.16
Day-37,meta-llama/Llama-3.1-8B-Instruct,ENTJ,memory,crash,123,0.95,deterioration,91.36,94.53306852756866,9658.527623612186,7.543712854385376e-07,105.71943545159606,BUY,0.5,"The trend is up, with SMA20 below SMA60, indicating a bullish momentum. The RSI is at 50.8, not overbought, and the P/E ratio is 14.5, reasonable. The Implied Volatility is 18.4%, which is not extremely high, suggesting a stable market.",90.62,92.22,50.8,-0.869,1016976,0.82,18.4,14.5,2.76,-1.73,0,0.07,0.28,-0.22
Day-38,meta-llama/Llama-3.1-8B-Instruct,ENTJ,memory,crash,123,0.95,deterioration,89.7,94.72385819099419,9483.033360762538,3.771856427192688e-07,105.71943545580102,BUY,0.5,"The trend is up, indicated by the SMA20/60 crossover, and the RSI is below 50, suggesting a potential buying opportunity. The price is relatively low compared to the trend, and the implied volatility is moderate, making it a good time to enter the market. The momentum commander mandate dictates that we chase the big wins, and this setup has the potential for significant growth.",90.4,92.15,45.6,-0.8538,1491311,1.2,18.5,14.2,2.82,-1.9,0,0.48,0.35,0.14
Day-39,meta-llama/Llama-3.1-8B-Instruct,ENTJ,memory,crash,123,0.95,deterioration,89.99,93.7880799297613,9513.691997044718,1.885928213596344e-07,105.71943545789672,BUY,0.5,"The trend is up, with SMA20/60 at 0, indicating a strong upward momentum. The RSI is at 44.7, which is below 50, suggesting the stock is undervalued. The momentum is strong enough to warrant a 50% allocation to this stock.",90.31,92.1,44.7,-0.8087,1308003,1.06,18.6,14.4,2.78,-1.94,0,0.05,0.28,-0.23
Day-40,meta-llama/Llama-3.1-8B-Instruct,ENTJ,memory,crash,123,0.95,deterioration,89.21,94.21776302899225,9431.230837387558,0.0,105.71943546001076,BUY,1.0,"The short-term and long-term trend indicators (SMA20/60) are both slightly negative, but the RSI is at 50.6, indicating a neutral market sentiment. Given the momentum commander's mandate to chase growth, I will take a calculated risk and buy in anticipation of a potential trend reversal.",90.15,92.02,50.6,-0.8265,1029469,0.84,18.7,14.2,2.82,-2.04,-1,0.08,0.14,-0.06
Day-41,meta-llama/Llama-3.1-8B-Instruct,ENTJ,memory,crash,123,0.95,deterioration,89.28,93.52136737387858,9438.631197869761,0.0,105.71943546001076,BUY,0.5,"The short-term trend is slightly down, but the long-term trend is still up, indicating a potential reversal. The RSI is below 50, suggesting the stock is undervalued. I will take a calculated risk and buy in to ride the trend.",90.08,91.96,47.0,-0.8252,1330584,1.07,18.8,14.3,2.79,-2.04,-1,-0.19,0.1,-0.29
Day-42,meta-llama/Llama-3.1-8B-Instruct,ENTJ,memory,crash,123,0.95,deterioration,88.68,92.90831715167387,9375.199536593755,0.0,105.71943546001076,HOLD,0.0,"The trend is slightly down, and the RSI is at 50.9, indicating a neutral market sentiment. The price is close to the SMA20, and the news sentiment is negative. Given the momentum commander's mandate, it's best to hold and wait for a clearer trend direction.",89.93,91.88,50.9,-0.8625,1189184,0.96,18.9,14.3,2.79,-2.13,-1,-0.42,0.0,-0.42
Day-43,meta-llama/Llama-3.1-8B-Instruct,ENTJ,memory,crash,123,0.95,deterioration,89.13,93.42480326767941,9422.77328255076,0.0,105.71943546001076,BUY,0.5,"The trend is still slightly down, but the RSI is at 50.3, indicating a potential reversal. The price is at $89.13, which is close to the SMA20 of 89.83, suggesting a possible bounce. I will buy 50% of the portfolio to capitalize on potential growth.",89.83,91.82,50.3,-0.8464,1067836,0.87,19.0,14.3,2.8,-2.16,-1,0.27,-0.04,0.31
Day-44,meta-llama/Llama-3.1-8B-Instruct,ENTJ,memory,crash,123,0.95,deterioration,87.61,93.75525736158228,9262.079740651543,0.0,105.71943546001076,BUY,0.5,"The short-term and long-term trends are both positive, with the SMA20 below the SMA60 indicating a slight pullback. The RSI is below 50, suggesting the stock is undervalued and due for a bounce. The momentum is strong enough to warrant a 50% allocation to this trade.",89.63,91.72,41.2,-0.9455,1281832,1.05,19.1,14.0,2.85,-2.28,-1,-0.38,-0.13,-0.26
Day-45,meta-llama/Llama-3.1-8B-Instruct,ENTJ,memory,crash,123,0.95,deterioration,89.47,93.48575022170243,9458.717890607162,0.0,105.71943546001076,BUY,0.5,"The trend is slightly down, but the RSI is at 54.0, indicating a potential buying opportunity. The price is near the SMA20, and the P/E ratio is relatively low. I will buy 50% of the portfolio to chase the potential upswing.",89.48,91.67,54.0,-0.8641,1363539,1.11,19.2,14.4,2.79,-2.39,-1,0.34,-0.07,0.42
Day-46,meta-llama/Llama-3.1-8B-Instruct,ENTJ,memory,crash,123,0.95,deterioration,88.02,93.1586417147859,9305.424709190147,0.0,105.71943546001076,BUY,0.5,"The trend is still up, indicated by the positive SMA20/SMA60 difference. The RSI is below 50, suggesting the stock is undervalued. The momentum is strong enough to warrant a 50% allocation to this stock.",89.43,91.59,42.6,-0.9056,1335563,1.09,19.3,14.2,2.82,-2.35,-1,-0.24,-0.08,-0.15
Day-47,meta-llama/Llama-3.1-8B-Instruct,ENTJ,memory,crash,123,0.95,deterioration,90.44,94.20884086081696,9561.265743003372,0.0,105.71943546001076,BUY,1.0,"The short-term trend is slightly down, but the long-term trend is still up, indicating a strong overall momentum. The RSI is at 53.8, which is not overbought. The price is at $90.44, which is relatively close to the SMA20, suggesting a potential buying opportunity.",89.44,91.57,53.8,-0.7346,1123756,0.92,19.4,14.4,2.78,-2.32,-1,0.08,0.02,0.06
Day-48,meta-llama/Llama-3.1-8B-Instruct,ENTJ,memory,crash,123,0.95,deterioration,85.19,93.06721557382528,9006.238706838316,0.0,105.71943546001076,BUY,0.5,"The trend is still slightly down, but the RSI is low at 38.7, indicating a potential buying opportunity. The price is below the trend line, and the news sentiment is slightly negative, which could be a buying opportunity. I will buy 50% of the portfolio to take advantage of this potential growth.",89.28,91.43,38.7,-1.0118,1262433,1.03,19.5,13.7,2.91,-2.36,-1,-0.11,-0.06,-0.05
Day-49,meta-llama/Llama-3.1-8B-Instruct,ENTJ,memory,crash,123,0.95,deterioration,86.34,93.19822876246235,9127.816057617329,0.0,105.71943546001076,BUY,0.5,"The short-term and long-term trend is up, with the SMA20/60 indicating a positive momentum. The RSI is below 50, indicating a potential buying opportunity. The price is below the trend, making it a good entry point.",89.14,91.33,39.1,-1.1252,1268831,1.05,19.6,13.9,2.88,-2.39,-1,0.35,0.09,0.27
Day-50,meta-llama/Llama-3.1-8B-Instruct,ENTJ,memory,crash,123,0.95,deterioration,89.54,93.67603369456543,9466.118251089363,0.0,105.71943546001076,BUY,0.5,"The trend is slightly down, but the short-term SMA20 is below the long-term SMA60, indicating a potential reversal. The RSI is at 50.7, indicating a neutral market sentiment. Given the momentum commander's mandate, I will take a calculated risk and buy in anticipation of a potential trend reversal.",89.09,91.29,50.7,-0.9462,1358401,1.11,19.7,14.3,2.79,-2.41,-1,0.09,0.03,0.06
Day-51,meta-llama/Llama-3.1-8B-Instruct,ENTJ,memory,crash,123,0.95,deterioration,89.96,91.75802062955862,9510.520413982567,0.0,105.71943546001076,BUY,0.5,"The short-term trend is slightly down, but the long-term trend is still up, indicating a potential reversal. The RSI is below 50, suggesting the stock is undervalued. With a medium-to-high risk appetite, I'm willing to take a calculated risk to buy in and ride the trend.",89.18,91.18,46.7,-0.7612,1179933,0.96,19.7,14.7,2.72,-2.19,-1,0.59,0.2,0.39
Day-52,meta-llama/Llama-3.1-8B-Instruct,ENTJ,memory,crash,123,0.95,deterioration,88.4,91.73377045185954,9345.598094664952,0.0,105.71943546001076,BUY,1.0,"The trend is still up, indicated by the higher SMA60 and the negative trend indicator. The RSI is below 50, suggesting there's room for further growth. The price is slightly below the trend, making it a good entry point to chase the momentum.",89.09,91.06,46.9,-0.7323,1398866,1.12,19.8,14.5,2.77,-2.17,-1,-0.33,0.12,-0.44
Day-53,meta-llama/Llama-3.1-8B-Instruct,ENTJ,memory,crash,123,0.95,deterioration,87.3,92.97312193534627,9229.306715658939,0.0,105.71943546001076,BUY,0.5,"The trend is still slightly down, but the RSI is low at 43.8, indicating a potential buying opportunity. The price is also below the SMA20 and SMA60, but the gap is relatively small. Given the momentum commander mandate, I will take a calculated risk to buy and ride the trend.",88.99,90.84,43.8,-0.7891,1313960,1.05,19.9,14.1,2.84,-2.04,-1,0.12,0.17,-0.04
Day-54,meta-llama/Llama-3.1-8B-Instruct,ENTJ,memory,crash,123,0.95,deterioration,84.43,91.55033572098706,8925.891935888709,0.0,105.71943546001076,BUY,0.5,"The trend is slightly down, but the RSI is low at 40.0, indicating a potential buying opportunity. The price is below the SMA20/60, but the difference is small, suggesting a possible reversal. As a momentum commander, I will take a calculated risk and buy in to chase the potential upswing.",88.71,90.64,40.0,-1.0531,1019165,0.82,20.0,13.8,2.89,-2.12,-1,0.01,0.1,-0.08
Day-55,meta-llama/Llama-3.1-8B-Instruct,ENTJ,memory,crash,123,0.95,deterioration,88.34,91.81230996958205,9339.25492853735,0.0,105.71943546001076,BUY,0.5,"The short-term and long-term trends are still slightly negative, but the RSI is below 50, indicating a potential buying opportunity. The price is also below the 20-day SMA, but the 60-day SMA is still above, suggesting a possible reversal. I will buy 50% of the portfolio to take advantage of this potential trend change.",88.58,90.52,48.3,-0.9369,1273239,1.02,20.1,14.4,2.77,-2.14,-1,0.08,0.1,-0.01
Day-56,meta-llama/Llama-3.1-8B-Instruct,ENTJ,memory,crash,123,0.95,deterioration,87.45,92.18022760496534,9245.16463097794,0.0,105.71943546001076,BUY,0.5,"The trend is still slightly down, but the RSI is at 47.8, indicating a potential oversold condition. The price is at $87.45, and the SMA20/60 is -1, suggesting a short-term downtrend. I will take a calculated risk to buy and potentially ride the trend upwards.",88.49,90.37,47.8,-0.9057,1430956,1.14,20.2,14.2,2.81,-2.08,-1,0.48,0.08,0.4
Day-57,meta-llama/Llama-3.1-8B-Instruct,ENTJ,memory,crash,123,0.95,deterioration,88.23,91.93902408172254,9327.62579063675,0.0,105.71943546001076,BUY,0.5,"The short-term trend is slightly down, but the long-term trend is still up, indicating a strong overall momentum. The RSI is at 48.4, which is not overbought, and the P/E ratio is relatively low, suggesting a good value. The Implied Volatility is high, but the trend is still intact, making it a good time to buy.",88.34,90.28,48.4,-0.8089,1283787,1.01,20.3,14.4,2.78,-2.16,-1,0.18,0.18,0.0
Day-58,meta-llama/Llama-3.1-8B-Instruct,ENTJ,memory,crash,123,0.95,deterioration,87.78,92.21921524288929,9280.052044679744,0.0,105.71943546001076,BUY,0.5,"The trend is slightly down, but the RSI is at 50.3, indicating a potential buying opportunity. The price is at $87.78, which is below the SMA20/60, but not significantly so. I will buy 50% of the portfolio to chase the potential upswing.",88.24,90.19,50.3,-0.7595,1087914,0.87,20.4,14.3,2.8,-2.16,-1,-0.34,0.08,-0.43
Day-59,meta-llama/Llama-3.1-8B-Instruct,ENTJ,memory,crash,123,0.95,deterioration,87.39,91.93769548623825,9238.82146485034,0.0,105.71943546001076,BUY,0.5,"The trend is slightly down, but the RSI is at 46.0, indicating a potential buying opportunity. The price is below the SMA20, but the SMA60 is still above, suggesting a short-term downtrend with a possible reversal. I will buy 50% of the portfolio to chase the potential upswing.",88.11,90.05,46.0,-0.7438,1255188,1.01,20.5,14.3,2.81,-2.16,-1,0.16,0.11,0.05
Day-60,meta-llama/Llama-3.1-8B-Instruct,ENTJ,memory,crash,123,0.95,deterioration,91.43,91.57267101839717,9665.927984108785,0.0,105.71943546001076,BUY,1.0,"The trend is up, with SMA20 below SMA60, indicating a bullish trend. The RSI is at 56.0, not overbought. The momentum is strong enough to justify a buy.",88.22,90.0,56.0,-0.4001,1378472,1.09,20.6,15.0,2.67,-1.98,0,-0.12,0.07,-0.19
Day-61,meta-llama/Llama-3.1-8B-Instruct,ENTJ,memory,crash,123,0.95,deterioration,85.97,90.49972159224349,9088.699866497125,0.0,105.71943546001076,BUY,0.5,"The trend is up, with SMA20/60 at 88.05/89.84, indicating a strong upward momentum. The RSI is at 42.9, which is below 50, suggesting the stock is undervalued and due for a bounce. The price is $85.97, which is below the trend, making it a good entry point.",88.05,89.84,42.9,-0.5624,1055052,0.85,20.7,14.2,2.81,-1.99,0,-0.14,-0.06,-0.09
Day-62,meta-llama/Llama-3.1-8B-Instruct,ENTJ,memory,crash,123,0.95,deterioration,86.34,91.13160854908648,9127.816057617329,0.0,105.71943546001076,BUY,0.5,"The trend is up, with SMA20/60 indicating a strong upward momentum. RSI is in a neutral zone, not overbought or oversold, and the P/E ratio is reasonable. The Implied Volatility is relatively high, but the overall indicators suggest a favorable environment for growth.",87.94,89.68,52.2,-0.6536,1408549,1.12,20.8,14.2,2.81,-1.95,0,0.31,-0.03,0.34
Day-63,meta-llama/Llama-3.1-8B-Instruct,ENTJ,memory,crash,123,0.95,deterioration,86.02,90.73941447826608,9093.985838270124,0.0,105.71943546001076,BUY,0.5,"The trend is up, with SMA20 below SMA60, and RSI at 49.4, indicating a potential buying opportunity. The price is slightly below the trend line, making it a good entry point. Momentum is strong, and I'm confident in the potential for growth.",87.78,89.53,49.4,-0.7427,1083740,0.86,20.9,14.2,2.81,-1.96,0,-0.18,0.01,-0.19
Day-64,meta-llama/Llama-3.1-8B-Instruct,ENTJ,memory,crash,123,0.95,deterioration,84.4,89.76724701686521,8922.720352824908,0.0,105.71943546001076,BUY,1.0,"The trend is up, with the SMA20/60 indicating a positive momentum. The RSI is below 50, suggesting there is room for further growth. The price is below the trend, indicating a potential buying opportunity.",87.62,89.41,39.4,-0.9331,1267038,1.01,21.0,14.1,2.84,-2.0,0,-0.11,-0.05,-0.06
Day-65,meta-llama/Llama-3.1-8B-Instruct,ENTJ,memory,crash,123,0.95,deterioration,87.92,90.98713053589665,9294.852765644146,0.0,105.71943546001076,BUY,0.5,"The trend is up, with the SMA20 below the SMA60, indicating a strong upward momentum. The RSI is at 46.3, which is below 50, suggesting the stock is undervalued. The price is $87.92, which is below the SMA60 of 89.33, indicating a buying opportunity.",87.54,89.33,46.3,-0.7909,1192871,0.96,21.1,14.5,2.76,-2.0,0,0.01,-0.02,0.03
Day-66,meta-llama/Llama-3.1-8B-Instruct,ENTJ,memory,crash,123,0.95,deterioration,85.47,90.5302005457703,9035.84014876712,0.0,105.71943546001076,BUY,0.5,"The trend is up, with SMA20 below SMA60, indicating a strong upward momentum. RSI is below 50, suggesting the market is undervalued. The Implied Volatility is relatively low, indicating a stable market, making it a good time to buy.",87.42,89.14,44.8,-0.8658,1124311,0.91,21.2,14.2,2.82,-1.93,0,0.28,0.06,0.22
Day-67,meta-llama/Llama-3.1-8B-Instruct,ENTJ,memory,crash,123,0.95,deterioration,86.45,89.99742858461934,9139.44519551793,0.0,105.71943546001076,BUY,0.5,"The short-term and long-term trend indicators are both positive, indicating an upward momentum. The RSI is below 50, suggesting the stock is not overbought. The price is below the trend line, providing a potential entry point for a momentum play.",87.22,88.97,48.5,-0.8367,1323716,1.06,21.3,14.4,2.78,-1.97,0,0.17,0.03,0.14
Day-68,meta-llama/Llama-3.1-8B-Instruct,ENTJ,memory,crash,123,0.95,deterioration,85.65,89.70623877963438,9054.869647149922,0.0,105.71943546001076,BUY,0.5,"The trend is up, with SMA20/60 at 0, indicating a strong upward momentum. The RSI is at 52.3, which is not overbought. The price is slightly below the trend, making it a good entry point.",87.24,88.8,52.3,-0.8684,1018696,0.82,21.4,14.3,2.79,-1.75,0,-0.07,0.06,-0.13
Day-69,meta-llama/Llama-3.1-8B-Instruct,ENTJ,memory,crash,123,0.95,deterioration,86.45,89.07173550359897,9139.44519551793,0.0,105.71943546001076,BUY,0.5,"The trend is up, with SMA20/60 at 87.25/88.69, indicating a strong upward momentum. The RSI is at 45.9, which is below 50, suggesting the stock is undervalued and due for a bounce. The Implied Volatility is 21.5%, which is relatively high, but the overall trend and momentum indicators suggest a buying opportunity.",87.25,88.69,45.9,-0.8196,1380022,1.11,21.5,14.6,2.75,-1.63,0,-0.08,0.06,-0.14
Day-70,meta-llama/Llama-3.1-8B-Instruct,ENTJ,memory,crash,123,0.95,deterioration,85.77,89.61874937855146,9067.555979405122,0.0,105.71943546001076,BUY,0.5,"The trend is up, with SMA20/60 at 87.06/88.56, indicating a strong upward momentum. The RSI is at 46.3, which is below 50, suggesting the market is undervalued. The momentum commander's mandate is to chase the big wins, so we will buy in to ride the trend.",87.06,88.56,46.3,-0.8262,1263470,1.02,21.6,14.4,2.79,-1.69,0,-0.35,-0.01,-0.34
Day-71,meta-llama/Llama-3.1-8B-Instruct,ENTJ,memory,crash,123,0.95,deterioration,83.3,89.60130816731775,8806.428973818896,0.0,105.71943546001076,BUY,0.5,"The trend is up, with the SMA20/60 lines showing a positive slope. The RSI is below 50, indicating a potential buying opportunity. The momentum is strong enough to justify a 50% allocation to this trade.",86.72,88.41,39.9,-1.0188,1437885,1.15,21.6,13.9,2.87,-1.91,0,-0.23,-0.11,-0.12
Day-72,meta-llama/Llama-3.1-8B-Instruct,ENTJ,memory,crash,123,0.95,deterioration,82.37,88.79961238129609,8708.109898841087,0.0,105.71943546001076,BUY,0.5,"The trend is down, but the RSI is low (39.1), indicating a potential oversold condition. The price is $82.37, which is below the SMA20/60 trend lines, but the difference is not significant. I will take a calculated risk to buy and ride the trend upwards.",86.42,88.22,39.1,-1.2323,1260359,1.01,21.7,13.9,2.87,-2.04,-1,-0.2,-0.18,-0.01
Day-73,meta-llama/Llama-3.1-8B-Instruct,ENTJ,memory,crash,123,0.95,deterioration,87.27,89.64439316379027,9226.135132595138,0.0,105.71943546001076,BUY,1.0,"The trend is up, with SMA20 below SMA60, indicating a short-term uptrend. RSI is at 49.8, not overbought, and Implied Volatility is relatively low, suggesting a stable market. This is a favorable setup for a momentum play.",86.42,88.15,49.8,-0.9943,1017516,0.83,21.8,14.6,2.74,-1.96,0,-0.04,-0.18,0.13
Day-74,meta-llama/Llama-3.1-8B-Instruct,ENTJ,memory,crash,123,0.95,deterioration,83.03,88.36279088182178,8777.884726244693,0.0,105.71943546001076,BUY,0.5,"The trend is up, with SMA20/60 at 86.35/87.97, indicating a strong upward momentum. The RSI is at 35.8, which is below 50, suggesting the stock is undervalued and due for a bounce. The momentum commander mandate dictates buying in this scenario.",86.35,87.97,35.8,-1.1349,1071800,0.87,21.9,14.1,2.84,-1.84,0,0.6,-0.04,0.64
Day-75,meta-llama/Llama-3.1-8B-Instruct,ENTJ,memory,crash,123,0.95,deterioration,81.33,87.69794349586485,8598.161685962676,0.0,105.71943546001076,BUY,0.5,"The trend is up, indicated by the SMA20/60 crossover, and the RSI is below 50, suggesting a potential buying opportunity. The price is at $81.33, which is below the trend line, making it a good entry point. The momentum is strong, and the risk is worth taking.",86.0,87.75,41.0,-1.3678,1397802,1.13,22.0,13.9,2.88,-2.0,0,-0.2,-0.02,-0.19
Day-76,meta-llama/Llama-3.1-8B-Instruct,ENTJ,memory,crash,123,0.95,deterioration,83.67,89.12745848215522,8845.5451649391,0.0,105.71943546001076,BUY,0.5,"The trend is down, but the RSI is at 45.2, indicating a potential oversold condition. The price is also below the SMA20 and SMA60, but the gap is relatively small. I will buy to chase the potential rebound.",85.81,87.65,45.2,-1.3484,1245988,1.01,22.1,14.1,2.84,-2.09,-1,-0.09,0.01,-0.1
Day-77,meta-llama/Llama-3.1-8B-Instruct,ENTJ,memory,crash,123,0.95,deterioration,85.74,88.25401318348058,9064.384396341322,0.0,105.71943546001076,BUY,0.5,"The trend is slightly down, but the RSI is at 49.5, indicating a potential buying opportunity. The P/E ratio is relatively low, and the implied volatility is within a reasonable range. Given the momentum commander mandate, I will take a calculated risk and buy into the dip.",85.69,87.55,49.5,-1.1526,1220939,1.0,22.2,14.6,2.74,-2.13,-1,-0.62,-0.07,-0.54
Day-78,meta-llama/Llama-3.1-8B-Instruct,ENTJ,memory,crash,123,0.95,deterioration,81.7,88.24078267569793,8637.277877082879,0.0,105.71943546001076,BUY,0.5,"The trend is down, but the RSI is below 50, indicating a potential buying opportunity. The price is at $81.70, which is below the SMA20/60, but the difference is not significant. I will buy 50% of the portfolio to chase the potential upswing.",85.38,87.42,45.8,-1.3083,1159217,0.94,22.3,13.9,2.88,-2.33,-1,0.18,-0.03,0.21
Day-79,meta-llama/Llama-3.1-8B-Instruct,ENTJ,memory,crash,123,0.95,deterioration,82.05,87.73314037276468,8674.279679493882,0.0,105.71943546001076,BUY,0.5,"The short-term trend is down, but the long-term trend is still up, indicating a potential reversal. The RSI is below 50, suggesting the stock is undervalued. The momentum commander mandate dictates buying into a downtrend to capitalize on potential growth.",85.12,87.28,39.8,-1.3876,1142274,0.93,22.4,14.0,2.85,-2.48,-1,-0.47,-0.24,-0.23
Day-80,meta-llama/Llama-3.1-8B-Instruct,ENTJ,memory,crash,123,0.95,deterioration,81.84,87.1970186196413,8652.078598047281,0.0,105.71943546001076,BUY,0.5,"The trend is down, but the RSI is at 43.1, indicating a potential oversold condition. The price is at $81.84, which is below the SMA20/60 of 84.64/87.11. This presents a buying opportunity to chase the trend reversal.",84.64,87.11,43.1,-1.4507,1482943,1.21,22.5,14.1,2.84,-2.83,-1,-0.27,-0.25,-0.02
Day-81,meta-llama/Llama-3.1-8B-Instruct,ENTJ,memory,crash,123,0.95,panic,81.68,87.95225599436552,8635.163488373679,0.0,105.71943546001076,BUY,0.5,"The trend is slightly down, but the RSI is below 50, indicating a potential buying opportunity. The price is at $81.68, which is below the SMA20/60, suggesting a possible bounce. The momentum is still intact, and the news sentiment is slightly negative, which could be a buying opportunity.",84.42,86.98,40.7,-1.4962,2432969,1.88,22.5,13.9,2.87,-2.94,-1,-0.82,-0.4,-0.42
Day-82,meta-llama/Llama-3.1-8B-Instruct,ENTJ,memory,crash,123,0.95,panic,80.65,86.7633870105186,8526.272469849868,0.0,105.71943546001076,BUY,0.5,"The trend is down, but the RSI is at 40.4, indicating a potential oversold condition. The price is also below the SMA20 and SMA60, but the distance is relatively small. A buy could be a good opportunity to catch the trend reversal.",84.14,86.78,40.4,-1.597,2932884,2.14,22.9,13.9,2.87,-3.05,-1,-0.6,-0.4,-0.21
Day-83,meta-llama/Llama-3.1-8B-Instruct,ENTJ,memory,crash,123,0.95,panic,81.25,87.92433949866654,8589.704131125874,0.0,105.71943546001076,BUY,0.5,"The trend is down, but the RSI is low at 39.9, indicating a potential buying opportunity. The price is at $81.25, below the SMA20/60, but the Implied Volatility is relatively low at 23.3%. I will buy 50% of the portfolio to chase the potential upswing.",83.9,86.62,39.9,-1.6096,2737931,1.88,23.3,13.9,2.89,-3.15,-1,-0.95,-0.62,-0.33
Day-84,meta-llama/Llama-3.1-8B-Instruct,ENTJ,memory,crash,123,0.95,panic,83.13,88.23164768487726,8788.456669790694,0.0,105.71943546001076,BUY,0.5,"The trend is down, but the RSI is low at 45.1, indicating a potential buying opportunity. The price is below the SMA20, but the SMA60 is still above, suggesting a possible reversal. I will buy 50% of the portfolio to chase the potential upswing.",83.84,86.49,45.1,-1.4515,3003771,1.95,23.6,14.1,2.83,-3.07,-1,-1.0,-0.73,-0.27
Day-85,meta-llama/Llama-3.1-8B-Instruct,ENTJ,memory,crash,123,0.95,panic,82.51,87.41688953815981,8722.910619805489,0.0,105.71943546001076,BUY,0.5,"The short-term and long-term trends are both positive, with the SMA20 below the SMA60 indicating a slight downtrend. However, the RSI is at 48.4, which is not overbought, and the price is at $82.51, which is below the trend line. Given the momentum commander mandate, I will buy to chase the big wins.",83.57,86.32,48.4,-1.3601,3045835,1.86,24.0,14.2,2.83,-3.19,-1,-0.55,-0.79,0.23
Day-86,meta-llama/Llama-3.1-8B-Instruct,ENTJ,memory,crash,123,0.95,panic,80.52,85.83098713703293,8512.528943240066,0.0,105.71943546001076,BUY,1.0,"The trend is still slightly down, but the RSI is at 46.5, indicating a potential oversold condition. The price is below the SMA20 and SMA60, but the gap is relatively small. Given the momentum commander mandate, I will take a calculated risk and buy in anticipation of a potential trend reversal.",83.32,86.14,46.5,-1.4323,3206846,1.84,24.4,14.1,2.84,-3.28,-1,-1.0,-0.82,-0.18
Day-87,meta-llama/Llama-3.1-8B-Instruct,ENTJ,memory,crash,123,0.95,panic,77.89,84.59852515031248,8234.486827980238,0.0,105.71943546001076,BUY,1.0,"The trend is down, but the RSI is low at 30.3, indicating oversold conditions. The price is $77.89, which is below the SMA20/60 of 82.89/85.87, but the Implied Volatility is high at 24.8%, suggesting a potential bounce. As a Momentum Commander, I will take advantage of this opportunity to buy and ride the trend when it reverses.",82.89,85.87,30.3,-1.6822,2972309,1.63,24.8,13.8,2.9,-3.47,-1,-1.0,-0.9,-0.1
Day-88,meta-llama/Llama-3.1-8B-Instruct,ENTJ,memory,crash,123,0.95,panic,80.62,82.88600201921732,8523.100886786067,0.0,105.71943546001076,BUY,0.5,"The short-term and long-term trends are both positive, with the SMA20 below the SMA60 indicating a slight downtrend, but still in an overall uptrend. The RSI is below 50, indicating a potential buying opportunity. The price is relatively low compared to the P/E ratio, making it a good time to buy.",82.64,85.69,44.6,-1.6408,3138240,1.63,25.2,14.6,2.74,-3.56,-1,-1.0,-0.91,-0.09
Day-89,meta-llama/Llama-3.1-8B-Instruct,ENTJ,memory,crash,123,0.95,panic,78.26,84.47311537880549,8273.603019100443,0.0,105.71943546001076,BUY,1.0,"The trend is down, but the RSI is at 43.3, indicating a potential oversold condition. The price is $78.26, which is below the SMA20/60 of 82.23/85.46, but the Implied Volatility is 25.6%, suggesting a possible reversal. As a Momentum Commander, I will take advantage of this potential buying opportunity.",82.23,85.46,43.3,-1.7783,3103721,1.54,25.6,13.9,2.88,-3.78,-1,-1.0,-0.91,-0.09
Day-90,meta-llama/Llama-3.1-8B-Instruct,ENTJ,memory,crash,123,0.95,panic,80.35,84.13755660903531,8494.556639211864,0.0,105.71943546001076,BUY,0.5,"The short-term and long-term trends are both positive, with the SMA20 and SMA60 trending downwards but still above the current price. The RSI is below 50, indicating a potential buying opportunity. The price is relatively low compared to the P/E ratio, suggesting a potential for growth.",81.96,85.28,42.7,-1.6989,3002634,1.43,25.9,14.3,2.79,-3.9,-1,-1.0,-1.0,0.0
Day-91,meta-llama/Llama-3.1-8B-Instruct,ENTJ,memory,crash,123,0.95,panic,78.94,84.78776215158196,8345.492235213249,0.0,105.71943546001076,BUY,0.5,"The trend is down (-1), but the RSI is low (34.6), indicating potential for a bounce. The price is at $78.94, which is below the SMA20 (81.74), but still above the SMA60 (85.07). The momentum is strong enough to warrant a buy.",81.74,85.07,34.6,-1.73,3177922,1.45,26.3,14.0,2.86,-3.92,-1,-1.0,-1.0,0.0
Day-92,meta-llama/Llama-3.1-8B-Instruct,ENTJ,memory,crash,123,0.95,panic,79.87,83.02041010257173,8443.81131019106,0.0,105.71943546001076,BUY,0.5,"The trend is down, but the RSI is below 50, indicating a potential oversold condition. The price is also below the SMA20, but the SMA60 is still above, suggesting a possible reversal. The momentum is strong enough to warrant a buy, given the potential for a trend reversal.",81.61,84.9,45.2,-1.66,3222076,1.41,26.7,14.4,2.77,-3.87,-1,-0.81,-0.96,0.15
Day-93,meta-llama/Llama-3.1-8B-Instruct,ENTJ,memory,crash,123,0.95,panic,80.0,82.70144523216872,8457.55483680086,0.0,105.71943546001076,BUY,0.5,"The short-term and long-term trends are both positive, with the SMA20 below the SMA60 indicating a strong upward momentum. The RSI is below 50, suggesting the stock is undervalued and due for a bounce. The Implied Volatility is relatively low, indicating a stable market environment.",81.25,84.71,44.6,-1.576,2456007,1.04,27.1,14.5,2.76,-4.09,-1,-1.0,-0.96,-0.04
Day-94,meta-llama/Llama-3.1-8B-Instruct,ENTJ,memory,crash,123,0.95,panic,77.89,83.37930717097731,8234.486827980238,0.0,105.71943546001076,BUY,0.1,"The trend is down, but the RSI is at 40.5, indicating a potential oversold condition. The price is at $77.89, and the trend indicators (SMA20/60) show a decline, but the momentum is still relatively strong. As a momentum commander, I will take advantage of this opportunity to buy and potentially ride the trend back up.",80.99,84.52,40.5,-1.6602,3070508,1.25,27.5,14.0,2.85,-4.17,-1,-1.0,-0.96,-0.04
Day-95,meta-llama/Llama-3.1-8B-Instruct,ENTJ,memory,crash,123,0.95,panic,75.53,82.54429640904429,7984.988960294612,0.0,105.71943546001076,BUY,0.5,"The trend is down, but the RSI is low at 36.6, indicating potential for a bounce. The price is at $75.53, and the SMA20/60 is -1, which suggests a short-term downtrend. I will buy to chase the potential rebound.",80.7,84.24,36.6,-1.8957,3455314,1.35,27.8,13.7,2.91,-4.2,-1,-0.33,-0.83,0.49
Day-96,meta-llama/Llama-3.1-8B-Instruct,ENTJ,memory,crash,123,0.95,panic,79.97,83.07541086796603,8454.38325373706,0.0,105.71943546001076,BUY,0.5,"The trend is down, but the RSI is below 50, indicating a potential oversold condition. The price is also below the SMA20 and SMA60, but the gap is relatively small. This presents a buying opportunity to chase the trend and potentially ride it back up.",80.52,84.08,48.7,-1.705,2813206,1.07,28.2,14.4,2.77,-4.24,-1,-0.73,-0.77,0.04
Day-97,meta-llama/Llama-3.1-8B-Instruct,ENTJ,memory,crash,123,0.95,panic,79.86,81.49084295596026,8442.754115836458,0.0,105.71943546001076,BUY,0.5,"The short-term trend is down, but the long-term trend is still up, indicating a potential reversal. The RSI is below 50, suggesting the stock is undervalued. The momentum commander mandate dictates buying into an uptrend, so we'll take a calculated risk and buy 50% of the portfolio.",80.22,83.87,47.3,-1.5444,3133662,1.15,28.6,14.7,2.72,-4.34,-1,-0.79,-0.77,-0.02
Day-98,meta-llama/Llama-3.1-8B-Instruct,ENTJ,memory,crash,123,0.95,panic,76.27,79.62737141134168,8063.22134253502,0.0,105.71943546001076,BUY,0.5,"The trend is down, but the RSI is low at 37.5, indicating a potential buying opportunity. The price is below the SMA20 and SMA60, but the gap is not too large. The momentum is strong enough to warrant a buy, given the current market conditions.",79.95,83.69,37.5,-1.6875,3136591,1.11,29.0,14.4,2.78,-4.47,-1,-1.0,-0.77,-0.23
Day-99,meta-llama/Llama-3.1-8B-Instruct,ENTJ,memory,crash,123,0.95,panic,75.77,79.50677202341981,8010.361624805015,0.0,105.71943546001076,BUY,0.5,"The trend is down, but the RSI is low at 37.7, indicating oversold conditions. The price is below the SMA20 and SMA60, but the gap is not too large. I will buy to chase the potential bounce.",79.64,83.48,37.7,-1.8201,3135840,1.07,29.4,14.3,2.8,-4.6,-1,-0.85,-0.74,-0.11
Day-100,meta-llama/Llama-3.1-8B-Instruct,ENTJ,memory,crash,123,0.95,panic,75.93,78.62759558884727,8027.276734478617,0.0,105.71943546001076,HOLD,0.0,"The trend is down (-1), and the RSI is below 50, indicating a potential downtrend. The price is above the SMA20 but below the SMA60, suggesting a short-term bearish momentum. Given the momentum commander's mandate, it's best to hold and wait for a clearer trend direction.",79.34,83.21,41.0,-1.8909,2805143,0.94,29.7,14.5,2.76,-4.64,-1,-0.79,-0.83,0.04
Day-101,meta-llama/Llama-3.1-8B-Instruct,ENTJ,memory,crash,123,0.95,panic,75.98,78.7696502781191,8032.562706251618,0.0,105.71943546001076,BUY,0.5,"The short-term trend is slightly down, but the long-term trend is still up, indicating a potential reversal. The RSI is below 50, suggesting the stock is undervalued. Given the momentum commander mandate, I'm taking a calculated risk to buy in.",79.06,82.93,45.8,-1.9207,3381884,1.11,30.1,14.5,2.76,-4.66,-1,-1.0,-0.89,-0.11
Day-102,meta-llama/Llama-3.1-8B-Instruct,ENTJ,memory,crash,123,0.95,panic,71.23,76.29176234659865,7530.395387816567,0.0,105.71943546001076,BUY,0.5,"The trend is down, but the RSI is low at 31.2, indicating oversold conditions. The price is at $71.23, which is below the SMA20/60 of 78.59/82.58. A potential reversal is likely, and buying now could capitalize on a potential trend reversal.",78.59,82.58,31.2,-2.3006,3316946,1.08,30.5,14.0,2.86,-4.84,-1,-0.77,-0.88,0.11
Day-103,meta-llama/Llama-3.1-8B-Instruct,ENTJ,memory,crash,123,0.95,panic,71.69,76.50402698206916,7579.026328128171,0.0,105.71943546001076,BUY,1.0,"The trend is down, but the RSI is low at 35.8, indicating oversold conditions. The price is at $71.69, which is below the SMA20/60 of 78.11/82.27, but the Implied Volatility is high at 30.9%. Considering the momentum commander mandate, I will buy to chase the potential rebound.",78.11,82.27,35.8,-2.5356,3656522,1.18,30.9,14.1,2.85,-5.06,-1,-0.56,-0.8,0.23
Day-104,meta-llama/Llama-3.1-8B-Instruct,ENTJ,memory,crash,123,0.95,panic,75.59,78.60233090933848,7991.332126422213,0.0,105.71943546001076,BUY,0.5,"The trend is still slightly down, but the RSI is at 40.4, indicating a potential oversold condition. The price is at $75.59, which is below the SMA20/60, but the gap is not significant. I will take a calculated risk and buy in to ride the trend.",77.73,82.09,40.4,-2.3799,3543252,1.13,31.3,14.4,2.77,-5.31,-1,-0.87,-0.8,-0.07
Day-105,meta-llama/Llama-3.1-8B-Instruct,ENTJ,memory,crash,123,0.95,panic,73.96,78.077704927907,7819.0094466223945,0.0,105.71943546001076,BUY,1.0,"The trend is down, but the RSI is at 40.1, indicating a potential oversold condition. The price is $73.96, and the SMA20/60 is -1, suggesting a short-term downtrend. As a momentum commander, I will buy to chase the potential reversal.",77.31,81.81,40.1,-2.3609,2852306,0.91,31.7,14.2,2.82,-5.5,-1,-0.84,-0.81,-0.03
Day-106,meta-llama/Llama-3.1-8B-Instruct,ENTJ,memory,crash,123,0.95,panic,75.71,77.61184705681684,8004.018458677414,0.0,105.71943546001076,BUY,0.5,"The short-term and long-term trends are both positive, with the SMA20 below the SMA60 indicating a strong upward momentum. The RSI is below 50, indicating the stock is undervalued and due for a bounce. The trend is strong enough to warrant a 50% allocation to this stock.",77.06,81.57,42.0,-2.1796,2892900,0.93,32.0,14.6,2.73,-5.53,-1,-1.0,-0.81,-0.19
Day-107,meta-llama/Llama-3.1-8B-Instruct,ENTJ,memory,crash,123,0.95,panic,72.37,77.29139654145553,7650.915544240979,0.0,105.71943546001076,BUY,0.5,"The trend is down, but the RSI is low at 36.9, indicating a potential oversold condition. The price is also below the SMA20 and SMA60, but the gap is relatively small. A buy signal is triggered to chase the potential rebound.",76.79,81.25,36.9,-2.2788,3891789,1.23,32.4,14.0,2.85,-5.5,-1,-1.0,-0.85,-0.15
Day-108,meta-llama/Llama-3.1-8B-Instruct,ENTJ,memory,crash,123,0.95,panic,72.31,74.92942083066373,7644.572378113378,0.0,105.71943546001076,BUY,1.0,"The trend is down (-1), but the RSI is low (39.7), indicating a potential buying opportunity. The price is below the SMA20 and SMA60, but the price is relatively close to the SMA60. This could be a good entry point to catch a potential bounce.",76.37,80.95,39.7,-2.3355,3946643,1.23,32.8,14.5,2.76,-5.65,-1,-0.59,-0.86,0.27
Day-109,meta-llama/Llama-3.1-8B-Instruct,ENTJ,memory,crash,123,0.95,panic,71.63,74.85556747035405,7572.6831620005705,0.0,105.71943546001076,BUY,0.5,"The short-term trend (SMA20) is below the long-term trend (SMA60), indicating a potential reversal. However, the RSI is below 50, suggesting the stock is undervalued and due for a bounce. The momentum commander's mandate is to chase growth, and the current price is below the trend, making this a buying opportunity.",76.04,80.63,42.3,-2.4077,4364656,1.34,33.2,14.4,2.79,-5.69,-1,-0.93,-0.87,-0.06
Day-110,meta-llama/Llama-3.1-8B-Instruct,ENTJ,memory,crash,123,0.95,panic,68.92,72.75015772633807,7286.183491903942,0.0,105.71943546001076,BUY,0.5,"The trend is down, but the RSI is low (26.7) and the price is below the SMA20/60, indicating a potential buying opportunity. The Implied Volatility is high, which could lead to a volatile price movement. Buying now could be a strategic move to capture a potential upswing.",75.47,80.18,26.7,-2.6525,4290678,1.29,33.6,14.2,2.81,-5.87,-1,-0.99,-0.9,-0.08
Day-111,meta-llama/Llama-3.1-8B-Instruct,ENTJ,memory,crash,123,0.95,panic,70.0,71.82247812821427,7400.360482200753,0.0,105.71943546001076,BUY,0.5,"The trend is down, but the RSI is low at 30.0, indicating oversold conditions. The price is at $70.00, which is below the SMA20/60 trend line, but the momentum is still strong. A BUY signal is triggered to chase the potential rebound.",75.02,79.86,30.0,-2.7285,3723005,1.11,33.9,14.6,2.74,-6.06,-1,-0.94,-0.89,-0.05
Day-112,meta-llama/Llama-3.1-8B-Instruct,ENTJ,memory,crash,123,0.95,panic,69.96,72.56534767781801,7396.131704782352,0.0,105.71943546001076,BUY,0.5,"The trend is down, but the RSI is low (35.0), indicating a potential oversold condition. The price is also below the SMA20 and SMA60, but the gap is not too large. This presents a buying opportunity to chase the trend reversal.",74.53,79.53,35.0,-2.7601,4005620,1.18,34.3,14.5,2.77,-6.29,-1,-0.81,-0.85,0.04
Day-113,meta-llama/Llama-3.1-8B-Instruct,ENTJ,memory,crash,123,0.95,panic,66.26,71.33013072171794,7004.969793580313,0.0,105.71943546001076,BUY,0.5,"The trend is down, but the RSI is low at 30.4, indicating oversold conditions. The price is at $66.26, which is below the SMA20/60 of 73.84/79.14. This presents a buying opportunity to chase the big wins as the trend is likely to bounce back.",73.84,79.14,30.4,-3.0485,3789890,1.1,34.7,13.9,2.87,-6.69,-1,-1.0,-0.93,-0.07
Day-114,meta-llama/Llama-3.1-8B-Instruct,ENTJ,memory,crash,123,0.95,panic,68.73,71.33137971128534,7266.09679916654,0.0,105.71943546001076,BUY,0.5,"The trend is down, but the RSI is low at 36.5, indicating a potential oversold condition. The price is $68.73, which is below the SMA20/60 of 73.38/78.82, but the Implied Volatility is high at 35.1%. Given the momentum commander mandate, I will take a calculated risk and buy in anticipation of a potential trend reversal.",73.38,78.82,36.5,-3.0429,3466289,1.0,35.1,14.5,2.77,-6.9,-1,-0.77,-0.9,0.13
Day-115,meta-llama/Llama-3.1-8B-Instruct,ENTJ,memory,crash,123,0.95,panic,70.31,71.8441187652417,7433.133507193356,0.0,105.71943546001076,BUY,0.1,"The trend is down, but the RSI is low at 39.9, indicating oversold conditions. The price is at $70.31, which is below the SMA20/60 of 73.12/78.47. A bounce is likely, and I will take advantage of this opportunity to buy and ride the trend.",73.12,78.47,39.9,-2.877,3746287,1.07,35.5,14.7,2.72,-6.82,-1,-1.0,-0.9,-0.1
Day-116,meta-llama/Llama-3.1-8B-Instruct,ENTJ,memory,crash,123,0.95,panic,67.85,71.62285962133771,7173.0636959617295,0.0,105.71943546001076,BUY,0.8,"The short-term trend is down, but the long-term trend is still up, indicating a potential reversal. The RSI is below 50, suggesting the stock is undervalued. I will buy 80% of the portfolio to capitalize on the potential uptrend.",72.52,78.12,43.4,-2.9111,3351951,0.95,35.8,14.2,2.82,-7.17,-1,-0.65,-0.85,0.2
Day-117,meta-llama/Llama-3.1-8B-Instruct,ENTJ,memory,crash,123,0.95,panic,65.89,69.75191115124309,6965.853602460109,0.0,105.71943546001076,BUY,0.5,"The trend is down, but the RSI is at 39.4, indicating a potential oversold condition. The price is below the SMA20 and SMA60, but the gap is relatively small. A momentum commander should be looking to buy into a potential bounce.",71.82,77.71,39.4,-3.0606,4293560,1.2,36.2,14.2,2.82,-7.58,-1,-1.0,-0.88,-0.12
Day-118,meta-llama/Llama-3.1-8B-Instruct,ENTJ,memory,crash,123,0.95,panic,64.47,68.91943587589168,6815.732004106893,0.0,105.71943546001076,BUY,0.5,"The trend is down, but the RSI is low at 27.7, indicating oversold conditions. The price is at $64.47, which is below the SMA20/60 trend of 71.23/77.28, but the Implied Volatility is high at 36.6%, suggesting a potential bounce. As a Momentum Commander, I will buy to chase the potential rebound.",71.23,77.28,27.7,-3.2563,3566693,0.99,36.6,14.0,2.85,-7.84,-1,-0.54,-0.79,0.26
Day-119,meta-llama/Llama-3.1-8B-Instruct,ENTJ,memory,crash,123,0.95,panic,66.84,70.37884721827997,7066.28706614712,0.0,105.71943546001076,BUY,0.5,"The trend is down, but the RSI is low at 36.1, indicating oversold conditions. The price is at $66.84, and the trend indicators (SMA20/60) are -1, suggesting a short-term downtrend. Given the momentum commander's mandate to chase big wins, I'm taking a calculated risk to buy in at this level, expecting a potential bounce.",70.78,76.89,36.1,-3.1834,4069836,1.12,37.0,14.2,2.81,-7.95,-1,-0.8,-0.8,-0.01
Day-120,meta-llama/Llama-3.1-8B-Instruct,ENTJ,memory,crash,123,0.95,panic,65.49,67.85380145528251,6923.565828276104,0.0,105.71943546001076,BUY,0.5,"The trend is down, but the RSI is low at 29.7, indicating oversold conditions. The price is at $65.49, and the SMA20/60 trend is -1, suggesting a potential reversal. As a momentum commander, I will buy in to ride the potential upswing.",70.26,76.49,29.7,-3.1977,4928962,1.31,37.4,14.5,2.76,-8.14,-1,-0.97,-0.79,-0.18
Day-121,meta-llama/Llama-3.1-8B-Instruct,ENTJ,memory,crash,123,0.95,panic,62.5,67.07801544141633,6607.464716250673,0.0,105.71943546001076,BUY,1.0,"The trend is down, but the RSI is low at 30.2, indicating oversold conditions. The price is at $62.50, which is below the SMA20/60 of 69.58/76.07. This presents a buying opportunity to chase the big win as the trend is likely to reverse.",69.58,76.07,30.2,-3.4112,3409071,0.91,37.8,14.0,2.86,-8.53,-1,-0.62,-0.78,0.17
Day-122,meta-llama/Llama-3.1-8B-Instruct,ENTJ,memory,crash,123,0.95,panic,60.71,66.02590736992822,6418.2269267772535,0.0,105.71943546001076,BUY,1.0,"The trend is down, but the RSI is low at 28.2, indicating oversold conditions. The price is at $60.71, which is below the SMA20/60 of 69.06/75.64, but the Implied Volatility is high at 38.1%, suggesting a potential bounce. As a Momentum Commander, I will take advantage of this opportunity to buy and ride the trend when it reverses.",69.06,75.64,28.2,-3.6825,3646999,0.97,38.1,13.8,2.9,-8.7,-1,-1.0,-0.78,-0.22
Day-123,meta-llama/Llama-3.1-8B-Instruct,ENTJ,memory,crash,123,0.95,panic,61.8,65.64665473302536,6533.4611114286645,0.0,105.71943546001076,BUY,0.5,"The trend is down, but the RSI is low at 31.8, indicating an oversold condition. The price is $61.80, and the trend indicators (SMA20/60) are -1, suggesting a short-term downtrend. Given the momentum commander's mandate to chase big wins, I will buy into this potential reversal opportunity.",68.56,75.13,31.8,-3.7658,3934855,1.04,38.5,14.1,2.83,-8.74,-1,-0.91,-0.86,-0.05
Day-124,meta-llama/Llama-3.1-8B-Instruct,ENTJ,memory,crash,123,0.95,panic,60.53,65.89487035021259,6399.197428394451,0.0,105.71943546001076,BUY,0.5,"The trend is down, but the RSI is low at 33.6, indicating oversold conditions. The price is $60.53, which is below the SMA20/60 of 67.81/74.68, but the Implied Volatility is high at 38.9%, suggesting a potential bounce. As a Momentum Commander, I will take a calculated risk and buy in to chase the potential rebound.",67.81,74.68,33.6,-3.8894,5085835,1.32,38.9,13.8,2.9,-9.2,-1,-0.8,-0.86,0.06
Day-125,meta-llama/Llama-3.1-8B-Instruct,ENTJ,memory,crash,123,0.95,panic,64.44,67.00356131823465,6812.560421043093,0.0,105.71943546001076,BUY,0.5,"The trend is down, but the RSI is below 50, indicating a potential buying opportunity. The price is relatively low compared to the SMA20 and SMA60, and the P/E ratio is reasonable. The momentum commander mandate suggests buying into a downtrend to chase the big wins.",67.33,74.34,40.2,-3.6302,5078147,1.28,39.3,14.4,2.77,-9.42,-1,-0.82,-0.83,0.01
Day-126,meta-llama/Llama-3.1-8B-Instruct,ENTJ,memory,crash,123,0.95,panic,62.28,66.23332892622548,6584.20644044947,0.0,105.71943546001076,BUY,0.5,"The trend is down, but the RSI is low at 37.4, indicating oversold conditions. The price is $62.28, which is below the SMA20/60 of 66.66/73.91, but the Implied Volatility is high at 39.7%. Given the momentum commander mandate, I will buy to chase the potential rebound.",66.66,73.91,37.4,-3.5578,3810984,0.95,39.7,14.1,2.84,-9.81,-1,-1.0,-0.91,-0.09
Day-127,meta-llama/Llama-3.1-8B-Instruct,ENTJ,memory,crash,123,0.95,panic,60.59,66.5456702562023,6405.540594522052,0.0,105.71943546001076,BUY,1.0,"The trend is down, but the RSI is at 40.1, indicating oversold conditions. The momentum is strong, and the price is relatively low, making it a good entry point to chase the big wins.",66.07,73.41,40.1,-3.5959,5305379,1.3,40.0,13.7,2.93,-9.99,-1,-0.98,-0.9,-0.08
Day-128,meta-llama/Llama-3.1-8B-Instruct,ENTJ,memory,crash,123,0.95,panic,62.7,66.54541040106747,6628.6086033426745,0.0,105.71943546001076,BUY,0.5,"The short-term and long-term trend indicators are both positive, indicating an upward momentum. The RSI is below 50, suggesting the stock is undervalued and due for a bounce. The price is below the trend, creating a buying opportunity.",65.59,73.03,39.3,-3.4164,4942020,1.19,40.4,14.1,2.83,-10.18,-1,-0.77,-0.87,0.11
Day-129,meta-llama/Llama-3.1-8B-Instruct,ENTJ,memory,crash,123,0.95,panic,62.9,66.51975769893927,6649.7524904346765,0.0,105.71943546001076,BUY,1.0,"The short-term and long-term trends are both positive, with the SMA20 below the SMA60 indicating a potential upward momentum. The RSI is below 50, indicating a buying opportunity. The price is below the trend, making it a good entry point.",65.16,72.65,36.2,-3.2201,4606399,1.11,40.8,14.2,2.82,-10.31,-1,-1.0,-0.91,-0.09
Day-130,meta-llama/Llama-3.1-8B-Instruct,ENTJ,memory,crash,123,0.95,panic,62.86,65.4558337674128,6645.523713016276,0.0,105.71943546001076,BUY,1.0,"The trend is down, but the RSI is low at 39.8, indicating oversold conditions. The price is below the SMA20, but the SMA60 is still above, suggesting a potential reversal. The momentum commander's mandate is to buy on a downtrend, and this setup presents a buying opportunity.",64.85,72.27,39.8,-3.0335,5366506,1.28,41.2,14.4,2.78,-10.26,-1,-0.55,-0.86,0.31
Day-131,meta-llama/Llama-3.1-8B-Instruct,ENTJ,memory,crash,123,0.95,panic,60.54,63.958512298636904,6400.254622749051,0.0,105.71943546001076,BUY,0.5,"The trend is down (-1), but the RSI is low (39.2), indicating a potential buying opportunity. The price is relatively low compared to the SMA20/60, and the P/E ratio is reasonable. This setup suggests a potential reversal in the trend, making it a good time to buy.",64.38,71.84,39.2,-3.0373,5321799,1.24,41.6,14.2,2.82,-10.39,-1,-0.7,-0.8,0.1
Day-132,meta-llama/Llama-3.1-8B-Instruct,ENTJ,memory,crash,123,0.95,panic,61.11,62.35846918601621,6460.514700961257,0.0,105.71943546001076,BUY,0.5,"The trend is down, but the RSI is at 43.0, indicating a potential oversold condition. The price is below the SMA20 and SMA60, but the gap is relatively small. A buy signal is triggered to chase the potential rebound.",63.94,71.45,43.0,-2.9603,4458386,1.03,41.9,14.7,2.72,-10.52,-1,-0.9,-0.78,-0.12
Day-133,meta-llama/Llama-3.1-8B-Instruct,ENTJ,memory,crash,123,0.95,panic,57.27,61.102031976617084,6054.5520687948165,0.0,105.71943546001076,BUY,0.5,"The trend is down, but the RSI is low at 31.1, indicating a potential oversold condition. The price is at $57.27, which is below the SMA20/60 trend of 63.49/70.97, but the Implied Volatility is high at 42.3%, suggesting a potential for a bounce. As a Momentum Commander, I will take a calculated risk and buy in to chase the potential big win.",63.49,70.97,31.1,-3.1727,4997527,1.14,42.3,14.1,2.85,-10.54,-1,-0.84,-0.8,-0.05
Day-134,meta-llama/Llama-3.1-8B-Instruct,ENTJ,memory,crash,123,0.95,panic,57.78,60.92371855248331,6108.468980879422,0.0,105.71943546001076,BUY,0.5,"The trend is down, but the RSI is low at 34.3, indicating a potential buying opportunity. The price is below the SMA20 and SMA60, but the gap is not significant. I will buy 50% of the portfolio to chase the potential growth.",62.94,70.47,34.3,-3.262,5025544,1.13,42.7,14.2,2.81,-10.68,-1,-0.43,-0.68,0.26
Day-135,meta-llama/Llama-3.1-8B-Instruct,ENTJ,memory,crash,123,0.95,panic,57.97,61.184667945611636,6128.555673616824,0.0,105.71943546001076,BUY,0.5,"The trend is down, but the RSI is low at 39.6, indicating a potential buying opportunity. The price is below the SMA20, but the SMA60 is still above, suggesting a short-term downtrend with a possible reversal. I will buy 50% of the portfolio to chase the potential upswing.",62.33,69.98,39.6,-3.2797,4456735,0.99,43.1,14.2,2.81,-10.93,-1,-0.61,-0.7,0.08
Day-136,meta-llama/Llama-3.1-8B-Instruct,ENTJ,memory,crash,123,0.95,panic,57.53,61.00813679346854,6082.039122014419,0.0,105.71943546001076,BUY,0.5,"The trend is down, but the RSI is low at 42.2, indicating oversold conditions. The price is below the SMA20 and SMA60, but the gap is not significant. A potential bounce is possible, and I'm willing to take a calculated risk to chase the trend.",61.81,69.52,42.2,-3.2912,4211025,0.93,43.5,14.1,2.83,-11.09,-1,-0.72,-0.7,-0.02
Day-137,meta-llama/Llama-3.1-8B-Instruct,ENTJ,memory,crash,123,0.95,panic,57.17,59.9591816972728,6043.980125248815,0.0,105.71943546001076,BUY,0.5,"The trend is down, but the RSI is low at 38.2, indicating oversold conditions. The price is $57.17, and the trend indicators (SMA20/60) are -1, suggesting a short-term downtrend. As a momentum commander, I will buy to chase the potential bounce.",61.37,69.1,38.2,-3.2913,4808188,1.06,43.9,14.3,2.8,-11.18,-1,-1.0,-0.72,-0.28
Day-138,meta-llama/Llama-3.1-8B-Instruct,ENTJ,memory,crash,123,0.95,panic,59.01,61.26515180720527,6238.503886495235,0.0,105.71943546001076,BUY,0.5,"The trend is still up, as indicated by the positive SMA20/60 difference. The RSI is below 50, suggesting the stock is undervalued. The momentum is strong enough to justify a 50% allocation.",61.1,68.67,46.2,-3.1072,4449840,0.97,44.2,14.4,2.77,-11.02,-1,-0.47,-0.65,0.17
Day-139,meta-llama/Llama-3.1-8B-Instruct,ENTJ,memory,crash,123,0.95,panic,61.04,62.28401743083681,6453.114340479056,0.0,105.71943546001076,BUY,0.5,"The trend is down, but the RSI is at 40.7, indicating oversold conditions. The price is at $61.04, and the SMA20/60 is -1, suggesting a short-term downtrend. Given the momentum commander's mandate to chase big wins, I will buy in anticipation of a potential trend reversal.",60.81,68.33,40.7,-2.766,4670213,1.01,44.6,14.7,2.72,-11.0,-1,-0.59,-0.68,0.09
Day-140,meta-llama/Llama-3.1-8B-Instruct,ENTJ,memory,crash,123,0.95,panic,56.0,61.430017318086634,5920.288385760602,0.0,105.71943546001076,BUY,0.5,"The short-term and long-term trend is up, with the SMA20 below SMA60 indicating a bullish trend. The RSI is below 50, indicating a potential buying opportunity. The price is at $56.00, which is relatively low compared to the SMA60 of 67.84.",60.34,67.84,35.2,-2.8687,5908287,1.26,45.0,13.7,2.92,-11.06,-1,-0.83,-0.72,-0.11
Day-141,meta-llama/Llama-3.1-8B-Instruct,ENTJ,memory,crash,123,0.95,stabilization,57.22,61.0383016150938,6049.266097021816,0.0,105.71943546001076,BUY,0.5,"The trend is down, but the RSI is low (41.9), indicating a potential oversold condition. The price is also relatively low compared to the SMA60 (67.4), suggesting a possible bounce. As a momentum commander, I will take advantage of this opportunity to buy and ride the potential trend reversal.",60.07,67.4,41.9,-2.8195,1845853,0.4,45.0,14.1,2.84,-10.88,-1,0.32,-0.51,0.84
Day-142,meta-llama/Llama-3.1-8B-Instruct,ENTJ,memory,crash,123,0.95,stabilization,57.4,61.123409092172786,6068.295595404617,0.0,105.71943546001076,BUY,0.5,"The trend is down, but the RSI is low (35.9), indicating a potential oversold condition. The price is below the SMA20 and SMA60, but the gap is not significant. A buy could be a good opportunity to catch a potential bounce.",59.91,66.95,35.9,-2.7349,2002291,0.44,44.7,14.1,2.84,-10.53,-1,-0.25,-0.36,0.12
Day-143,meta-llama/Llama-3.1-8B-Instruct,ENTJ,memory,crash,123,0.95,stabilization,60.09,61.777058414699965,6352.680876792047,0.0,105.71943546001076,BUY,0.5,"The trend is down, but the RSI is below 50, indicating a potential buying opportunity. The price is at a relatively low point, and the momentum is still slightly negative, but the trend is not strongly bearish. This is a good moment to enter the market and ride the trend upwards.",59.82,66.56,43.4,-2.422,1732373,0.39,44.5,14.6,2.74,-10.12,-1,0.24,-0.22,0.46
Day-144,meta-llama/Llama-3.1-8B-Instruct,ENTJ,memory,crash,123,0.95,stabilization,58.33,61.96344090332702,6166.614670382427,0.0,105.71943546001076,BUY,0.5,"The trend is down, but the RSI is below 50, indicating a potential oversold condition. The price is below the SMA20, but the SMA60 is still above, suggesting a short-term downtrend with a possible long-term uptrend. I will buy to chase the potential reversal.",59.71,66.17,40.1,-2.2901,2208812,0.52,44.2,14.1,2.83,-9.75,-1,0.29,-0.05,0.33
Day-145,meta-llama/Llama-3.1-8B-Instruct,ENTJ,memory,crash,123,0.95,stabilization,56.31,62.26171525578204,5953.061410753206,0.0,105.71943546001076,BUY,0.5,"The short-term and long-term trends are both positive, with the SMA20 below the SMA60 indicating a strong upward momentum. The RSI is below 50, suggesting the stock is undervalued and due for a bounce. The price is relatively low compared to the P/E ratio, indicating a potential buying opportunity.",59.31,65.78,40.7,-2.3222,1949011,0.47,44.0,13.6,2.95,-9.84,-1,0.01,0.12,-0.11
Day-146,meta-llama/Llama-3.1-8B-Instruct,ENTJ,memory,crash,123,0.95,stabilization,59.2,62.17567519464423,6258.5905792326375,0.0,105.71943546001076,BUY,0.5,"The short-term trend is down, but the long-term trend is still up, indicating a potential reversal. The RSI is below 50, suggesting the stock is undervalued. The momentum commander mandate dictates buying on a downtrend, so I'm taking a calculated risk to capitalize on the potential rebound.",59.15,65.37,46.2,-2.0901,1600481,0.4,43.7,14.3,2.8,-9.51,-1,-0.28,0.0,-0.29
Day-147,meta-llama/Llama-3.1-8B-Instruct,ENTJ,memory,crash,123,0.95,stabilization,59.25,62.42381064224534,6263.876551005637,0.0,105.71943546001076,BUY,0.5,"The short-term trend is down, but the long-term trend is still up, indicating a potential reversal. The RSI is below 60, suggesting the stock is undervalued. With a medium-to-high risk appetite, I'm willing to take a calculated risk to buy in and ride the trend.",59.08,64.95,54.7,-1.8801,1520294,0.4,43.5,14.2,2.81,-9.04,-1,0.48,0.15,0.34
Day-148,meta-llama/Llama-3.1-8B-Instruct,ENTJ,memory,crash,123,0.95,stabilization,60.32,63.21608286797341,6376.996346947849,0.0,105.71943546001076,BUY,0.5,"The short-term trend is down, but the long-term trend is up, indicating a potential reversal. The RSI is below 60, suggesting the stock is undervalued. The momentum commander mandate dictates buying on a downtrend, so we will buy 50% of the portfolio.",58.97,64.63,55.8,-1.6086,2120087,0.58,43.2,14.3,2.79,-8.77,-1,0.11,0.12,-0.01
Day-149,meta-llama/Llama-3.1-8B-Instruct,ENTJ,memory,crash,123,0.95,stabilization,58.4,63.116248477234556,6174.015030864628,0.0,105.71943546001076,BUY,0.5,"The trend is slightly down, but the RSI is at 50.9, indicating a potential reversal. The P/E ratio is relatively low, and the implied volatility is high, suggesting a possible upward movement. As a momentum commander, I will take a calculated risk and buy in to chase the potential big win.",58.74,64.29,50.9,-1.5311,2108760,0.6,43.0,13.9,2.88,-8.63,-1,-0.08,0.05,-0.13
Day-150,meta-llama/Llama-3.1-8B-Instruct,ENTJ,memory,crash,123,0.95,stabilization,61.94,63.2079023434885,6548.2618323930665,0.0,105.71943546001076,BUY,0.5,"The trend is slightly down, but the RSI is not oversold, and the price is near the SMA20, indicating a potential buying opportunity. The P/E ratio is relatively low, and the implied volatility is high, suggesting a volatile market. As a momentum commander, I will take a calculated risk to chase the potential big win.",58.7,64.01,58.3,-1.1703,1866030,0.55,42.7,14.7,2.72,-8.3,-1,0.23,0.09,0.14
Day-151,meta-llama/Llama-3.1-8B-Instruct,ENTJ,memory,crash,123,0.95,stabilization,59.7,63.35481058176331,6311.450296962643,0.0,105.71943546001076,BUY,0.5,"The short-term trend is down, but the long-term trend is up, indicating a potential reversal. The RSI is below 60, suggesting the stock is undervalued. With a medium-to-high risk appetite, I'm willing to take a calculated risk to buy in and ride the potential upswing.",58.65,63.68,54.4,-1.0531,1427277,0.45,42.5,14.1,2.83,-7.9,-1,0.49,0.25,0.24
Day-152,meta-llama/Llama-3.1-8B-Instruct,ENTJ,memory,crash,123,0.95,stabilization,60.06,63.516673259648826,6349.509293728246,0.0,105.71943546001076,BUY,0.5,"The trend is down, but the RSI is at 51.9, indicating a potential oversold condition. The price is $60.06, and the SMA20 is below the SMA60, but the difference is decreasing. This suggests a possible trend reversal, and I'm willing to take a calculated risk to chase the potential big win.",58.6,63.46,51.9,-0.9208,1565418,0.52,42.2,14.2,2.82,-7.65,-1,-0.15,0.12,-0.27
Day-153,meta-llama/Llama-3.1-8B-Instruct,ENTJ,memory,crash,123,0.95,stabilization,58.34,62.830728821613214,6167.671864737028,0.0,105.71943546001076,BUY,0.5,"The trend is down, but the RSI is below 50, indicating a potential buying opportunity. The price is also below the SMA20, but the SMA60 is still above, suggesting a short-term downtrend with a possible reversal. Given the momentum commander mandate, I will take a calculated risk to buy and potentially ride the trend upwards.",58.65,63.19,44.9,-0.9438,1958519,0.68,41.9,13.9,2.87,-7.18,-1,0.21,0.14,0.07
Day-154,meta-llama/Llama-3.1-8B-Instruct,ENTJ,memory,crash,123,0.95,stabilization,57.42,61.912294493676264,6070.409984113818,0.0,105.71943546001076,BUY,0.5,"The short-term trend is slightly down, but the long-term trend is still positive. The RSI is below 60, indicating a potential buying opportunity. With a medium-to-high risk appetite, I'm willing to take a calculated risk on this momentum play.",58.64,62.83,53.1,-1.0244,1998200,0.73,41.7,13.9,2.88,-6.67,-1,0.58,0.27,0.31
Day-155,meta-llama/Llama-3.1-8B-Instruct,ENTJ,memory,crash,123,0.95,stabilization,56.52,61.422466958215345,5975.262492199809,0.0,105.71943546001076,BUY,1.0,"The trend is down, but the RSI is at 48.4, indicating a potential oversold condition. The price is also below the SMA20 and SMA60, but the gap is not extreme. A buy signal is triggered, and I will chase the big win.",58.56,62.48,48.4,-1.1479,1694916,0.66,41.4,13.8,2.9,-6.27,-1,-0.33,0.16,-0.49
Day-156,meta-llama/Llama-3.1-8B-Instruct,ENTJ,memory,crash,123,0.95,stabilization,57.86,61.52643810591618,6116.926535716222,0.0,105.71943546001076,BUY,0.5,"The short-term and long-term trends are still positive, with the SMA20 and SMA60 trending downwards, indicating an overall upward momentum. The RSI is at 51.0, which is not overbought, and the P/E ratio is relatively low at 14.1. The Implied Volatility is high, but the trend is strong enough to justify a buy.",58.58,62.12,51.0,-1.1245,1623789,0.66,41.2,14.1,2.84,-5.7,-1,-0.16,0.03,-0.19
Day-157,meta-llama/Llama-3.1-8B-Instruct,ENTJ,memory,crash,123,0.95,stabilization,57.3,61.82336618891779,6057.723651858616,0.0,105.71943546001076,BUY,0.5,"The trend is slightly down, but the RSI is at 43.4, indicating a potential buying opportunity. The price is at $57.30, which is below the SMA20/60 of 58.59/61.82, suggesting a slight undervaluation. I will buy 50% of the portfolio to chase the potential growth.",58.59,61.82,43.4,-1.1383,1551484,0.68,40.9,13.9,2.88,-5.23,-1,-0.18,0.02,-0.2
Day-158,meta-llama/Llama-3.1-8B-Instruct,ENTJ,memory,crash,123,0.95,stabilization,60.35,61.57802890903098,6380.167930011649,0.0,105.71943546001076,BUY,0.5,"The short-term and long-term moving averages are in a bullish alignment, indicating an upward trend. The RSI is below 60, suggesting there is room for further growth. The price is below the 60-day moving average, but the trend is still positive.",58.65,61.58,54.5,-0.8928,1435234,0.67,40.7,14.7,2.72,-4.76,-1,-0.05,-0.03,-0.02
Day-159,meta-llama/Llama-3.1-8B-Instruct,ENTJ,memory,crash,123,0.95,stabilization,56.34,62.286657650464626,5956.232993817006,0.0,105.71943546001076,BUY,0.5,"The trend is slightly down, but the RSI is at 50.1, indicating a potential buying opportunity. The price is $56.34, which is below the SMA20/60 of 58.42/61.28, suggesting a possible rebound. As a momentum commander, I will take a calculated risk to buy and ride the trend.",58.42,61.28,50.1,-1.0099,1425438,0.72,40.4,13.6,2.95,-4.66,-1,-0.06,-0.16,0.09
Day-160,meta-llama/Llama-3.1-8B-Instruct,ENTJ,memory,crash,123,0.95,stabilization,57.43,62.23506966330154,6071.467178468418,0.0,105.71943546001076,BUY,0.5,"The trend is still up, indicated by the higher SMA60 and the negative trend indicator. The RSI is below 50, suggesting the stock is undervalued. I will buy 50% of the portfolio to ride the momentum.",58.49,61.05,46.1,-1.0031,1976742,1.11,40.2,13.8,2.89,-4.19,-1,0.09,-0.07,0.16
Day-161,meta-llama/Llama-3.1-8B-Instruct,ENTJ,memory,crash,123,0.95,stabilization,58.55,62.265227662418845,6189.872946183629,0.0,105.71943546001076,BUY,0.5,"The trend is slightly down, but the RSI is at 48.5, indicating a potential buying opportunity. The price is relatively low, and the P/E ratio is reasonable. I will buy 50% of the portfolio to capitalize on a potential trend reversal.",58.56,60.82,48.5,-0.8971,1868450,1.05,39.9,14.1,2.84,-3.72,-1,-0.25,-0.09,-0.16
Day-162,meta-llama/Llama-3.1-8B-Instruct,ENTJ,memory,crash,123,0.95,stabilization,60.09,62.188245727142515,6352.680876792047,0.0,105.71943546001076,BUY,0.5,"The trend is slightly down, but the RSI is at 49.5, indicating a potential buying opportunity. The price is at $60.09, and the SMA20/60 is -1, suggesting a slight downtrend. I will buy 50% of the portfolio to capitalize on potential growth.",58.69,60.62,49.5,-0.681,1430955,0.82,39.7,14.5,2.76,-3.18,-1,-0.19,-0.09,-0.1
Day-163,meta-llama/Llama-3.1-8B-Instruct,ENTJ,memory,crash,123,0.95,stabilization,58.54,62.27525912351585,6188.81575182903,0.0,105.71943546001076,BUY,0.5,"The short-term trend (SMA20) is below the long-term trend (SMA60), but the RSI is at 50.3, indicating a neutral sentiment. However, the price is below the trend, suggesting a potential buying opportunity. As a momentum commander, I will buy to chase the potential upswing.",58.61,60.47,50.3,-0.6275,1449545,0.83,39.4,14.1,2.84,-3.06,-1,0.09,-0.06,0.15
Day-164,meta-llama/Llama-3.1-8B-Instruct,ENTJ,memory,crash,123,0.95,stabilization,60.53,62.64749616053765,6399.197428394451,0.0,105.71943546001076,BUY,0.5,"The short-term trend is slightly down, but the long-term trend is still positive. The RSI is below 50, indicating a potential buying opportunity. The momentum commander mandate dictates buying on a positive trend, and the long-term trend is still up.",58.72,60.3,46.8,-0.4198,1732859,1.01,39.2,14.5,2.76,-2.62,-1,0.05,-0.04,0.09
Day-165,meta-llama/Llama-3.1-8B-Instruct,ENTJ,memory,crash,123,0.95,stabilization,58.37,63.000322879493815,6170.843447800828,0.0,105.71943546001076,BUY,0.5,"The trend is still slightly up, indicated by the SMA20/60 crossover, and the RSI is below 50, suggesting a potential buying opportunity. The price is relatively low compared to the SMA60, and the volume ratio is above 1, indicating buying pressure. The momentum is still intact, making it a good time to buy.",58.83,60.06,47.0,-0.4245,1792345,1.05,38.9,13.9,2.88,-2.06,-1,0.26,-0.01,0.27
Day-166,meta-llama/Llama-3.1-8B-Instruct,ENTJ,memory,crash,123,0.95,stabilization,59.53,62.57111140918902,6293.47799293444,0.0,105.71943546001076,BUY,1.0,"The trend is up, with the SMA20 below the SMA60, indicating a strong upward momentum. The RSI is below 50, suggesting the stock is undervalued and due for a bounce. The Implied Volatility is high, but the trend is strong enough to justify a buy.",58.84,59.9,48.9,-0.3307,1810033,1.05,38.6,14.3,2.8,-1.76,0,0.12,0.07,0.06
Day-167,meta-llama/Llama-3.1-8B-Instruct,ENTJ,memory,crash,123,0.95,stabilization,62.09,63.35294329742828,6564.119747712069,0.0,105.71943546001076,BUY,1.0,"The trend is up, indicated by the positive slope of the 20/60 SMA. The RSI is below 60, suggesting the stock is undervalued. The momentum is strong enough to justify a full position.",58.98,59.82,57.8,-0.0496,1384169,0.81,38.4,14.7,2.72,-1.4,0,0.23,0.15,0.08
Day-168,meta-llama/Llama-3.1-8B-Instruct,ENTJ,memory,crash,123,0.95,stabilization,58.23,62.82543006871482,6156.0427268364265,0.0,105.71943546001076,BUY,0.5,"The short-term and long-term trend indicators are both positive, indicating an upward momentum. The RSI is at 51.5, which is not overbought, and the P/E ratio is reasonable. The Implied Volatility is high, but the overall market conditions suggest a buying opportunity.",58.88,59.7,51.5,-0.1363,1896691,1.12,38.1,13.9,2.88,-1.37,0,-0.34,0.06,-0.41
Day-169,meta-llama/Llama-3.1-8B-Instruct,ENTJ,memory,crash,123,0.95,stabilization,60.37,62.88504357576013,6382.282318720849,0.0,105.71943546001076,HOLD,0.0,"The short-term and long-term trends are neutral, and the RSI is below 60, indicating a potential buying opportunity. However, the momentum commander's mandate is to follow the trend, and since there is no clear upward trend, it's best to hold and wait for a clearer signal.",58.98,59.57,56.9,-0.0321,1406536,0.84,37.9,14.4,2.78,-0.99,0,-0.12,0.03,-0.15
Day-170,meta-llama/Llama-3.1-8B-Instruct,ENTJ,memory,crash,123,0.95,stabilization,59.94,62.767845288998956,6336.822961473044,0.0,105.71943546001076,BUY,0.5,"The trend is up, with the SMA20 below the SMA60, indicating a bullish momentum. The RSI is below 60, suggesting the stock is not overbought. The price is at $59.94, which is above the SMA60, supporting the buy signal.",58.88,59.46,53.8,0.0156,1623870,0.98,37.6,14.3,2.79,-0.97,0,0.55,0.09,0.46
Day-171,meta-llama/Llama-3.1-8B-Instruct,ENTJ,memory,crash,123,0.95,stabilization,55.77,62.26334945033971,5895.972915604801,0.0,105.71943546001076,BUY,0.5,"The trend is up, with the SMA20/60 indicating a positive momentum. The RSI is below 50, indicating a potential buying opportunity. The price is below the trend line, making it a good entry point.",58.68,59.32,47.5,-0.2797,1611777,0.97,37.4,13.4,2.98,-1.08,0,0.12,0.09,0.03
Day-172,meta-llama/Llama-3.1-8B-Instruct,ENTJ,memory,crash,123,0.95,stabilization,58.25,62.2457891563528,6158.157115545627,0.0,105.71943546001076,BUY,0.5,"The trend is up, with SMA20/60 indicating a positive momentum. RSI is below 50, indicating a potential buying opportunity. The price is slightly below the SMA20, making it a good entry point.",58.59,59.27,46.5,-0.3102,1835740,1.1,37.1,14.0,2.85,-1.15,0,0.22,0.09,0.14
Day-173,meta-llama/Llama-3.1-8B-Instruct,ENTJ,memory,crash,123,0.95,stabilization,60.5,61.895382269706595,6396.025845330651,0.0,105.71943546001076,BUY,0.5,"The trend is up, with SMA20 below SMA60, indicating a potential long-term uptrend. The RSI is below 60, suggesting the stock is not overbought. The momentum is strong enough to warrant a 50% investment in this trade.",58.7,59.25,57.3,-0.1513,1632888,0.98,36.9,14.7,2.73,-0.92,0,0.08,0.17,-0.09
Day-174,meta-llama/Llama-3.1-8B-Instruct,ENTJ,memory,crash,123,0.95,stabilization,59.06,61.95183589134462,6243.789858268236,0.0,105.71943546001076,BUY,0.5,"The trend is up, with the SMA20 below the SMA60, indicating a bullish momentum. The RSI is below 70, suggesting there's room for further growth. The Implied Volatility is relatively high, which could lead to significant price movements.",58.78,59.22,52.8,-0.14,1577229,0.96,36.6,14.3,2.8,-0.74,0,0.13,0.22,-0.09
Day-175,meta-llama/Llama-3.1-8B-Instruct,ENTJ,memory,crash,123,0.95,stabilization,57.25,62.173378871954306,6052.437680085616,0.0,105.71943546001076,BUY,1.0,"The trend is up, with SMA20 and SMA60 both above the current price. The RSI is below 50, indicating a potential buying opportunity. The momentum is strong, and the price is relatively low compared to the trend.",58.82,59.07,47.8,-0.274,1526205,0.94,36.4,13.8,2.9,-0.43,0,-0.07,0.1,-0.17
Day-176,meta-llama/Llama-3.1-8B-Instruct,ENTJ,memory,crash,123,0.95,stabilization,60.82,62.92934355644094,6429.856064677854,0.0,105.71943546001076,BUY,0.5,"The trend is up, with SMA20 below SMA60, indicating a short-term uptrend. RSI is below 60, suggesting the stock is not overbought. The momentum is strong enough to justify a 50% allocation to this stock.",58.96,59.04,51.2,-0.0908,1663480,1.02,36.1,14.5,2.76,-0.13,0,1.0,0.27,0.73
Day-177,meta-llama/Llama-3.1-8B-Instruct,ENTJ,memory,crash,123,0.95,stabilization,59.23,63.103035665754646,6261.762162296437,0.0,105.71943546001076,BUY,0.5,"The trend is up, indicated by the positive SMA20/60 difference, and the RSI is below 60, suggesting the stock is undervalued. The P/E ratio is relatively low, indicating potential for growth. The Implied Volatility is high, but the trend is strong enough to justify a buy.",59.06,59.02,51.1,-0.0731,1258278,0.78,35.8,14.1,2.84,0.08,0,-0.12,0.2,-0.32
Day-178,meta-llama/Llama-3.1-8B-Instruct,ENTJ,memory,crash,123,0.95,stabilization,60.22,62.817422995602236,6366.4244034018475,0.0,105.71943546001076,BUY,0.1,"The trend is slightly up, with SMA20/60 at 0, indicating a neutral trend. However, the RSI is at 49.5, which is below 50, suggesting the stock may be undervalued. Given the momentum commander mandate, I will take a calculated risk and buy in.",59.05,58.97,49.5,0.0204,1187681,0.74,35.6,14.4,2.78,0.15,0,-0.01,0.19,-0.2
Day-179,meta-llama/Llama-3.1-8B-Instruct,ENTJ,memory,crash,123,0.95,stabilization,60.07,62.64161309024244,6350.566488082846,0.0,105.71943546001076,BUY,0.5,"The trend is up, with SMA20 above SMA60, and the RSI is below 60, indicating a potential buying opportunity. The price is at $60.07, and the momentum is strong. I will buy 50% of the portfolio to chase the big wins.",59.24,58.91,53.0,0.0821,1738965,1.07,35.3,14.4,2.78,0.56,0,-0.73,0.01,-0.74
Day-180,meta-llama/Llama-3.1-8B-Instruct,ENTJ,memory,crash,123,0.95,stabilization,57.92,62.73160214329972,6123.269701843823,0.0,105.71943546001076,BUY,1.0,"The trend is up, with SMA20/60 above price and a slight positive slope. RSI is below 50, indicating a potential buying opportunity. Momentum is strong, and the price is near a support level, making it a good time to enter the trade.",59.27,58.81,47.3,-0.0427,1461079,0.92,35.1,13.8,2.89,0.77,0,0.33,0.09,0.24
Day-181,meta-llama/Llama-3.1-8B-Instruct,ENTJ,memory,crash,123,0.95,stabilization,60.84,62.79833255803079,6431.9704533870545,0.0,105.71943546001076,BUY,0.5,"The trend is up, with SMA20 above SMA60, indicating a bullish momentum. The RSI is below 50, suggesting there's room for further growth. The price is at $60.84, which is above the trend line, making it a good entry point.",59.38,58.82,47.9,0.0935,1351618,0.86,34.8,14.5,2.75,0.96,0,-0.17,-0.14,-0.03
Day-182,meta-llama/Llama-3.1-8B-Instruct,ENTJ,memory,crash,123,0.95,stabilization,58.86,63.548127192145,6222.645971176233,0.0,105.71943546001076,BUY,0.5,"The trend is slightly up, with SMA20 above SMA60, and RSI is below 60, indicating a potential buying opportunity. Implied volatility is relatively high, which could lead to increased price movement. I will buy 50% of the portfolio to capitalize on this momentum.",59.32,58.77,51.1,0.0409,1364640,0.87,34.6,13.9,2.88,0.93,0,-0.02,-0.12,0.1
Day-183,meta-llama/Llama-3.1-8B-Instruct,ENTJ,memory,crash,123,0.95,stabilization,59.09,64.26580365702348,6246.961441332036,0.0,105.71943546001076,BUY,0.5,"The short-term and long-term trend indicators are neutral, but the RSI is below 50, indicating a potential buying opportunity. The P/E ratio is relatively low, suggesting undervaluation. The momentum commander mandate dictates buying in this scenario.",59.35,58.81,47.6,0.0179,1603893,1.02,34.3,13.8,2.9,0.92,0,-0.16,-0.15,-0.01
Day-184,meta-llama/Llama-3.1-8B-Instruct,ENTJ,memory,crash,123,0.95,stabilization,59.58,64.10633569390235,6298.763964707441,0.0,105.71943546001076,BUY,0.5,"The short-term and long-term trends are aligned, with the SMA20 above SMA60, indicating a positive momentum. The RSI is below 50, suggesting the stock is undervalued and due for a bounce. The Implied Volatility is relatively high, which may indicate a potential for significant price movement.",59.3,58.84,49.3,0.0382,1352701,0.87,34.1,13.9,2.87,0.77,0,-0.04,-0.01,-0.03
Day-185,meta-llama/Llama-3.1-8B-Instruct,ENTJ,memory,crash,123,0.95,stabilization,60.14,63.852014629809254,6357.966848565047,0.0,105.71943546001076,BUY,0.5,"The trend is up, with SMA20 above SMA60, and the RSI is in the neutral zone. The price is slightly above the trend line, indicating a potential buying opportunity. As a momentum commander, I will take advantage of this trend to grow my portfolio.",59.39,58.89,59.7,0.0987,1561154,1.01,33.8,14.1,2.83,0.85,0,-0.09,-0.09,0.01
Day-186,meta-llama/Llama-3.1-8B-Instruct,ENTJ,memory,crash,123,0.95,stabilization,59.63,62.59348732777532,6304.049936480442,0.0,105.71943546001076,BUY,0.5,"The short-term and long-term trends are neutral, but the RSI is below 55, indicating a potential buying opportunity. The price is above the SMA20 and SMA60, and the P/E ratio is relatively low. The momentum commander mandate suggests buying into a potential uptrend.",59.39,58.93,53.3,0.104,1365004,0.9,33.6,14.3,2.8,0.79,0,-0.01,-0.06,0.05
Day-187,meta-llama/Llama-3.1-8B-Instruct,ENTJ,memory,crash,123,0.95,stabilization,58.06,62.33902712111421,6138.070422808225,0.0,105.71943546001076,BUY,0.5,"The trend is up, with the SMA20 above the SMA60, and the RSI is below 50, indicating a potential buying opportunity. The price is slightly below the trend, making it a good entry point. Momentum is strong, and I'm confident in the potential for growth.",59.19,58.95,43.9,-0.0178,1578704,1.03,33.3,14.0,2.86,0.41,0,-0.02,-0.06,0.05
Day-188,meta-llama/Llama-3.1-8B-Instruct,ENTJ,memory,crash,123,0.95,stabilization,59.89,61.869998268072074,6331.536989700045,0.0,105.71943546001076,BUY,0.5,"The short-term and long-term trends are neutral, but the RSI is below 55, indicating a potential oversold condition. The price is near the SMA20, suggesting a possible bounce. Given the momentum commander mandate, I will take a calculated risk and buy in anticipation of a trend reversal.",59.27,58.96,52.1,0.033,1143671,0.77,33.1,14.5,2.75,0.53,0,-0.05,-0.04,-0.01
Day-189,meta-llama/Llama-3.1-8B-Instruct,ENTJ,memory,crash,123,0.95,stabilization,59.0,61.712586039024664,6237.446692140635,0.0,105.71943546001076,BUY,0.5,"The trend is up, with the SMA20 above SMA60, indicating a positive momentum. The RSI is at 54.5, which is not overbought, and the price is $59.00, close to the SMA20. This is a good opportunity to buy and ride the trend.",59.21,58.92,54.5,0.0014,1356209,0.91,32.8,14.3,2.79,0.48,0,-0.05,-0.04,-0.01
Day-190,meta-llama/Llama-3.1-8B-Instruct,ENTJ,memory,crash,123,0.95,stabilization,57.79,61.92837816019972,6109.526175234021,0.0,105.71943546001076,BUY,0.5,"The trend is up, with SMA20/60 at 0, indicating a strong upward momentum. RSI is below 50, suggesting the stock is undervalued. The momentum commander mandate dictates buying in this scenario.",59.1,58.96,41.1,-0.1202,1337952,0.91,32.5,14.0,2.86,0.24,0,0.39,0.05,0.34
Day-191,meta-llama/Llama-3.1-8B-Instruct,ENTJ,memory,crash,123,0.95,stabilization,60.27,62.03697432479921,6371.710375174849,0.0,105.71943546001076,BUY,0.5,"The trend is up, indicated by the positive slope of the SMA20/60. The RSI is at 52.9, which is not overbought, and the price is above the SMA20/60. This is a favorable setup for a momentum trade.",59.32,59.02,52.9,-0.0163,1218515,0.84,32.3,14.6,2.74,0.51,0,0.26,0.11,0.16
Day-192,meta-llama/Llama-3.1-8B-Instruct,ENTJ,memory,crash,123,0.95,stabilization,60.68,62.04199032127544,6415.055343713453,0.0,105.71943546001076,BUY,1.0,"The trend is up, with SMA20/60 indicating a positive momentum. RSI is below 60, indicating a potential buying opportunity. The price is below the SMA20/60, but the overall trend is still up.",59.44,59.09,51.3,0.0981,1571590,1.09,32.0,14.7,2.73,0.61,0,0.27,0.17,0.1
Day-193,meta-llama/Llama-3.1-8B-Instruct,ENTJ,memory,crash,123,0.95,stabilization,58.91,62.1617813768197,6227.931942949233,0.0,105.71943546001076,BUY,0.5,"The trend is up, with the SMA20/60 above the price, indicating a strong upward momentum. The RSI is below 50, suggesting the stock is undervalued. The Implied Volatility is relatively high, which could lead to significant price movements.",59.37,59.06,46.9,0.045,1538680,1.07,31.8,14.2,2.81,0.51,0,-0.22,0.13,-0.35
Day-194,meta-llama/Llama-3.1-8B-Instruct,ENTJ,memory,crash,123,0.95,stabilization,58.69,62.1187224902042,6204.673667148031,0.0,105.71943546001076,BUY,0.5,"The trend is up, with SMA20 above SMA60, indicating a strong upward momentum. The RSI is below 70, suggesting the stock is not overbought. The price is slightly below the trend line, making it a good entry point.",59.35,59.07,52.3,-0.0142,1283923,0.9,31.5,14.2,2.82,0.47,0,0.38,0.22,0.16
Day-195,meta-llama/Llama-3.1-8B-Instruct,ENTJ,memory,crash,123,0.95,stabilization,56.46,62.23723195647594,5968.919326072208,0.0,105.71943546001076,BUY,1.0,"The trend is up, with a positive difference between SMA20 and SMA60, and the RSI is below 50, indicating a potential buying opportunity. The price is slightly below the trend, making it a good entry point. Momentum is strong, and the risk-reward ratio is favorable.",59.31,59.07,36.6,-0.2381,1093011,0.78,31.3,13.6,2.94,0.4,0,0.34,0.21,0.13
Day-196,meta-llama/Llama-3.1-8B-Instruct,ENTJ,memory,crash,123,0.95,stabilization,57.0,60.64170445251628,6026.007821220614,0.0,105.71943546001076,BUY,0.5,"The trend is up, with the SMA20/60 indicating a slight uptrend. The RSI is below 50, indicating a potential buying opportunity. The momentum is strong enough to justify a 50% allocation to this trade.",59.12,59.03,43.8,-0.3682,1140794,0.83,31.0,14.1,2.84,0.15,0,-0.17,0.12,-0.29
Day-197,meta-llama/Llama-3.1-8B-Instruct,ENTJ,memory,crash,123,0.95,stabilization,57.06,60.52705770764091,6032.350987348214,0.0,105.71943546001076,BUY,0.5,"The trend is flat, but the price is below the SMA20 and SMA60, indicating a potential buying opportunity. The RSI is below 50, suggesting the stock is undervalued. Given the momentum commander mandate, I will take a calculated risk and buy 50% of the portfolio.",59.01,58.99,43.1,-0.4607,1164620,0.85,30.8,14.1,2.83,0.04,0,0.46,0.16,0.3
Day-198,meta-llama/Llama-3.1-8B-Instruct,ENTJ,memory,crash,123,0.95,stabilization,57.84,60.491632347114404,6114.812147007023,0.0,105.71943546001076,BUY,1.0,"The trend is up, with SMA20/60 at 0, indicating a strong upward momentum. The RSI is below 50, suggesting the stock is undervalued and due for a bounce. The momentum commander mandate dictates buying into this trend.",58.89,58.94,44.2,-0.4664,1263162,0.92,30.5,14.3,2.79,-0.08,0,-0.2,0.16,-0.37
Day-199,meta-llama/Llama-3.1-8B-Instruct,ENTJ,memory,crash,123,0.95,stabilization,57.07,60.341001489011106,6033.408181702814,0.0,105.71943546001076,BUY,0.5,"The trend is up, with SMA20/60 at 0, indicating a strong upward momentum. The RSI is below 50, suggesting the stock is undervalued and due for a bounce. The price is $57.07, which is below the trend line, making it a good entry point.",58.74,58.91,39.9,-0.5264,1179096,0.88,30.3,14.2,2.82,-0.29,0,-0.55,-0.03,-0.53
Day-200,meta-llama/Llama-3.1-8B-Instruct,ENTJ,memory,crash,123,0.95,stabilization,57.61,60.25202835795964,6090.4966768512195,0.0,105.71943546001076,BUY,0.5,"The trend is up, with the SMA20 and SMA60 both above the current price, indicating a strong upward momentum. The RSI is below 50, suggesting the stock is undervalued and due for a bounce. The momentum commander mandate dictates buying into an uptrend.",58.72,58.82,43.4,-0.5249,1387068,1.03,30.0,14.3,2.79,-0.17,0,0.33,-0.03,0.36
